DHSYEAR,hv001,LATNUM,LONGNUM,GID_1,NAME_1,GID_2,NAME_2,GID_3,NAME_3,assigned_by_nearest,dist_border_km,in_matched_sample,region_id,district_id,border_5km
1997,1,-18.9200979761,47.5133201003,MDG.1_1,Antananarivo,MDG.1.1_1,Analamanga,MDG.1.1.7_1,Antananarivo renivohitra,FALSE,1.8168752881649843,FALSE,MDG.1.1_1,MDG.1.1.7_1,TRUE
1997,2,-18.9027649416,47.509397737,MDG.1_1,Antananarivo,MDG.1.1_1,Analamanga,MDG.1.1.7_1,Antananarivo renivohitra,FALSE,1.2930354865955211,FALSE,MDG.1.1_1,MDG.1.1.7_1,TRUE
1997,3,-18.9032875455,47.5014116719,MDG.1_1,Antananarivo,MDG.1.1_1,Analamanga,MDG.1.1.7_1,Antananarivo renivohitra,FALSE,0.48676240292523937,FALSE,MDG.1.1_1,MDG.1.1.7_1,TRUE
1997,4,-18.8909590793,47.5172013461,MDG.1_1,Antananarivo,MDG.1.1_1,Analamanga,MDG.1.1.7_1,Antananarivo renivohitra,FALSE,2.421107454821268,FALSE,MDG.1.1_1,MDG.1.1.7_1,TRUE
1997,5,-18.881667816,47.5471860996,MDG.1_1,Antananarivo,MDG.1.1_1,Analamanga,MDG.1.1.7_1,Antananarivo renivohitra,FALSE,0.8342843618348172,FALSE,MDG.1.1_1,MDG.1.1.7_1,TRUE
1997,7,-18.8837190931,47.5130576356,MDG.1_1,Antananarivo,MDG.1.1_1,Analamanga,MDG.1.1.7_1,Antananarivo renivohitra,FALSE,2.33734610460094,FALSE,MDG.1.1_1,MDG.1.1.7_1,TRUE
1997,8,-18.9361647603,47.5175773308,MDG.1_1,Antananarivo,MDG.1.1_1,Analamanga,MDG.1.1.7_1,Antananarivo renivohitra,FALSE,1.0866631949565446,FALSE,MDG.1.1_1,MDG.1.1.7_1,TRUE
1997,9,-18.9252996072,47.5227184286,MDG.1_1,Antananarivo,MDG.1.1_1,Analamanga,MDG.1.1.7_1,Antananarivo renivohitra,FALSE,2.3382481894531,FALSE,MDG.1.1_1,MDG.1.1.7_1,TRUE
1997,10,-18.9363626238,47.5183896576,MDG.1_1,Antananarivo,MDG.1.1_1,Analamanga,MDG.1.1.7_1,Antananarivo renivohitra,FALSE,1.073202316508422,FALSE,MDG.1.1_1,MDG.1.1.7_1,TRUE
1997,11,-18.866682988,47.5174965334,MDG.1_1,Antananarivo,MDG.1.1_1,Analamanga,MDG.1.1.7_1,Antananarivo renivohitra,FALSE,1.8913919088917988,FALSE,MDG.1.1_1,MDG.1.1.7_1,TRUE
1997,12,-18.9039071275,47.5563866868,MDG.1_1,Antananarivo,MDG.1.1_1,Analamanga,MDG.1.1.7_1,Antananarivo renivohitra,FALSE,1.4248913421700435,FALSE,MDG.1.1_1,MDG.1.1.7_1,TRUE
1997,13,-18.8602319437,47.4897731641,MDG.1_1,Antananarivo,MDG.1.1_1,Analamanga,MDG.1.1.7_1,Antananarivo renivohitra,FALSE,1.1014086937160321,FALSE,MDG.1.1_1,MDG.1.1.7_1,TRUE
1997,14,-18.8743824734,47.5066718665,MDG.1_1,Antananarivo,MDG.1.1_1,Analamanga,MDG.1.1.7_1,Antananarivo renivohitra,FALSE,2.362547121516576,FALSE,MDG.1.1_1,MDG.1.1.7_1,TRUE
1997,15,-18.9070145153,47.5104795567,MDG.1_1,Antananarivo,MDG.1.1_1,Analamanga,MDG.1.1.7_1,Antananarivo renivohitra,FALSE,1.2630749912577195,FALSE,MDG.1.1_1,MDG.1.1.7_1,TRUE
1997,16,-18.9350428249,47.5223741836,MDG.1_1,Antananarivo,MDG.1.1_1,Analamanga,MDG.1.1.7_1,Antananarivo renivohitra,FALSE,1.2775265876237418,FALSE,MDG.1.1_1,MDG.1.1.7_1,TRUE
1997,17,-18.9181236737,47.5534997343,MDG.1_1,Antananarivo,MDG.1.1_1,Analamanga,MDG.1.1.7_1,Antananarivo renivohitra,FALSE,1.7604162399949594,FALSE,MDG.1.1_1,MDG.1.1.7_1,TRUE
1997,18,-18.8896472655,47.5173352883,MDG.1_1,Antananarivo,MDG.1.1_1,Analamanga,MDG.1.1.7_1,Antananarivo renivohitra,FALSE,2.4834851051553355,FALSE,MDG.1.1_1,MDG.1.1.7_1,TRUE
1997,19,-18.9287284472,47.5078326971,MDG.1_1,Antananarivo,MDG.1.1_1,Analamanga,MDG.1.1.7_1,Antananarivo renivohitra,FALSE,1.150236211157707,FALSE,MDG.1.1_1,MDG.1.1.7_1,TRUE
1997,20,-18.8834890077,47.5164812251,MDG.1_1,Antananarivo,MDG.1.1_1,Analamanga,MDG.1.1.7_1,Antananarivo renivohitra,FALSE,2.666547654539947,FALSE,MDG.1.1_1,MDG.1.1.7_1,TRUE
1997,21,-18.8929372123,47.5222309453,MDG.1_1,Antananarivo,MDG.1.1_1,Analamanga,MDG.1.1.7_1,Antananarivo renivohitra,FALSE,2.8589164304310697,FALSE,MDG.1.1_1,MDG.1.1.7_1,TRUE
1997,22,-18.9035259459,47.5627984326,MDG.1_1,Antananarivo,MDG.1.1_1,Analamanga,MDG.1.1.7_1,Antananarivo renivohitra,FALSE,0.7738996884543174,FALSE,MDG.1.1_1,MDG.1.1.7_1,TRUE
1997,23,-19.0047274017,48.0025222286,MDG.5_1,Toamasina,MDG.5.1_1,Alaotra-Mangoro,MDG.5.1.5_1,Moramanga,FALSE,6.762094937937809,FALSE,MDG.5.1_1,MDG.5.1.5_1,FALSE
1997,24,-18.8687963717,47.4913708066,MDG.1_1,Antananarivo,MDG.1.1_1,Analamanga,MDG.1.1.7_1,Antananarivo renivohitra,FALSE,1.5796042252369622,FALSE,MDG.1.1_1,MDG.1.1.7_1,TRUE
1997,25,-18.8743693811,47.5006152896,MDG.1_1,Antananarivo,MDG.1.1_1,Analamanga,MDG.1.1.7_1,Antananarivo renivohitra,FALSE,1.884112605818758,FALSE,MDG.1.1_1,MDG.1.1.7_1,TRUE
1997,26,-18.8838125161,47.5044768376,MDG.1_1,Antananarivo,MDG.1.1_1,Analamanga,MDG.1.1.7_1,Antananarivo renivohitra,FALSE,1.5721003669473967,FALSE,MDG.1.1_1,MDG.1.1.7_1,TRUE
1997,27,-18.9119110469,47.5213440004,MDG.1_1,Antananarivo,MDG.1.1_1,Analamanga,MDG.1.1.7_1,Antananarivo renivohitra,FALSE,2.409857613574727,FALSE,MDG.1.1_1,MDG.1.1.7_1,TRUE
1997,28,-18.9009624105,47.5312827301,MDG.1_1,Antananarivo,MDG.1.1_1,Analamanga,MDG.1.1.7_1,Antananarivo renivohitra,FALSE,3.181123389452848,FALSE,MDG.1.1_1,MDG.1.1.7_1,TRUE
1997,29,-18.926872693,47.5419578346,MDG.1_1,Antananarivo,MDG.1.1_1,Analamanga,MDG.1.1.7_1,Antananarivo renivohitra,FALSE,1.4369205427763108,FALSE,MDG.1.1_1,MDG.1.1.7_1,TRUE
1997,30,-18.9287568178,47.548801935,MDG.1_1,Antananarivo,MDG.1.1_1,Analamanga,MDG.1.1.7_1,Antananarivo renivohitra,FALSE,0.9644676988951284,FALSE,MDG.1.1_1,MDG.1.1.7_1,TRUE
1997,31,-18.8947487348,47.5245472336,MDG.1_1,Antananarivo,MDG.1.1_1,Analamanga,MDG.1.1.7_1,Antananarivo renivohitra,FALSE,3.0432713977122883,FALSE,MDG.1.1_1,MDG.1.1.7_1,TRUE
1997,32,-18.8846299466,47.5357933221,MDG.1_1,Antananarivo,MDG.1.1_1,Analamanga,MDG.1.1.7_1,Antananarivo renivohitra,FALSE,1.8868033378303652,FALSE,MDG.1.1_1,MDG.1.1.7_1,TRUE
1997,33,-18.8893032708,47.5427239213,MDG.1_1,Antananarivo,MDG.1.1_1,Analamanga,MDG.1.1.7_1,Antananarivo renivohitra,FALSE,1.6331240254407122,FALSE,MDG.1.1_1,MDG.1.1.7_1,TRUE
1997,34,-18.9384479893,47.519918533,MDG.1_1,Antananarivo,MDG.1.1_1,Analamanga,MDG.1.1.7_1,Antananarivo renivohitra,FALSE,0.8542037266918769,FALSE,MDG.1.1_1,MDG.1.1.7_1,TRUE
1997,35,-18.8891562441,47.5459777896,MDG.1_1,Antananarivo,MDG.1.1_1,Analamanga,MDG.1.1.7_1,Antananarivo renivohitra,FALSE,1.2935455865172132,FALSE,MDG.1.1_1,MDG.1.1.7_1,TRUE
1997,36,-18.8730100991,47.5222326946,MDG.1_1,Antananarivo,MDG.1.1_1,Analamanga,MDG.1.1.7_1,Antananarivo renivohitra,FALSE,2.2259937958455285,FALSE,MDG.1.1_1,MDG.1.1.7_1,TRUE
1997,37,-18.8787836874,47.5717328414,MDG.1_1,Antananarivo,MDG.1.1_1,Analamanga,MDG.1.1.5_1,Antananarivo-Nord,FALSE,1.4066762613964254,FALSE,MDG.1.1_1,MDG.1.1.5_1,TRUE
1997,38,-18.8934467487,47.5442379284,MDG.1_1,Antananarivo,MDG.1.1_1,Analamanga,MDG.1.1.7_1,Antananarivo renivohitra,FALSE,1.5981523711608876,FALSE,MDG.1.1_1,MDG.1.1.7_1,TRUE
1997,39,-18.9055520126,47.5127566445,MDG.1_1,Antananarivo,MDG.1.1_1,Analamanga,MDG.1.1.7_1,Antananarivo renivohitra,FALSE,1.528342158311037,FALSE,MDG.1.1_1,MDG.1.1.7_1,TRUE
1997,40,-18.9128357163,47.5170720819,MDG.1_1,Antananarivo,MDG.1.1_1,Analamanga,MDG.1.1.7_1,Antananarivo renivohitra,FALSE,1.9822581374014692,FALSE,MDG.1.1_1,MDG.1.1.7_1,TRUE
1997,41,-18.9071708563,47.5115545446,MDG.1_1,Antananarivo,MDG.1.1_1,Analamanga,MDG.1.1.7_1,Antananarivo renivohitra,FALSE,1.37280311766365,FALSE,MDG.1.1_1,MDG.1.1.7_1,TRUE
1997,42,-18.9200662034,47.5309350824,MDG.1_1,Antananarivo,MDG.1.1_1,Analamanga,MDG.1.1.7_1,Antananarivo renivohitra,FALSE,2.745088048104309,FALSE,MDG.1.1_1,MDG.1.1.7_1,TRUE
1997,43,-18.8919931629,47.5257885767,MDG.1_1,Antananarivo,MDG.1.1_1,Analamanga,MDG.1.1.7_1,Antananarivo renivohitra,FALSE,3.21515145785635,FALSE,MDG.1.1_1,MDG.1.1.7_1,TRUE
1997,44,-18.9245934,47.5284869028,MDG.1_1,Antananarivo,MDG.1.1_1,Analamanga,MDG.1.1.7_1,Antananarivo renivohitra,FALSE,2.5545399328062697,FALSE,MDG.1.1_1,MDG.1.1.7_1,TRUE
1997,45,-18.9163467587,47.5622102552,MDG.1_1,Antananarivo,MDG.1.1_1,Analamanga,MDG.1.1.7_1,Antananarivo renivohitra,FALSE,1.3017412336440977,FALSE,MDG.1.1_1,MDG.1.1.7_1,TRUE
1997,46,-18.9046184904,47.5433536965,MDG.1_1,Antananarivo,MDG.1.1_1,Analamanga,MDG.1.1.7_1,Antananarivo renivohitra,FALSE,2.340371031506043,FALSE,MDG.1.1_1,MDG.1.1.7_1,TRUE
1997,47,-18.8975059539,47.5311604284,MDG.1_1,Antananarivo,MDG.1.1_1,Analamanga,MDG.1.1.7_1,Antananarivo renivohitra,FALSE,3.047729223544169,FALSE,MDG.1.1_1,MDG.1.1.7_1,TRUE
1997,48,-18.8945043012,47.5204830648,MDG.1_1,Antananarivo,MDG.1.1_1,Analamanga,MDG.1.1.7_1,Antananarivo renivohitra,FALSE,2.6345861574258103,FALSE,MDG.1.1_1,MDG.1.1.7_1,TRUE
1997,49,-18.8909522907,47.5353626838,MDG.1_1,Antananarivo,MDG.1.1_1,Analamanga,MDG.1.1.7_1,Antananarivo renivohitra,FALSE,2.410012887456903,FALSE,MDG.1.1_1,MDG.1.1.7_1,TRUE
1997,50,-18.9431792108,47.5211779118,MDG.1_1,Antananarivo,MDG.1.1_1,Analamanga,MDG.1.1.7_1,Antananarivo renivohitra,FALSE,0.3860204186194672,FALSE,MDG.1.1_1,MDG.1.1.7_1,TRUE
1997,51,-19.9042752677,47.0005891072,MDG.1_1,Antananarivo,MDG.1.4_1,Vakinankaratra,MDG.1.4.4_1,Antsirabe Urban,FALSE,0.8110066939143712,FALSE,MDG.1.4_1,MDG.1.4.4_1,TRUE
1997,52,-19.8789571044,47.0472667127,MDG.1_1,Antananarivo,MDG.1.4_1,Vakinankaratra,MDG.1.4.4_1,Antsirabe Urban,FALSE,3.5799710204819983,FALSE,MDG.1.4_1,MDG.1.4.4_1,TRUE
1997,53,-19.8868217818,47.0249086358,MDG.1_1,Antananarivo,MDG.1.4_1,Vakinankaratra,MDG.1.4.4_1,Antsirabe Urban,FALSE,3.618031489002494,FALSE,MDG.1.4_1,MDG.1.4.4_1,TRUE
1997,54,-19.0189147158,47.2169045084,MDG.1_1,Antananarivo,MDG.1.3_1,Itasy,MDG.1.3.1_1,Arivonimamo,FALSE,10.860419755026399,FALSE,MDG.1.3_1,MDG.1.3.1_1,FALSE
1997,55,-19.8387475039,46.857697943,MDG.1_1,Antananarivo,MDG.1.4_1,Vakinankaratra,MDG.1.4.5_1,Betafo,FALSE,7.589824301659847,FALSE,MDG.1.4_1,MDG.1.4.5_1,FALSE
1997,56,-19.0951766854,46.7671124429,MDG.1_1,Antananarivo,MDG.1.3_1,Itasy,MDG.1.3.3_1,Soavinandriana,FALSE,2.136791378556769,FALSE,MDG.1.3_1,MDG.1.3.3_1,TRUE
1997,57,-19.7017239426,47.3175252553,MDG.1_1,Antananarivo,MDG.1.4_1,Vakinankaratra,MDG.1.4.2_1,Antanifotsy,FALSE,6.364738192975051,FALSE,MDG.1.4_1,MDG.1.4.2_1,FALSE
1997,58,-19.3924606701,46.9714769999,MDG.1_1,Antananarivo,MDG.1.4_1,Vakinankaratra,MDG.1.4.6_1,Faratsiho,FALSE,10.750433404852219,FALSE,MDG.1.4_1,MDG.1.4.6_1,FALSE
1997,59,-18.8160997923,47.497064931,MDG.1_1,Antananarivo,MDG.1.1_1,Analamanga,MDG.1.1.1_1,Ambohidratrimo,FALSE,2.022510887694889,FALSE,MDG.1.1_1,MDG.1.1.1_1,TRUE
1997,60,-18.8611582306,47.6183695135,MDG.1_1,Antananarivo,MDG.1.1_1,Analamanga,MDG.1.1.5_1,Antananarivo-Nord,FALSE,4.972739108244023,FALSE,MDG.1.1_1,MDG.1.1.5_1,TRUE
1997,61,-18.8035144631,47.5139812767,MDG.1_1,Antananarivo,MDG.1.1_1,Analamanga,MDG.1.1.1_1,Ambohidratrimo,FALSE,0.99985914290746,FALSE,MDG.1.1_1,MDG.1.1.1_1,TRUE
1997,62,-18.737092274,47.3381744675,MDG.1_1,Antananarivo,MDG.1.1_1,Analamanga,MDG.1.1.1_1,Ambohidratrimo,FALSE,6.287737466936082,TRUE,MDG.1.1_1,MDG.1.1.1_1,FALSE
1997,63,-18.4127065416,47.0908894198,MDG.1_1,Antananarivo,MDG.1.1_1,Analamanga,MDG.1.1.4_1,Ankazobe,FALSE,16.85460582038504,TRUE,MDG.1.1_1,MDG.1.1.4_1,FALSE
1997,64,-19.2441961034,47.262487305,MDG.1_1,Antananarivo,MDG.1.3_1,Itasy,MDG.1.3.1_1,Arivonimamo,FALSE,3.5671079831708665,TRUE,MDG.1.3_1,MDG.1.3.1_1,TRUE
1997,65,-18.950684275,47.3692107472,MDG.1_1,Antananarivo,MDG.1.3_1,Itasy,MDG.1.3.1_1,Arivonimamo,FALSE,4.060885531750931,FALSE,MDG.1.3_1,MDG.1.3.1_1,TRUE
1997,66,-19.2707405038,47.3971699046,MDG.1_1,Antananarivo,MDG.1.3_1,Itasy,MDG.1.3.1_1,Arivonimamo,FALSE,1.0540591666043866,TRUE,MDG.1.3_1,MDG.1.3.1_1,TRUE
1997,67,-19.1417652782,47.812820324,MDG.1_1,Antananarivo,MDG.1.1_1,Analamanga,MDG.1.1.8_1,Manjakandriana,FALSE,1.524345388963784,TRUE,MDG.1.1_1,MDG.1.1.8_1,TRUE
1997,68,-18.285273831,47.6019742662,MDG.1_1,Antananarivo,MDG.1.1_1,Analamanga,MDG.1.1.3_1,Anjozorobe,FALSE,13.702367333105839,TRUE,MDG.1.1_1,MDG.1.1.3_1,FALSE
1997,69,-19.7177192848,46.9351274157,MDG.1_1,Antananarivo,MDG.1.4_1,Vakinankaratra,MDG.1.4.5_1,Betafo,FALSE,4.333698278904569,TRUE,MDG.1.4_1,MDG.1.4.5_1,TRUE
1997,70,-19.582904289,46.5243526825,MDG.1_1,Antananarivo,MDG.1.4_1,Vakinankaratra,MDG.1.4.5_1,Betafo,FALSE,15.72342225645081,TRUE,MDG.1.4_1,MDG.1.4.5_1,FALSE
1997,71,-19.4229614622,47.4943660529,MDG.1_1,Antananarivo,MDG.1.4_1,Vakinankaratra,MDG.1.4.1_1,Ambatolampy,FALSE,8.807853142871078,TRUE,MDG.1.4_1,MDG.1.4.1_1,FALSE
1997,72,-19.5773959682,47.5615426624,MDG.1_1,Antananarivo,MDG.1.4_1,Vakinankaratra,MDG.1.4.2_1,Antanifotsy,FALSE,2.756251334416034,TRUE,MDG.1.4_1,MDG.1.4.2_1,TRUE
1997,73,-19.0589620835,46.4517450959,MDG.1_1,Antananarivo,MDG.1.2_1,Bongolava,MDG.1.2.2_1,Tsiroanomandidy,FALSE,2.5680495869891526,TRUE,MDG.1.2_1,MDG.1.2.2_1,TRUE
1997,74,-18.5639914639,45.870725312,MDG.1_1,Antananarivo,MDG.1.2_1,Bongolava,MDG.1.2.2_1,Tsiroanomandidy,FALSE,11.952158553310712,TRUE,MDG.1.2_1,MDG.1.2.2_1,FALSE
1997,75,-18.9621255405,46.7806172723,MDG.1_1,Antananarivo,MDG.1.3_1,Itasy,MDG.1.3.2_1,Miarinarivo,FALSE,8.125959124061817,TRUE,MDG.1.3_1,MDG.1.3.2_1,FALSE
1997,76,-19.0479193344,46.7598513445,MDG.1_1,Antananarivo,MDG.1.3_1,Itasy,MDG.1.3.3_1,Soavinandriana,FALSE,1.1420948262448036,TRUE,MDG.1.3_1,MDG.1.3.3_1,TRUE
1997,77,-19.7514325009,47.4174530621,MDG.1_1,Antananarivo,MDG.1.4_1,Vakinankaratra,MDG.1.4.2_1,Antanifotsy,FALSE,6.094157559355867,TRUE,MDG.1.4_1,MDG.1.4.2_1,FALSE
1997,78,-19.5692242131,47.5571447916,MDG.1_1,Antananarivo,MDG.1.4_1,Vakinankaratra,MDG.1.4.2_1,Antanifotsy,FALSE,2.142148821309534,TRUE,MDG.1.4_1,MDG.1.4.2_1,TRUE
1997,79,-19.2513539568,47.7481426693,MDG.1_1,Antananarivo,MDG.1.1_1,Analamanga,MDG.1.1.2_1,Andramasina,FALSE,10.984437817476035,TRUE,MDG.1.1_1,MDG.1.1.2_1,FALSE
1997,80,-19.2866447759,47.0276535839,MDG.1_1,Antananarivo,MDG.1.4_1,Vakinankaratra,MDG.1.4.6_1,Faratsiho,FALSE,3.3330538997789882,TRUE,MDG.1.4_1,MDG.1.4.6_1,TRUE
1997,81,-18.9225062159,47.4929228594,MDG.1_1,Antananarivo,MDG.1.1_1,Analamanga,MDG.1.1.7_1,Antananarivo renivohitra,FALSE,0.06668358793877277,FALSE,MDG.1.1_1,MDG.1.1.7_1,TRUE
1997,82,-18.9203456493,47.4579957429,MDG.1_1,Antananarivo,MDG.1.1_1,Analamanga,MDG.1.1.6_1,Antananarivo-Sud,FALSE,3.5609845964066156,FALSE,MDG.1.1_1,MDG.1.1.6_1,TRUE
1997,83,-19.034964875,47.4975124099,MDG.1_1,Antananarivo,MDG.1.1_1,Analamanga,MDG.1.1.6_1,Antananarivo-Sud,FALSE,5.399852288263157,FALSE,MDG.1.1_1,MDG.1.1.6_1,FALSE
1997,84,-19.7629454189,47.067542418,MDG.1_1,Antananarivo,MDG.1.4_1,Vakinankaratra,MDG.1.4.3_1,Antsirabe Rural,FALSE,7.918099263957065,FALSE,MDG.1.4_1,MDG.1.4.3_1,FALSE
1997,85,-19.9258109226,46.9695048945,MDG.1_1,Antananarivo,MDG.1.4_1,Vakinankaratra,MDG.1.4.3_1,Antsirabe Rural,FALSE,2.1669518536319217,TRUE,MDG.1.4_1,MDG.1.4.3_1,TRUE
1997,86,-19.6216660962,47.2169075249,MDG.1_1,Antananarivo,MDG.1.4_1,Vakinankaratra,MDG.1.4.2_1,Antanifotsy,FALSE,1.9403208023016818,FALSE,MDG.1.4_1,MDG.1.4.2_1,TRUE
1997,87,-21.4993127236,47.1050609497,MDG.3_1,Fianarantsoa,MDG.3.3_1,Haute matsiatra,MDG.3.3.3_1,Fianarantsoa Rural,FALSE,0.01848579004085623,FALSE,MDG.3.3_1,MDG.3.3.3_1,TRUE
1997,88,-21.4719308496,47.1046702545,MDG.3_1,Fianarantsoa,MDG.3.3_1,Haute matsiatra,MDG.3.3.4_1,Fianarantsoa Urban,FALSE,0.9069637099513508,FALSE,MDG.3.3_1,MDG.3.3.4_1,TRUE
1997,89,-20.301051527,46.7069197307,MDG.3_1,Fianarantsoa,MDG.3.1_1,Amoron'i mania,MDG.3.1.1_1,Ambatofinandrahana,FALSE,2.9883637559992606,FALSE,MDG.3.1_1,MDG.3.1.1_1,TRUE
1997,90,-20.1440514816,47.364781223,MDG.3_1,Fianarantsoa,MDG.3.1_1,Amoron'i mania,MDG.3.1.3_1,Fandriana,FALSE,9.198993664539447,FALSE,MDG.3.1_1,MDG.3.1.3_1,FALSE
1997,91,-20.525063434,48.5178850443,MDG.3_1,Fianarantsoa,MDG.3.5_1,Vatovavy Fitovinany,MDG.3.5.5_1,Nosy varika,FALSE,3.8379209141584343,FALSE,MDG.3.5_1,MDG.3.5.5_1,TRUE
1997,92,-22.1287116717,48.0240531484,MDG.3_1,Fianarantsoa,MDG.3.5_1,Vatovavy Fitovinany,MDG.3.5.3_1,Manakara-Sud,FALSE,0.23187321473553066,FALSE,MDG.3.5_1,MDG.3.5.3_1,TRUE
1997,93,-22.8234768455,47.8171451347,MDG.3_1,Fianarantsoa,MDG.3.2_1,Atsimo-Atsinana,MDG.3.2.2_1,Farafangana,FALSE,1.965926300688132,FALSE,MDG.3.2_1,MDG.3.2.2_1,TRUE
1997,94,-22.7617888712,47.2777369081,MDG.3_1,Fianarantsoa,MDG.3.2_1,Atsimo-Atsinana,MDG.3.2.5_1,Vondrozo,FALSE,6.174580937441019,FALSE,MDG.3.2_1,MDG.3.2.5_1,FALSE
1997,95,-20.4242076623,46.9132840763,MDG.3_1,Fianarantsoa,MDG.3.1_1,Amoron'i mania,MDG.3.1.1_1,Ambatofinandrahana,FALSE,6.037721921098931,TRUE,MDG.3.1_1,MDG.3.1.1_1,FALSE
1997,96,-21.0783068921,47.1108207149,MDG.3_1,Fianarantsoa,MDG.3.3_1,Haute matsiatra,MDG.3.3.2_1,Ambohimahasoa,FALSE,13.738153233039935,TRUE,MDG.3.3_1,MDG.3.3.2_1,FALSE
1997,97,-20.5998282144,47.3123831326,MDG.3_1,Fianarantsoa,MDG.3.1_1,Amoron'i mania,MDG.3.1.2_1,Ambositra,FALSE,10.803176374061394,TRUE,MDG.3.1_1,MDG.3.1.2_1,FALSE
1997,98,-20.6898727784,47.5552689669,MDG.3_1,Fianarantsoa,MDG.3.1_1,Amoron'i mania,MDG.3.1.2_1,Ambositra,FALSE,5.267775394562006,FALSE,MDG.3.1_1,MDG.3.1.2_1,FALSE
1997,99,-20.4479608828,47.3631232032,MDG.3_1,Fianarantsoa,MDG.3.1_1,Amoron'i mania,MDG.3.1.3_1,Fandriana,FALSE,4.770816303568447,TRUE,MDG.3.1_1,MDG.3.1.3_1,TRUE
1997,100,-21.9975480704,46.969551431,MDG.3_1,Fianarantsoa,MDG.3.3_1,Haute matsiatra,MDG.3.3.1_1,Ambalavao,FALSE,16.851865437823157,FALSE,MDG.3.3_1,MDG.3.3.1_1,FALSE
1997,101,-21.9841451157,47.1188209651,MDG.3_1,Fianarantsoa,MDG.3.3_1,Haute matsiatra,MDG.3.3.1_1,Ambalavao,FALSE,8.208889816748766,FALSE,MDG.3.3_1,MDG.3.3.1_1,FALSE
1997,102,-20.6604005069,47.7280667213,MDG.3_1,Fianarantsoa,MDG.3.5_1,Vatovavy Fitovinany,MDG.3.5.1_1,Ifanadiana,FALSE,5.629870995767602,TRUE,MDG.3.5_1,MDG.3.5.1_1,FALSE
1997,103,-20.4907553362,48.3316179677,MDG.3_1,Fianarantsoa,MDG.3.5_1,Vatovavy Fitovinany,MDG.3.5.5_1,Nosy varika,FALSE,11.959827729773881,TRUE,MDG.3.5_1,MDG.3.5.5_1,FALSE
1997,104,-20.8012221938,48.2153356928,MDG.3_1,Fianarantsoa,MDG.3.5_1,Vatovavy Fitovinany,MDG.3.5.5_1,Nosy varika,FALSE,1.2680278918609322,TRUE,MDG.3.5_1,MDG.3.5.5_1,TRUE
1997,105,-21.1222296234,47.0325248508,MDG.3_1,Fianarantsoa,MDG.3.3_1,Haute matsiatra,MDG.3.3.2_1,Ambohimahasoa,FALSE,4.300436638012267,TRUE,MDG.3.3_1,MDG.3.3.2_1,TRUE
1997,106,-21.2258165569,48.2726669547,MDG.3_1,Fianarantsoa,MDG.3.5_1,Vatovavy Fitovinany,MDG.3.5.4_1,Mananjary,FALSE,7.976036353276343,TRUE,MDG.3.5_1,MDG.3.5.4_1,FALSE
1997,107,-21.0010013808,47.0006411947,MDG.3_1,Fianarantsoa,MDG.3.3_1,Haute matsiatra,MDG.3.3.2_1,Ambohimahasoa,FALSE,3.17618756506439,TRUE,MDG.3.3_1,MDG.3.3.2_1,TRUE
1997,108,-22.0924924928,47.9599427464,MDG.3_1,Fianarantsoa,MDG.3.5_1,Vatovavy Fitovinany,MDG.3.5.3_1,Manakara-Sud,FALSE,7.851462201365924,TRUE,MDG.3.5_1,MDG.3.5.3_1,FALSE
1997,109,-22.1763484239,47.7032219922,MDG.3_1,Fianarantsoa,MDG.3.5_1,Vatovavy Fitovinany,MDG.3.5.3_1,Manakara-Sud,FALSE,4.441241644619968,TRUE,MDG.3.5_1,MDG.3.5.3_1,TRUE
1997,110,-21.6315363685,47.5595062728,MDG.3_1,Fianarantsoa,MDG.3.5_1,Vatovavy Fitovinany,MDG.3.5.2_1,Ikongo,FALSE,4.234926351790906,FALSE,MDG.3.5_1,MDG.3.5.2_1,TRUE
1997,111,-22.4028359163,47.8518966089,MDG.3_1,Fianarantsoa,MDG.3.5_1,Vatovavy Fitovinany,MDG.3.5.6_1,Vohipeno,FALSE,6.757403401797197,TRUE,MDG.3.5_1,MDG.3.5.6_1,FALSE
1997,112,-22.7143634309,47.7308074773,MDG.3_1,Fianarantsoa,MDG.3.2_1,Atsimo-Atsinana,MDG.3.2.2_1,Farafangana,FALSE,12.92425207137316,TRUE,MDG.3.2_1,MDG.3.2.2_1,FALSE
1997,113,-22.8646501905,47.6780679357,MDG.3_1,Fianarantsoa,MDG.3.2_1,Atsimo-Atsinana,MDG.3.2.2_1,Farafangana,FALSE,15.375444494359828,TRUE,MDG.3.2_1,MDG.3.2.2_1,FALSE
1997,114,-23.2422663668,47.5188919898,MDG.3_1,Fianarantsoa,MDG.3.2_1,Atsimo-Atsinana,MDG.3.2.4_1,Vangaindrano,FALSE,9.92650274619304,TRUE,MDG.3.2_1,MDG.3.2.4_1,FALSE
1997,115,-23.4174155411,47.2744257037,MDG.3_1,Fianarantsoa,MDG.3.2_1,Atsimo-Atsinana,MDG.3.2.4_1,Vangaindrano,FALSE,9.740759498877068,FALSE,MDG.3.2_1,MDG.3.2.4_1,FALSE
1997,116,-22.6373008929,46.0064280318,MDG.3_1,Fianarantsoa,MDG.3.4_1,Ihorombe,MDG.3.4.2_1,Ihosy,FALSE,5.342464676008004,FALSE,MDG.3.4_1,MDG.3.4.2_1,FALSE
1997,117,-22.4424036965,47.2850678357,MDG.3_1,Fianarantsoa,MDG.3.2_1,Atsimo-Atsinana,MDG.3.2.5_1,Vondrozo,FALSE,10.441993210964458,FALSE,MDG.3.2_1,MDG.3.2.5_1,FALSE
1997,118,-21.362076284,47.1217135927,MDG.3_1,Fianarantsoa,MDG.3.3_1,Haute matsiatra,MDG.3.3.3_1,Fianarantsoa Rural,FALSE,4.690005748059956,TRUE,MDG.3.3_1,MDG.3.3.3_1,TRUE
1997,119,-21.3020537858,47.258295349,MDG.3_1,Fianarantsoa,MDG.3.3_1,Haute matsiatra,MDG.3.3.3_1,Fianarantsoa Rural,FALSE,2.5824364714414187,FALSE,MDG.3.3_1,MDG.3.3.3_1,TRUE
1997,120,-21.6342493858,47.3067378399,MDG.3_1,Fianarantsoa,MDG.3.3_1,Haute matsiatra,MDG.3.3.3_1,Fianarantsoa Rural,FALSE,6.301454541256117,FALSE,MDG.3.3_1,MDG.3.3.3_1,FALSE
1997,121,-21.239764845,47.0049302959,MDG.3_1,Fianarantsoa,MDG.3.3_1,Haute matsiatra,MDG.3.3.3_1,Fianarantsoa Rural,FALSE,0.3143053460076897,TRUE,MDG.3.3_1,MDG.3.3.3_1,TRUE
1997,122,-22.7652015104,46.7727348314,MDG.3_1,Fianarantsoa,MDG.3.4_1,Ihorombe,MDG.3.4.1_1,Iakora,FALSE,0.2591686098745991,TRUE,MDG.3.4_1,MDG.3.4.1_1,TRUE
1997,123,-18.1685114297,49.4068602562,MDG.5_1,Toamasina,MDG.5.3_1,Atsinanana,MDG.5.3.5_1,Toamasina Rural,FALSE,0.02347312490541784,FALSE,MDG.5.3_1,MDG.5.3.5_1,TRUE
1997,124,-18.150899372,49.3863579196,MDG.5_1,Toamasina,MDG.5.3_1,Atsinanana,MDG.5.3.5_1,Toamasina Rural,FALSE,2.8932132322358446,FALSE,MDG.5.3_1,MDG.5.3.5_1,TRUE
1997,125,-18.135384509,49.4002968604,MDG.5_1,Toamasina,MDG.5.3_1,Atsinanana,MDG.5.3.5_1,Toamasina Rural,FALSE,1.261568931100078,FALSE,MDG.5.3_1,MDG.5.3.5_1,TRUE
1997,126,-18.1377621787,49.3982797846,MDG.5_1,Toamasina,MDG.5.3_1,Atsinanana,MDG.5.3.5_1,Toamasina Rural,FALSE,1.5817591629444105,FALSE,MDG.5.3_1,MDG.5.3.5_1,TRUE
1997,127,-15.4427440987,49.744823404,MDG.5_1,Toamasina,MDG.5.2_1,Analanjirofo,MDG.5.2.3_1,Maroansetra,FALSE,0.1408230024615676,FALSE,MDG.5.2_1,MDG.5.2.3_1,TRUE
1997,128,-16.1986324402,49.7348043565,MDG.5_1,Toamasina,MDG.5.2_1,Analanjirofo,MDG.5.2.2_1,Mananara,FALSE,4.667388668554781,FALSE,MDG.5.2_1,MDG.5.2.2_1,TRUE
1997,129,-18.8115570986,49.0708239829,MDG.5_1,Toamasina,MDG.5.3_1,Atsinanana,MDG.5.3.1_1,Ampasimanolotra,FALSE,9.488384152817302,FALSE,MDG.5.3_1,MDG.5.3.1_1,FALSE
1997,130,-19.9588515525,48.7435121238,MDG.5_1,Toamasina,MDG.5.3_1,Atsinanana,MDG.5.3.3_1,Mahanoro,FALSE,4.0151258972735775,FALSE,MDG.5.3_1,MDG.5.3.3_1,TRUE
1997,131,-17.4970252272,48.2541040557,MDG.5_1,Toamasina,MDG.5.1_1,Alaotra-Mangoro,MDG.5.1.2_1,Amparafaravola,FALSE,18.73988658079186,FALSE,MDG.5.1_1,MDG.5.1.2_1,FALSE
1997,132,-17.8178388957,48.4366609641,MDG.5_1,Toamasina,MDG.5.1_1,Alaotra-Mangoro,MDG.5.1.1_1,Ambatondrazaka,FALSE,11.340697057408413,FALSE,MDG.5.1_1,MDG.5.1.1_1,FALSE
1997,133,-17.4340203684,49.1529831553,MDG.5_1,Toamasina,MDG.5.2_1,Analanjirofo,MDG.5.2.6_1,Vavatenina,FALSE,7.443706286136327,FALSE,MDG.5.2_1,MDG.5.2.6_1,FALSE
1997,134,-18.9475500092,48.2166328837,MDG.5_1,Toamasina,MDG.5.1_1,Alaotra-Mangoro,MDG.5.1.5_1,Moramanga,FALSE,27.246320305250673,FALSE,MDG.5.1_1,MDG.5.1.5_1,FALSE
1997,135,-15.3394639377,49.6856848174,MDG.5_1,Toamasina,MDG.5.2_1,Analanjirofo,MDG.5.2.3_1,Maroansetra,FALSE,12.371796165938754,TRUE,MDG.5.2_1,MDG.5.2.3_1,FALSE
1997,136,-15.3498057086,49.8311492949,MDG.5_1,Toamasina,MDG.5.2_1,Analanjirofo,MDG.5.2.3_1,Maroansetra,FALSE,7.792946677049502,FALSE,MDG.5.2_1,MDG.5.2.3_1,FALSE
1997,137,-15.5993952829,49.5875930791,MDG.5_1,Toamasina,MDG.5.2_1,Analanjirofo,MDG.5.2.3_1,Maroansetra,FALSE,3.4332207451134367,TRUE,MDG.5.2_1,MDG.5.2.3_1,TRUE
1997,138,-16.339386184,49.807714144,MDG.5_1,Toamasina,MDG.5.2_1,Analanjirofo,MDG.5.2.2_1,Mananara,FALSE,0.8255371792697241,FALSE,MDG.5.2_1,MDG.5.2.2_1,TRUE
1997,139,-17.2476195247,49.3341905201,MDG.5_1,Toamasina,MDG.5.2_1,Analanjirofo,MDG.5.2.1_1,Fenoarivo Atsinanana,FALSE,6.968226635510214,FALSE,MDG.5.2_1,MDG.5.2.1_1,FALSE
1997,140,-17.2758438621,49.2114016162,MDG.5_1,Toamasina,MDG.5.2_1,Analanjirofo,MDG.5.2.1_1,Fenoarivo Atsinanana,FALSE,4.590235987196318,TRUE,MDG.5.2_1,MDG.5.2.1_1,TRUE
1997,141,-16.9942359196,49.3777080495,MDG.5_1,Toamasina,MDG.5.2_1,Analanjirofo,MDG.5.2.1_1,Fenoarivo Atsinanana,FALSE,1.2807000468172756,TRUE,MDG.5.2_1,MDG.5.2.1_1,TRUE
1997,142,-18.648661649,48.8186692049,MDG.5_1,Toamasina,MDG.5.3_1,Atsinanana,MDG.5.3.1_1,Ampasimanolotra,FALSE,29.471936759821357,FALSE,MDG.5.3_1,MDG.5.3.1_1,FALSE
1997,143,-18.7970781857,48.5966995661,MDG.5_1,Toamasina,MDG.5.3_1,Atsinanana,MDG.5.3.1_1,Ampasimanolotra,FALSE,1.8960489668640421,FALSE,MDG.5.3_1,MDG.5.3.1_1,TRUE
1997,144,-19.5251206673,48.7917463799,MDG.5_1,Toamasina,MDG.5.3_1,Atsinanana,MDG.5.3.6_1,Vatomandry,FALSE,10.503535809099793,TRUE,MDG.5.3_1,MDG.5.3.6_1,FALSE
1997,145,-20.0019623479,48.7673160189,MDG.5_1,Toamasina,MDG.5.3_1,Atsinanana,MDG.5.3.3_1,Mahanoro,FALSE,0.14459615347031213,FALSE,MDG.5.3_1,MDG.5.3.3_1,TRUE
1997,146,-17.8648929251,49.3039934192,MDG.5_1,Toamasina,MDG.5.3_1,Atsinanana,MDG.5.3.5_1,Toamasina Rural,FALSE,16.364303040286394,FALSE,MDG.5.3_1,MDG.5.3.5_1,FALSE
1997,147,-18.0369462052,49.3605782528,MDG.5_1,Toamasina,MDG.5.3_1,Atsinanana,MDG.5.3.5_1,Toamasina Rural,FALSE,5.680421365230948,FALSE,MDG.5.3_1,MDG.5.3.5_1,FALSE
1997,148,-20.3466521602,47.8970631746,MDG.5_1,Toamasina,MDG.5.3_1,Atsinanana,MDG.5.3.4_1,Marolambo,FALSE,8.684888582718722,TRUE,MDG.5.3_1,MDG.5.3.4_1,FALSE
1997,149,-17.938296054,49.2313799207,MDG.5_1,Toamasina,MDG.5.3_1,Atsinanana,MDG.5.3.5_1,Toamasina Rural,FALSE,21.17389236998332,FALSE,MDG.5.3_1,MDG.5.3.5_1,FALSE
1997,150,-17.7643972986,49.1765780318,MDG.5_1,Toamasina,MDG.5.3_1,Atsinanana,MDG.5.3.5_1,Toamasina Rural,FALSE,1.7478486824484425,TRUE,MDG.5.3_1,MDG.5.3.5_1,TRUE
1997,151,-19.6680210391,48.3355901038,MDG.5_1,Toamasina,MDG.5.3_1,Atsinanana,MDG.5.3.2_1,Antanambao manampotsy,FALSE,2.725356720695343,TRUE,MDG.5.3_1,MDG.5.3.2_1,TRUE
1997,152,-17.4067251741,48.4441397029,MDG.5_1,Toamasina,MDG.5.1_1,Alaotra-Mangoro,MDG.5.1.2_1,Amparafaravola,FALSE,10.993208624411125,FALSE,MDG.5.1_1,MDG.5.1.2_1,FALSE
1997,153,-17.8125000081,48.4435779945,MDG.5_1,Toamasina,MDG.5.1_1,Alaotra-Mangoro,MDG.5.1.1_1,Ambatondrazaka,FALSE,11.23551513336449,TRUE,MDG.5.1_1,MDG.5.1.1_1,FALSE
1997,154,-17.5897770793,48.5242031558,MDG.5_1,Toamasina,MDG.5.1_1,Alaotra-Mangoro,MDG.5.1.1_1,Ambatondrazaka,FALSE,3.6141493091809633,FALSE,MDG.5.1_1,MDG.5.1.1_1,TRUE
1997,155,-17.7603743806,48.7804619468,MDG.5_1,Toamasina,MDG.5.1_1,Alaotra-Mangoro,MDG.5.1.1_1,Ambatondrazaka,FALSE,4.631539717037068,FALSE,MDG.5.1_1,MDG.5.1.1_1,TRUE
1997,156,-18.704320151,48.1070751685,MDG.5_1,Toamasina,MDG.5.1_1,Alaotra-Mangoro,MDG.5.1.5_1,Moramanga,FALSE,16.729412018302806,TRUE,MDG.5.1_1,MDG.5.1.5_1,FALSE
1997,157,-18.4673074891,48.3770162761,MDG.5_1,Toamasina,MDG.5.1_1,Alaotra-Mangoro,MDG.5.1.5_1,Moramanga,FALSE,7.91076261371662,FALSE,MDG.5.1_1,MDG.5.1.5_1,FALSE
1997,158,-17.3940388416,49.1239622524,MDG.5_1,Toamasina,MDG.5.2_1,Analanjirofo,MDG.5.2.6_1,Vavatenina,FALSE,7.078416437251419,TRUE,MDG.5.2_1,MDG.5.2.6_1,FALSE
1997,159,-17.3865221915,49.0161966349,MDG.5_1,Toamasina,MDG.5.2_1,Analanjirofo,MDG.5.2.6_1,Vavatenina,FALSE,16.176410108123818,TRUE,MDG.5.2_1,MDG.5.2.6_1,FALSE
1997,160,-19.0134615762,48.207588783,MDG.5_1,Toamasina,MDG.5.1_1,Alaotra-Mangoro,MDG.5.1.5_1,Moramanga,FALSE,20.235998555277295,TRUE,MDG.5.1_1,MDG.5.1.5_1,FALSE
1997,161,-15.7126639257,46.3217760481,MDG.4_1,Mahajanga,MDG.4.2_1,Boeny,MDG.4.2.3_1,Mahajanga Urban,FALSE,1.5338204552487142,FALSE,MDG.4.2_1,MDG.4.2.3_1,TRUE
1997,162,-15.7107727493,46.3211004999,MDG.4_1,Mahajanga,MDG.4.2_1,Boeny,MDG.4.2.3_1,Mahajanga Urban,FALSE,1.365301261655958,FALSE,MDG.4.2_1,MDG.4.2.3_1,TRUE
1997,163,-15.7087644236,46.3165726082,MDG.4_1,Mahajanga,MDG.4.2_1,Boeny,MDG.4.2.3_1,Mahajanga Urban,FALSE,0.9428019353483356,FALSE,MDG.4.2_1,MDG.4.2.3_1,TRUE
1997,164,-16.1256233859,46.6441149016,MDG.4_1,Mahajanga,MDG.4.2_1,Boeny,MDG.4.2.4_1,Marovoay,FALSE,20.56533365003488,FALSE,MDG.4.2_1,MDG.4.2.4_1,FALSE
1997,165,-16.2712079414,45.4607180785,MDG.4_1,Mahajanga,MDG.4.2_1,Boeny,MDG.4.2.6_1,Soalala,FALSE,16.045439326783445,FALSE,MDG.4.2_1,MDG.4.2.6_1,FALSE
1997,166,-16.5473746838,46.6751316861,MDG.4_1,Mahajanga,MDG.4.2_1,Boeny,MDG.4.2.1_1,Ambato-Boina,FALSE,6.445359312493674,FALSE,MDG.4.2_1,MDG.4.2.1_1,FALSE
1997,167,-16.7918648716,47.658630512,MDG.4_1,Mahajanga,MDG.4.1_1,Betsiboka,MDG.4.1.3_1,Tsaratanana,FALSE,28.54542643581942,FALSE,MDG.4.1_1,MDG.4.1.3_1,FALSE
1997,169,-14.8834038048,47.9867165892,MDG.4_1,Mahajanga,MDG.4.4_1,Sofia,MDG.4.4.2_1,Antsihihy,FALSE,6.8275032183328195,FALSE,MDG.4.4_1,MDG.4.4.2_1,FALSE
1997,170,-16.0881149653,47.6509357849,MDG.4_1,Mahajanga,MDG.4.4_1,Sofia,MDG.4.4.5_1,Mampikony,FALSE,22.34156630668975,FALSE,MDG.4.4_1,MDG.4.4.5_1,FALSE
1997,171,-16.5150463339,46.8563675745,MDG.4_1,Mahajanga,MDG.4.2_1,Boeny,MDG.4.2.1_1,Ambato-Boina,FALSE,12.70577828875716,TRUE,MDG.4.2_1,MDG.4.2.1_1,FALSE
1997,172,-16.9215562138,46.7881259,MDG.4_1,Mahajanga,MDG.4.1_1,Betsiboka,MDG.4.1.2_1,Maevatanana,FALSE,17.404314519751583,FALSE,MDG.4.1_1,MDG.4.1.2_1,FALSE
1997,173,-17.6024280251,46.931337948,MDG.4_1,Mahajanga,MDG.4.1_1,Betsiboka,MDG.4.1.2_1,Maevatanana,FALSE,20.064781549952738,TRUE,MDG.4.1_1,MDG.4.1.2_1,FALSE
1997,174,-16.595771017,46.5264448815,MDG.4_1,Mahajanga,MDG.4.2_1,Boeny,MDG.4.2.1_1,Ambato-Boina,FALSE,16.495302472731446,TRUE,MDG.4.2_1,MDG.4.2.1_1,FALSE
1997,175,-16.7879822146,46.106180365,MDG.4_1,Mahajanga,MDG.4.2_1,Boeny,MDG.4.2.1_1,Ambato-Boina,FALSE,14.171032856941718,TRUE,MDG.4.2_1,MDG.4.2.1_1,FALSE
1997,176,-16.1439226026,46.7219547123,MDG.4_1,Mahajanga,MDG.4.2_1,Boeny,MDG.4.2.4_1,Marovoay,FALSE,19.18042362280154,FALSE,MDG.4.2_1,MDG.4.2.4_1,FALSE
1997,177,-15.9941490548,45.9670300822,MDG.4_1,Mahajanga,MDG.4.2_1,Boeny,MDG.4.2.5_1,Mitsinjo,FALSE,14.641047578975574,FALSE,MDG.4.2_1,MDG.4.2.5_1,FALSE
1997,178,-16.0648888573,46.0334477615,MDG.4_1,Mahajanga,MDG.4.2_1,Boeny,MDG.4.2.5_1,Mitsinjo,FALSE,8.904451902074182,FALSE,MDG.4.2_1,MDG.4.2.5_1,FALSE
1997,179,-16.9994972323,47.4998029599,MDG.4_1,Mahajanga,MDG.4.1_1,Betsiboka,MDG.4.1.3_1,Tsaratanana,FALSE,19.71993443715173,TRUE,MDG.4.1_1,MDG.4.1.3_1,FALSE
1997,180,-15.8308948643,47.4946420748,MDG.4_1,Mahajanga,MDG.4.4_1,Sofia,MDG.4.4.7_1,Port Bergé,FALSE,5.436273940019467,FALSE,MDG.4.4_1,MDG.4.4.7_1,FALSE
1997,181,-15.4871141839,47.711330722,MDG.4_1,Mahajanga,MDG.4.4_1,Sofia,MDG.4.4.7_1,Port Bergé,FALSE,4.027139593348878,TRUE,MDG.4.4_1,MDG.4.4.7_1,TRUE
1997,182,-15.7842522609,48.7077761887,MDG.4_1,Mahajanga,MDG.4.4_1,Sofia,MDG.4.4.6_1,Mandritsara,FALSE,23.19334858636925,TRUE,MDG.4.4_1,MDG.4.4.6_1,FALSE
1997,183,-15.9082663212,49.081483522,MDG.4_1,Mahajanga,MDG.4.4_1,Sofia,MDG.4.4.6_1,Mandritsara,FALSE,3.026120983341103,TRUE,MDG.4.4_1,MDG.4.4.6_1,TRUE
1997,184,-15.8279103915,48.374008511,MDG.4_1,Mahajanga,MDG.4.4_1,Sofia,MDG.4.4.6_1,Mandritsara,FALSE,3.429759297433755,TRUE,MDG.4.4_1,MDG.4.4.6_1,TRUE
1997,185,-15.4434105861,48.7755792334,MDG.4_1,Mahajanga,MDG.4.4_1,Sofia,MDG.4.4.6_1,Mandritsara,FALSE,2.097978812462126,TRUE,MDG.4.4_1,MDG.4.4.6_1,TRUE
1997,186,-15.3860894439,47.5005329716,MDG.4_1,Mahajanga,MDG.4.4_1,Sofia,MDG.4.4.1_1,Analalava,FALSE,5.355891006237929,FALSE,MDG.4.4_1,MDG.4.4.1_1,FALSE
1997,187,-15.329464116,47.3481485141,MDG.4_1,Mahajanga,MDG.4.4_1,Sofia,MDG.4.4.1_1,Analalava,FALSE,11.316658142382328,TRUE,MDG.4.4_1,MDG.4.4.1_1,FALSE
1997,188,-15.011443348,48.4776611465,MDG.4_1,Mahajanga,MDG.4.4_1,Sofia,MDG.4.4.4_1,Befandriana-Nord,FALSE,4.000990402095268,TRUE,MDG.4.4_1,MDG.4.4.4_1,TRUE
1997,189,-15.4177252197,48.7628613457,MDG.4_1,Mahajanga,MDG.4.4_1,Sofia,MDG.4.4.6_1,Mandritsara,FALSE,0.11219207967360495,TRUE,MDG.4.4_1,MDG.4.4.6_1,TRUE
1997,190,-15.1899112983,47.8707630056,MDG.4_1,Mahajanga,MDG.4.4_1,Sofia,MDG.4.4.2_1,Antsihihy,FALSE,15.281068456832886,TRUE,MDG.4.4_1,MDG.4.4.2_1,FALSE
1997,191,-15.1393619269,48.0209537545,MDG.4_1,Mahajanga,MDG.4.4_1,Sofia,MDG.4.4.2_1,Antsihihy,FALSE,21.410545514618544,TRUE,MDG.4.4_1,MDG.4.4.2_1,FALSE
1997,192,-14.6062713948,48.5749887686,MDG.4_1,Mahajanga,MDG.4.4_1,Sofia,MDG.4.4.3_1,Bealanana,FALSE,17.35116575718752,TRUE,MDG.4.4_1,MDG.4.4.3_1,FALSE
1997,193,-15.7600276719,46.6444001886,MDG.4_1,Mahajanga,MDG.4.2_1,Boeny,MDG.4.2.2_1,Mahajanga Rural,FALSE,13.683864392996973,TRUE,MDG.4.2_1,MDG.4.2.2_1,FALSE
1997,194,-16.1436120458,47.9797643419,MDG.4_1,Mahajanga,MDG.4.4_1,Sofia,MDG.4.4.5_1,Mampikony,FALSE,10.88757536290675,TRUE,MDG.4.4_1,MDG.4.4.5_1,FALSE
1997,195,-18.0221291501,45.2098729208,MDG.4_1,Mahajanga,MDG.4.3_1,Melaky,MDG.4.3.5_1,Morafanobe,FALSE,18.226762746465752,TRUE,MDG.4.3_1,MDG.4.3.5_1,FALSE
1997,196,-15.9689084288,47.6132264605,MDG.4_1,Mahajanga,MDG.4.4_1,Sofia,MDG.4.4.5_1,Mampikony,FALSE,10.343215352436632,TRUE,MDG.4.4_1,MDG.4.4.5_1,FALSE
1997,197,-23.3607967805,43.6813204982,MDG.6_1,Toliary,MDG.6.3_1,Atsimo-Andrefana,MDG.6.3.8_1,Toliary Urban,FALSE,1.0644666462877428,FALSE,MDG.6.3_1,MDG.6.3.8_1,TRUE
1997,198,-23.3436091397,43.6674729638,MDG.6_1,Toliary,MDG.6.3_1,Atsimo-Andrefana,MDG.6.3.8_1,Toliary Urban,FALSE,1.2652582248841497,FALSE,MDG.6.3_1,MDG.6.3.8_1,TRUE
1997,199,-21.4215091145,44.3417792879,MDG.6_1,Toliary,MDG.6.4_1,Menabe,MDG.6.4.3_1,Manja,FALSE,35.25196452671668,FALSE,MDG.6.4_1,MDG.6.4.3_1,FALSE
1997,200,-22.3161813908,44.5801744158,MDG.6_1,Toliary,MDG.6.3_1,Atsimo-Andrefana,MDG.6.3.2_1,Ankazoabo-Sud,FALSE,18.147283322539298,FALSE,MDG.6.3_1,MDG.6.3.2_1,FALSE
1997,201,-23.8050929985,44.1028867575,MDG.6_1,Toliary,MDG.6.3_1,Atsimo-Andrefana,MDG.6.3.5_1,Betioky-Sud,FALSE,22.737092634406835,FALSE,MDG.6.3_1,MDG.6.3.5_1,FALSE
1997,202,-20.295155171,44.2799203021,MDG.6_1,Toliary,MDG.6.4_1,Menabe,MDG.6.4.5_1,Morondava,FALSE,0.9289363903366693,FALSE,MDG.6.4_1,MDG.6.4.5_1,TRUE
1997,203,-19.6227900037,44.489849962,MDG.6_1,Toliary,MDG.6.4_1,Menabe,MDG.6.4.1_1,Belon-i Tsiribihina,FALSE,0.690071497367087,FALSE,MDG.6.4_1,MDG.6.4.1_1,TRUE
1997,204,-22.981244116,44.7242328078,MDG.6_1,Toliary,MDG.6.3_1,Atsimo-Andrefana,MDG.6.3.7_1,Sakaraha,FALSE,14.783616270622971,FALSE,MDG.6.3_1,MDG.6.3.7_1,FALSE
1997,205,-25.284380584,45.5434820019,MDG.6_1,Toliary,MDG.6.1_1,Androy,MDG.6.1.4_1,Tsiombe,FALSE,16.064660809345018,FALSE,MDG.6.1_1,MDG.6.1.4_1,FALSE
1997,206,-25.0279662869,46.9857420374,MDG.6_1,Toliary,MDG.6.2_1,Anosy,MDG.6.2.3_1,Taolagnaro,FALSE,0.6875815214951492,FALSE,MDG.6.2_1,MDG.6.2.3_1,TRUE
1997,207,-25.2341230087,46.0795610864,MDG.6_1,Toliary,MDG.6.1_1,Androy,MDG.6.1.1_1,Ambovombe-Androy,FALSE,3.7657207164039366,FALSE,MDG.6.1_1,MDG.6.1.1_1,TRUE
1997,208,-25.0671146799,46.3349370672,MDG.6_1,Toliary,MDG.6.2_1,Anosy,MDG.6.2.1_1,Amboasary-Sud,FALSE,6.470542343947545,FALSE,MDG.6.2_1,MDG.6.2.1_1,FALSE
1997,209,-21.3380221284,44.0648542283,MDG.6_1,Toliary,MDG.6.4_1,Menabe,MDG.6.4.3_1,Manja,FALSE,30.053641552317146,TRUE,MDG.6.4_1,MDG.6.4.3_1,FALSE
1997,210,-21.3841646611,43.5884059604,MDG.6_1,Toliary,MDG.6.3_1,Atsimo-Andrefana,MDG.6.3.6_1,Morombe,FALSE,1.0530725676985238,TRUE,MDG.6.3_1,MDG.6.3.6_1,TRUE
1997,211,-21.8775825131,43.9901307292,MDG.6_1,Toliary,MDG.6.4_1,Menabe,MDG.6.4.3_1,Manja,FALSE,3.0421935048477953,TRUE,MDG.6.4_1,MDG.6.4.3_1,TRUE
1997,212,-23.7791459483,44.335176115,MDG.6_1,Toliary,MDG.6.3_1,Atsimo-Andrefana,MDG.6.3.5_1,Betioky-Sud,FALSE,28.227530487636745,TRUE,MDG.6.3_1,MDG.6.3.5_1,FALSE
1997,213,-23.5018845807,44.4759290009,MDG.6_1,Toliary,MDG.6.3_1,Atsimo-Andrefana,MDG.6.3.5_1,Betioky-Sud,FALSE,27.495525764649273,TRUE,MDG.6.3_1,MDG.6.3.5_1,FALSE
1997,214,-23.8910523686,44.9726392671,MDG.6_1,Toliary,MDG.6.3_1,Atsimo-Andrefana,MDG.6.3.5_1,Betioky-Sud,FALSE,6.627402345865234,FALSE,MDG.6.3_1,MDG.6.3.5_1,FALSE
1997,215,-24.5506296135,44.3836188724,MDG.6_1,Toliary,MDG.6.3_1,Atsimo-Andrefana,MDG.6.3.1_1,Ampanihy,FALSE,46.36009282323289,TRUE,MDG.6.3_1,MDG.6.3.1_1,FALSE
1997,216,-24.1407655046,44.7535969135,MDG.6_1,Toliary,MDG.6.3_1,Atsimo-Andrefana,MDG.6.3.1_1,Ampanihy,FALSE,19.994939245134294,FALSE,MDG.6.3_1,MDG.6.3.1_1,FALSE
1997,217,-20.3222784542,44.4751763929,MDG.6_1,Toliary,MDG.6.4_1,Menabe,MDG.6.4.5_1,Morondava,FALSE,9.80910393038216,FALSE,MDG.6.4_1,MDG.6.4.5_1,FALSE
1997,218,-20.6759183156,45.0230412687,MDG.6_1,Toliary,MDG.6.4_1,Menabe,MDG.6.4.2_1,Mahabo,FALSE,33.39087296691408,FALSE,MDG.6.4_1,MDG.6.4.2_1,FALSE
1997,219,-19.6968772762,44.8787715744,MDG.6_1,Toliary,MDG.6.4_1,Menabe,MDG.6.4.1_1,Belon-i Tsiribihina,FALSE,35.864455748268476,TRUE,MDG.6.4_1,MDG.6.4.1_1,FALSE
1997,220,-18.5296224607,45.0623181508,MDG.6_1,Toliary,MDG.6.4_1,Menabe,MDG.6.4.4_1,Miandrivazo,FALSE,18.28425360012528,TRUE,MDG.6.4_1,MDG.6.4.4_1,FALSE
1997,221,-25.1855062543,45.1471917942,MDG.6_1,Toliary,MDG.6.1_1,Androy,MDG.6.1.3_1,Beloha,FALSE,12.39921147003374,FALSE,MDG.6.1_1,MDG.6.1.3_1,FALSE
1997,222,-24.8176284013,45.106573187,MDG.6_1,Toliary,MDG.6.1_1,Androy,MDG.6.1.3_1,Beloha,FALSE,9.16318341018347,TRUE,MDG.6.1_1,MDG.6.1.3_1,FALSE
1997,223,-24.9393117608,46.8230818902,MDG.6_1,Toliary,MDG.6.2_1,Anosy,MDG.6.2.3_1,Taolagnaro,FALSE,12.900967030535773,FALSE,MDG.6.2_1,MDG.6.2.3_1,FALSE
1997,224,-24.6485210185,47.2155666635,MDG.6_1,Toliary,MDG.6.2_1,Anosy,MDG.6.2.3_1,Taolagnaro,FALSE,1.5336515454758557,TRUE,MDG.6.2_1,MDG.6.2.3_1,TRUE
1997,225,-25.1377697722,46.0118549897,MDG.6_1,Toliary,MDG.6.1_1,Androy,MDG.6.1.1_1,Ambovombe-Androy,FALSE,16.23378910833099,TRUE,MDG.6.1_1,MDG.6.1.1_1,FALSE
1997,226,-24.7281050062,45.6178713059,MDG.6_1,Toliary,MDG.6.1_1,Androy,MDG.6.1.1_1,Ambovombe-Androy,FALSE,17.71557766211117,TRUE,MDG.6.1_1,MDG.6.1.1_1,FALSE
1997,227,-23.2875250054,46.0529543158,MDG.6_1,Toliary,MDG.6.2_1,Anosy,MDG.6.2.2_1,Betroka,FALSE,34.45940256282189,FALSE,MDG.6.2_1,MDG.6.2.2_1,FALSE
1997,228,-23.5492015317,45.570825312,MDG.6_1,Toliary,MDG.6.2_1,Anosy,MDG.6.2.2_1,Betroka,FALSE,8.891904313298618,FALSE,MDG.6.2_1,MDG.6.2.2_1,FALSE
1997,229,-23.8683340135,45.4473081706,MDG.6_1,Toliary,MDG.6.1_1,Androy,MDG.6.1.2_1,Bekily,FALSE,3.5533428551162607,FALSE,MDG.6.1_1,MDG.6.1.2_1,TRUE
1997,230,-24.5801381119,45.3347228067,MDG.6_1,Toliary,MDG.6.1_1,Androy,MDG.6.1.2_1,Bekily,FALSE,13.964426119486998,FALSE,MDG.6.1_1,MDG.6.1.2_1,FALSE
1997,231,-24.8046194951,46.161918552,MDG.6_1,Toliary,MDG.6.2_1,Anosy,MDG.6.2.1_1,Amboasary-Sud,FALSE,12.159004328482323,FALSE,MDG.6.2_1,MDG.6.2.1_1,FALSE
1997,232,-24.5454064947,46.0922768134,MDG.6_1,Toliary,MDG.6.2_1,Anosy,MDG.6.2.1_1,Amboasary-Sud,FALSE,11.021414392085797,TRUE,MDG.6.2_1,MDG.6.2.1_1,FALSE
1997,233,-23.4236982333,43.9194379145,MDG.6_1,Toliary,MDG.6.3_1,Atsimo-Andrefana,MDG.6.3.9_1,Toliary,FALSE,16.15414003105498,FALSE,MDG.6.3_1,MDG.6.3.9_1,FALSE
1997,234,-23.0960267989,44.2415917655,MDG.6_1,Toliary,MDG.6.3_1,Atsimo-Andrefana,MDG.6.3.7_1,Sakaraha,FALSE,1.1111763417403282,TRUE,MDG.6.3_1,MDG.6.3.7_1,TRUE
1997,235,-12.2874878186,49.2856537365,MDG.2_1,Antsiranana,MDG.2.1_1,Diana,MDG.2.1.3_1,Antsiranana Rural,FALSE,0.6408000910571622,FALSE,MDG.2.1_1,MDG.2.1.3_1,TRUE
1997,236,-12.3062615634,49.2828448848,MDG.2_1,Antsiranana,MDG.2.1_1,Diana,MDG.2.1.3_1,Antsiranana Rural,FALSE,1.65845025744338,FALSE,MDG.2.1_1,MDG.2.1.3_1,TRUE
1997,237,-12.2880040608,49.293496898,MDG.2_1,Antsiranana,MDG.2.1_1,Diana,MDG.2.1.3_1,Antsiranana Rural,FALSE,1.1841423447355854,FALSE,MDG.2.1_1,MDG.2.1.3_1,TRUE
1997,238,-14.8961882497,50.2620166109,MDG.2_1,Antsiranana,MDG.2.2_1,Sava,MDG.2.2.2_1,Antalaha,FALSE,1.7032906542564186,FALSE,MDG.2.2_1,MDG.2.2.2_1,TRUE
1997,239,-14.9011179541,50.2809874013,MDG.2_1,Antsiranana,MDG.2.2_1,Sava,MDG.2.2.2_1,Antalaha,FALSE,0.08290832526464836,FALSE,MDG.2.2_1,MDG.2.2.2_1,TRUE
1997,240,-14.2680536391,50.1354816086,MDG.2_1,Antsiranana,MDG.2.2_1,Sava,MDG.2.2.3_1,Sambava,FALSE,2.4391801492088696,FALSE,MDG.2.2_1,MDG.2.2.3_1,TRUE
1997,241,-14.3044625866,50.1013258183,MDG.2_1,Antsiranana,MDG.2.2_1,Sava,MDG.2.2.3_1,Sambava,FALSE,7.916457590110835,FALSE,MDG.2.2_1,MDG.2.2.3_1,FALSE
1997,242,-14.6743481676,49.6552132251,MDG.2_1,Antsiranana,MDG.2.2_1,Sava,MDG.2.2.1_1,Andapa,FALSE,16.107006152573323,FALSE,MDG.2.2_1,MDG.2.2.1_1,FALSE
1997,243,-13.2088841804,49.0473205817,MDG.2_1,Antsiranana,MDG.2.1_1,Diana,MDG.2.1.2_1,Ambilobe,FALSE,20.932565231579478,FALSE,MDG.2.1_1,MDG.2.1.2_1,FALSE
1997,244,-13.679504792,48.4626836404,MDG.2_1,Antsiranana,MDG.2.1_1,Diana,MDG.2.1.1_1,Ambanja,FALSE,11.938044565211387,FALSE,MDG.2.1_1,MDG.2.1.1_1,FALSE
1997,245,-15.1041750035,50.2732365279,MDG.2_1,Antsiranana,MDG.2.2_1,Sava,MDG.2.2.2_1,Antalaha,FALSE,10.176129433070116,TRUE,MDG.2.2_1,MDG.2.2.2_1,FALSE
1997,246,-15.0002346703,50.1445157233,MDG.2_1,Antsiranana,MDG.2.2_1,Sava,MDG.2.2.2_1,Antalaha,FALSE,17.695287684529664,TRUE,MDG.2.2_1,MDG.2.2.2_1,FALSE
1997,247,-15.2454396083,50.4496021408,MDG.2_1,Antsiranana,MDG.2.2_1,Sava,MDG.2.2.2_1,Antalaha,FALSE,0.6505339072462487,FALSE,MDG.2.2_1,MDG.2.2.2_1,TRUE
1997,248,-15.2692850233,50.4577278283,MDG.2_1,Antsiranana,MDG.2.2_1,Sava,MDG.2.2.2_1,Antalaha,FALSE,1.949882178211503,FALSE,MDG.2.2_1,MDG.2.2.2_1,TRUE
1997,249,-14.6289524455,49.7195749654,MDG.2_1,Antsiranana,MDG.2.2_1,Sava,MDG.2.2.1_1,Andapa,FALSE,7.698404485053902,FALSE,MDG.2.2_1,MDG.2.2.1_1,FALSE
1997,250,-14.3663371245,49.9374392741,MDG.2_1,Antsiranana,MDG.2.2_1,Sava,MDG.2.2.3_1,Sambava,FALSE,18.860776536164707,FALSE,MDG.2.2_1,MDG.2.2.3_1,FALSE
1997,251,-14.3027542368,49.9033015283,MDG.2_1,Antsiranana,MDG.2.2_1,Sava,MDG.2.2.3_1,Sambava,FALSE,15.735953979467757,FALSE,MDG.2.2_1,MDG.2.2.3_1,FALSE
1997,252,-14.1840598599,49.8644533168,MDG.2_1,Antsiranana,MDG.2.2_1,Sava,MDG.2.2.3_1,Sambava,FALSE,7.044592515850528,TRUE,MDG.2.2_1,MDG.2.2.3_1,FALSE
1997,253,-14.0963584619,49.7936864324,MDG.2_1,Antsiranana,MDG.2.2_1,Sava,MDG.2.2.3_1,Sambava,FALSE,6.661911917195436,TRUE,MDG.2.2_1,MDG.2.2.3_1,FALSE
1997,254,-14.5059340408,49.8000793891,MDG.2_1,Antsiranana,MDG.2.2_1,Sava,MDG.2.2.3_1,Sambava,FALSE,4.564954840959332,FALSE,MDG.2.2_1,MDG.2.2.3_1,TRUE
1997,255,-14.05021129,49.5705001702,MDG.2_1,Antsiranana,MDG.2.2_1,Sava,MDG.2.2.3_1,Sambava,FALSE,11.8330388891864,TRUE,MDG.2.2_1,MDG.2.2.3_1,FALSE
1997,256,-14.4998494881,49.6325498345,MDG.2_1,Antsiranana,MDG.2.2_1,Sava,MDG.2.2.1_1,Andapa,FALSE,2.870705826247973,FALSE,MDG.2.2_1,MDG.2.2.1_1,TRUE
1997,257,-14.6273811636,49.4761397797,MDG.2_1,Antsiranana,MDG.2.2_1,Sava,MDG.2.2.1_1,Andapa,FALSE,7.386167608658692,FALSE,MDG.2.2_1,MDG.2.2.1_1,FALSE
1997,258,-12.3587943794,49.3348359558,MDG.2_1,Antsiranana,MDG.2.1_1,Diana,MDG.2.1.3_1,Antsiranana Rural,FALSE,4.89519815635575,FALSE,MDG.2.1_1,MDG.2.1.3_1,TRUE
1997,259,-12.3903958033,49.1340441733,MDG.2_1,Antsiranana,MDG.2.1_1,Diana,MDG.2.1.3_1,Antsiranana Rural,FALSE,10.006708344400684,TRUE,MDG.2.1_1,MDG.2.1.3_1,FALSE
1997,260,-12.5646057153,49.067068992,MDG.2_1,Antsiranana,MDG.2.1_1,Diana,MDG.2.1.3_1,Antsiranana Rural,FALSE,16.15655323225892,FALSE,MDG.2.1_1,MDG.2.1.3_1,FALSE
1997,261,-13.6426690875,49.9354854276,MDG.2_1,Antsiranana,MDG.2.2_1,Sava,MDG.2.2.4_1,Vohimarina (Iharana),FALSE,14.093800870133048,TRUE,MDG.2.2_1,MDG.2.2.4_1,FALSE
1997,262,-13.0769100279,49.668297674,MDG.2_1,Antsiranana,MDG.2.2_1,Sava,MDG.2.2.4_1,Vohimarina (Iharana),FALSE,20.24210539942825,TRUE,MDG.2.2_1,MDG.2.2.4_1,FALSE
1997,263,-13.7508177625,49.8797249883,MDG.2_1,Antsiranana,MDG.2.2_1,Sava,MDG.2.2.4_1,Vohimarina (Iharana),FALSE,16.222166584886374,TRUE,MDG.2.2_1,MDG.2.2.4_1,FALSE
1997,264,-13.9457654395,49.8917251009,MDG.2_1,Antsiranana,MDG.2.2_1,Sava,MDG.2.2.4_1,Vohimarina (Iharana),FALSE,8.961422429141432,TRUE,MDG.2.2_1,MDG.2.2.4_1,FALSE
1997,265,-13.1859183271,48.9908658755,MDG.2_1,Antsiranana,MDG.2.1_1,Diana,MDG.2.1.2_1,Ambilobe,FALSE,16.41760455068485,TRUE,MDG.2.1_1,MDG.2.1.2_1,FALSE
1997,266,-12.9229702268,49.0174630124,MDG.2_1,Antsiranana,MDG.2.1_1,Diana,MDG.2.1.2_1,Ambilobe,FALSE,4.134002266056676,FALSE,MDG.2.1_1,MDG.2.1.2_1,TRUE
1997,267,-13.0760643667,48.976718706,MDG.2_1,Antsiranana,MDG.2.1_1,Diana,MDG.2.1.2_1,Ambilobe,FALSE,11.154536196831977,FALSE,MDG.2.1_1,MDG.2.1.2_1,FALSE
1997,268,-13.2589729108,48.9650281592,MDG.2_1,Antsiranana,MDG.2.1_1,Diana,MDG.2.1.2_1,Ambilobe,FALSE,11.050863829266603,TRUE,MDG.2.1_1,MDG.2.1.2_1,FALSE
1997,269,-13.7456996117,48.3619419487,MDG.2_1,Antsiranana,MDG.2.1_1,Diana,MDG.2.1.1_1,Ambanja,FALSE,3.266020665111779,TRUE,MDG.2.1_1,MDG.2.1.1_1,TRUE
1997,270,-13.9284844818,48.5648341311,MDG.2_1,Antsiranana,MDG.2.1_1,Diana,MDG.2.1.1_1,Ambanja,FALSE,28.493662269247757,TRUE,MDG.2.1_1,MDG.2.1.1_1,FALSE
2008,1,-18.908801,47.500355,MDG.1_1,Antananarivo,MDG.1.1_1,Analamanga,MDG.1.1.7_1,Antananarivo renivohitra,FALSE,0.18029521034738816,FALSE,MDG.1.1_1,MDG.1.1.7_1,TRUE
2008,2,-18.909387,47.499529,MDG.1_1,Antananarivo,MDG.1.1_1,Analamanga,MDG.1.1.7_1,Antananarivo renivohitra,FALSE,0.09447570080362952,FALSE,MDG.1.1_1,MDG.1.1.7_1,TRUE
2008,3,-18.904492,47.519078,MDG.1_1,Antananarivo,MDG.1.1_1,Analamanga,MDG.1.1.7_1,Antananarivo renivohitra,FALSE,2.2045474119644206,FALSE,MDG.1.1_1,MDG.1.1.7_1,TRUE
2008,4,-18.919166,47.508563,MDG.1_1,Antananarivo,MDG.1.1_1,Analamanga,MDG.1.1.7_1,Antananarivo renivohitra,FALSE,1.3146974800110454,FALSE,MDG.1.1_1,MDG.1.1.7_1,TRUE
2008,5,-18.923573,47.499678,MDG.1_1,Antananarivo,MDG.1.1_1,Analamanga,MDG.1.1.7_1,Antananarivo renivohitra,FALSE,0.7400145201038242,FALSE,MDG.1.1_1,MDG.1.1.7_1,TRUE
2008,6,-18.911326,47.521112,MDG.1_1,Antananarivo,MDG.1.1_1,Analamanga,MDG.1.1.7_1,Antananarivo renivohitra,FALSE,2.3781597499775473,FALSE,MDG.1.1_1,MDG.1.1.7_1,TRUE
2008,7,-18.88818,47.506964,MDG.1_1,Antananarivo,MDG.1.1_1,Analamanga,MDG.1.1.7_1,Antananarivo renivohitra,FALSE,1.536794050349303,FALSE,MDG.1.1_1,MDG.1.1.7_1,TRUE
2008,8,-18.92391,47.504629,MDG.1_1,Antananarivo,MDG.1.1_1,Analamanga,MDG.1.1.7_1,Antananarivo renivohitra,FALSE,1.124763997507553,FALSE,MDG.1.1_1,MDG.1.1.7_1,TRUE
2008,9,-18.908497,47.524375,MDG.1_1,Antananarivo,MDG.1.1_1,Analamanga,MDG.1.1.7_1,Antananarivo renivohitra,FALSE,2.710755064548881,FALSE,MDG.1.1_1,MDG.1.1.7_1,TRUE
2008,10,-18.929132,47.528001,MDG.1_1,Antananarivo,MDG.1.1_1,Analamanga,MDG.1.1.7_1,Antananarivo renivohitra,FALSE,2.050440352588709,FALSE,MDG.1.1_1,MDG.1.1.7_1,TRUE
2008,11,-18.913003,47.532026,MDG.1_1,Antananarivo,MDG.1.1_1,Analamanga,MDG.1.1.7_1,Antananarivo renivohitra,FALSE,3.2953183414640685,FALSE,MDG.1.1_1,MDG.1.1.7_1,TRUE
2008,12,-18.919411,47.553168,MDG.1_1,Antananarivo,MDG.1.1_1,Analamanga,MDG.1.1.7_1,Antananarivo renivohitra,FALSE,1.646267409920403,FALSE,MDG.1.1_1,MDG.1.1.7_1,TRUE
2008,13,-18.942163999999998,47.535465,MDG.1_1,Antananarivo,MDG.1.1_1,Analamanga,MDG.1.1.7_1,Antananarivo renivohitra,FALSE,0.760411124243656,FALSE,MDG.1.1_1,MDG.1.1.7_1,TRUE
2008,14,-18.93233,47.557979,MDG.1_1,Antananarivo,MDG.1.1_1,Analamanga,MDG.1.1.7_1,Antananarivo renivohitra,FALSE,0.13977065414115597,FALSE,MDG.1.1_1,MDG.1.1.7_1,TRUE
2008,15,-18.924705,47.552426,MDG.1_1,Antananarivo,MDG.1.1_1,Analamanga,MDG.1.1.7_1,Antananarivo renivohitra,FALSE,1.16708227018544,FALSE,MDG.1.1_1,MDG.1.1.7_1,TRUE
2008,16,-18.944809,47.52715,MDG.1_1,Antananarivo,MDG.1.1_1,Analamanga,MDG.1.1.7_1,Antananarivo renivohitra,FALSE,0.3662954345842636,FALSE,MDG.1.1_1,MDG.1.1.7_1,TRUE
2008,17,-18.905093,47.570207,MDG.1_1,Antananarivo,MDG.1.1_1,Analamanga,MDG.1.1.7_1,Antananarivo renivohitra,FALSE,0.1713167805493412,FALSE,MDG.1.1_1,MDG.1.1.7_1,TRUE
2008,18,-18.904598,47.542909,MDG.1_1,Antananarivo,MDG.1.1_1,Analamanga,MDG.1.1.7_1,Antananarivo renivohitra,FALSE,2.3743667749835287,FALSE,MDG.1.1_1,MDG.1.1.7_1,TRUE
2008,19,-18.911236,47.54336,MDG.1_1,Antananarivo,MDG.1.1_1,Analamanga,MDG.1.1.7_1,Antananarivo renivohitra,FALSE,2.8708877788418317,FALSE,MDG.1.1_1,MDG.1.1.7_1,TRUE
2008,20,-18.89894,47.532107,MDG.1_1,Antananarivo,MDG.1.1_1,Analamanga,MDG.1.1.7_1,Antananarivo renivohitra,FALSE,3.010547005831097,FALSE,MDG.1.1_1,MDG.1.1.7_1,TRUE
2008,21,-18.898148,47.532144,MDG.1_1,Antananarivo,MDG.1.1_1,Analamanga,MDG.1.1.7_1,Antananarivo renivohitra,FALSE,2.9745141113210765,FALSE,MDG.1.1_1,MDG.1.1.7_1,TRUE
2008,22,-18.880068,47.530618,MDG.1_1,Antananarivo,MDG.1.1_1,Analamanga,MDG.1.1.7_1,Antananarivo renivohitra,FALSE,1.9928317833369218,FALSE,MDG.1.1_1,MDG.1.1.7_1,TRUE
2008,23,-18.892021,47.527913,MDG.1_1,Antananarivo,MDG.1.1_1,Analamanga,MDG.1.1.7_1,Antananarivo renivohitra,FALSE,3.0523601432338725,FALSE,MDG.1.1_1,MDG.1.1.7_1,TRUE
2008,24,-18.910133,47.528865,MDG.1_1,Antananarivo,MDG.1.1_1,Analamanga,MDG.1.1.7_1,Antananarivo renivohitra,FALSE,3.1849101177079406,FALSE,MDG.1.1_1,MDG.1.1.7_1,TRUE
2008,25,-18.916232,47.493281,MDG.1_1,Antananarivo,MDG.1.1_1,Analamanga,MDG.1.1.6_1,Antananarivo-Sud,FALSE,0.24320985061671124,FALSE,MDG.1.1_1,MDG.1.1.6_1,TRUE
2008,26,-18.932871,47.510848,MDG.1_1,Antananarivo,MDG.1.1_1,Analamanga,MDG.1.1.7_1,Antananarivo renivohitra,FALSE,1.2746297352262277,FALSE,MDG.1.1_1,MDG.1.1.7_1,TRUE
2008,27,-18.929442,47.52391,MDG.1_1,Antananarivo,MDG.1.1_1,Analamanga,MDG.1.1.7_1,Antananarivo renivohitra,FALSE,1.9183244972305307,FALSE,MDG.1.1_1,MDG.1.1.7_1,TRUE
2008,28,-18.932079,47.500112,MDG.1_1,Antananarivo,MDG.1.1_1,Analamanga,MDG.1.1.7_1,Antananarivo renivohitra,FALSE,0.2576559258058153,FALSE,MDG.1.1_1,MDG.1.1.7_1,TRUE
2008,29,-18.941436,47.514513,MDG.1_1,Antananarivo,MDG.1.1_1,Analamanga,MDG.1.1.7_1,Antananarivo renivohitra,FALSE,0.47835623249401704,FALSE,MDG.1.1_1,MDG.1.1.7_1,TRUE
2008,30,-18.939384,47.515191,MDG.1_1,Antananarivo,MDG.1.1_1,Analamanga,MDG.1.1.7_1,Antananarivo renivohitra,FALSE,0.7082178566082057,FALSE,MDG.1.1_1,MDG.1.1.7_1,TRUE
2008,31,-18.925683,47.5039,MDG.1_1,Antananarivo,MDG.1.1_1,Analamanga,MDG.1.1.7_1,Antananarivo renivohitra,FALSE,0.9491658596338658,FALSE,MDG.1.1_1,MDG.1.1.7_1,TRUE
2008,32,-18.939561,47.532337,MDG.1_1,Antananarivo,MDG.1.1_1,Analamanga,MDG.1.1.7_1,Antananarivo renivohitra,FALSE,1.1581949310232593,FALSE,MDG.1.1_1,MDG.1.1.7_1,TRUE
2008,33,-18.935867,47.528754,MDG.1_1,Antananarivo,MDG.1.1_1,Analamanga,MDG.1.1.7_1,Antananarivo renivohitra,FALSE,1.3462850478504502,FALSE,MDG.1.1_1,MDG.1.1.7_1,TRUE
2008,34,-18.864537,47.534837,MDG.1_1,Antananarivo,MDG.1.1_1,Analamanga,MDG.1.1.7_1,Antananarivo renivohitra,FALSE,0.599301079594919,FALSE,MDG.1.1_1,MDG.1.1.7_1,TRUE
2008,35,-18.879568,47.524435,MDG.1_1,Antananarivo,MDG.1.1_1,Analamanga,MDG.1.1.7_1,Antananarivo renivohitra,FALSE,2.480670307849938,FALSE,MDG.1.1_1,MDG.1.1.7_1,TRUE
2008,36,-18.869936,47.526563,MDG.1_1,Antananarivo,MDG.1.1_1,Analamanga,MDG.1.1.7_1,Antananarivo renivohitra,FALSE,1.6567965279399526,FALSE,MDG.1.1_1,MDG.1.1.7_1,TRUE
2008,37,-18.871621,47.555933,MDG.1_1,Antananarivo,MDG.1.1_1,Analamanga,MDG.1.1.5_1,Antananarivo-Nord,FALSE,0.5878204092058941,FALSE,MDG.1.1_1,MDG.1.1.5_1,TRUE
2008,38,-18.90124,47.541132,MDG.1_1,Antananarivo,MDG.1.1_1,Analamanga,MDG.1.1.7_1,Antananarivo renivohitra,FALSE,2.2931535988470566,FALSE,MDG.1.1_1,MDG.1.1.7_1,TRUE
2008,40,-18.900093,47.529772,MDG.1_1,Antananarivo,MDG.1.1_1,Analamanga,MDG.1.1.7_1,Antananarivo renivohitra,FALSE,3.2868643570000757,FALSE,MDG.1.1_1,MDG.1.1.7_1,TRUE
2008,41,-18.896713,47.547636,MDG.1_1,Antananarivo,MDG.1.1_1,Analamanga,MDG.1.1.7_1,Antananarivo renivohitra,FALSE,1.4445363367016857,FALSE,MDG.1.1_1,MDG.1.1.7_1,TRUE
2008,42,-18.886258,47.546826,MDG.1_1,Antananarivo,MDG.1.1_1,Analamanga,MDG.1.1.7_1,Antananarivo renivohitra,FALSE,1.1659821812823374,FALSE,MDG.1.1_1,MDG.1.1.7_1,TRUE
2008,43,-18.906095,47.568801,MDG.1_1,Antananarivo,MDG.1.1_1,Analamanga,MDG.1.1.7_1,Antananarivo renivohitra,FALSE,0.3544533362489103,FALSE,MDG.1.1_1,MDG.1.1.7_1,TRUE
2008,44,-18.906871,47.554362,MDG.1_1,Antananarivo,MDG.1.1_1,Analamanga,MDG.1.1.7_1,Antananarivo renivohitra,FALSE,1.7368437699794468,FALSE,MDG.1.1_1,MDG.1.1.7_1,TRUE
2008,45,-18.897559,47.55035,MDG.1_1,Antananarivo,MDG.1.1_1,Analamanga,MDG.1.1.7_1,Antananarivo renivohitra,FALSE,1.2736451021393311,FALSE,MDG.1.1_1,MDG.1.1.7_1,TRUE
2008,48,-18.878964,47.480899,MDG.1_1,Antananarivo,MDG.1.1_1,Analamanga,MDG.1.1.7_1,Antananarivo renivohitra,FALSE,0.027663075637294667,FALSE,MDG.1.1_1,MDG.1.1.7_1,TRUE
2008,49,-18.865493,47.503496,MDG.1_1,Antananarivo,MDG.1.1_1,Analamanga,MDG.1.1.7_1,Antananarivo renivohitra,FALSE,1.640973231173976,FALSE,MDG.1.1_1,MDG.1.1.7_1,TRUE
2008,50,-18.875614,47.498146,MDG.1_1,Antananarivo,MDG.1.1_1,Analamanga,MDG.1.1.7_1,Antananarivo renivohitra,FALSE,1.6076311976524003,FALSE,MDG.1.1_1,MDG.1.1.7_1,TRUE
2008,51,-18.946397,47.56909,MDG.1_1,Antananarivo,MDG.1.1_1,Analamanga,MDG.1.1.5_1,Antananarivo-Nord,FALSE,1.5420395331176664,FALSE,MDG.1.1_1,MDG.1.1.5_1,TRUE
2008,52,-18.860436,47.569286,MDG.1_1,Antananarivo,MDG.1.1_1,Analamanga,MDG.1.1.5_1,Antananarivo-Nord,FALSE,2.3303204175000314,FALSE,MDG.1.1_1,MDG.1.1.5_1,TRUE
2008,53,-18.922672,47.557529,MDG.1_1,Antananarivo,MDG.1.1_1,Analamanga,MDG.1.1.7_1,Antananarivo renivohitra,FALSE,1.1424847121817319,FALSE,MDG.1.1_1,MDG.1.1.7_1,TRUE
2008,54,-18.908877,47.643528,MDG.1_1,Antananarivo,MDG.1.1_1,Analamanga,MDG.1.1.5_1,Antananarivo-Nord,FALSE,3.413370231338893,FALSE,MDG.1.1_1,MDG.1.1.5_1,TRUE
2008,55,-19.022503,47.687794,MDG.1_1,Antananarivo,MDG.1.1_1,Analamanga,MDG.1.1.5_1,Antananarivo-Nord,FALSE,1.5658517455700138,FALSE,MDG.1.1_1,MDG.1.1.5_1,TRUE
2008,56,-18.815982,47.43866,MDG.1_1,Antananarivo,MDG.1.1_1,Analamanga,MDG.1.1.1_1,Ambohidratrimo,FALSE,5.0124216572882085,FALSE,MDG.1.1_1,MDG.1.1.1_1,FALSE
2008,57,-18.81966,47.505415,MDG.1_1,Antananarivo,MDG.1.1_1,Analamanga,MDG.1.1.1_1,Ambohidratrimo,FALSE,1.0952847727844586,FALSE,MDG.1.1_1,MDG.1.1.1_1,TRUE
2008,58,-18.757674,47.332466,MDG.1_1,Antananarivo,MDG.1.1_1,Analamanga,MDG.1.1.1_1,Ambohidratrimo,FALSE,3.9360526792865644,FALSE,MDG.1.1_1,MDG.1.1.1_1,TRUE
2008,59,-18.700593,47.489375,MDG.1_1,Antananarivo,MDG.1.1_1,Analamanga,MDG.1.1.1_1,Ambohidratrimo,FALSE,6.821460730264483,FALSE,MDG.1.1_1,MDG.1.1.1_1,FALSE
2008,60,-18.287923,47.102035,MDG.1_1,Antananarivo,MDG.1.1_1,Analamanga,MDG.1.1.4_1,Ankazobe,FALSE,27.419566068368624,FALSE,MDG.1.1_1,MDG.1.1.4_1,FALSE
2008,61,-18.532652,47.306096,MDG.1_1,Antananarivo,MDG.1.1_1,Analamanga,MDG.1.1.4_1,Ankazobe,FALSE,2.885692125544673,FALSE,MDG.1.1_1,MDG.1.1.4_1,TRUE
2008,62,-18.917862,47.819712,MDG.1_1,Antananarivo,MDG.1.1_1,Analamanga,MDG.1.1.8_1,Manjakandriana,FALSE,12.392615091995964,TRUE,MDG.1.1_1,MDG.1.1.8_1,FALSE
2008,63,-18.82918,47.817585,MDG.1_1,Antananarivo,MDG.1.1_1,Analamanga,MDG.1.1.8_1,Manjakandriana,FALSE,11.978991800717935,FALSE,MDG.1.1_1,MDG.1.1.8_1,FALSE
2008,64,-19.102399,47.832225,MDG.1_1,Antananarivo,MDG.1.1_1,Analamanga,MDG.1.1.8_1,Manjakandriana,FALSE,5.845024743518025,TRUE,MDG.1.1_1,MDG.1.1.8_1,FALSE
2008,65,-18.390971,47.745395,MDG.1_1,Antananarivo,MDG.1.1_1,Analamanga,MDG.1.1.3_1,Anjozorobe,FALSE,10.037569427767501,FALSE,MDG.1.1_1,MDG.1.1.3_1,FALSE
2008,66,-18.49505,47.666089,MDG.1_1,Antananarivo,MDG.1.1_1,Analamanga,MDG.1.1.1_1,Ambohidratrimo,FALSE,0.3910319207136496,FALSE,MDG.1.1_1,MDG.1.1.1_1,TRUE
2008,67,-18.20673,47.635363,MDG.1_1,Antananarivo,MDG.1.1_1,Analamanga,MDG.1.1.3_1,Anjozorobe,FALSE,16.499146745795496,FALSE,MDG.1.1_1,MDG.1.1.3_1,FALSE
2008,68,-19.307278,47.576141,MDG.1_1,Antananarivo,MDG.1.1_1,Analamanga,MDG.1.1.2_1,Andramasina,FALSE,2.1511981760043075,FALSE,MDG.1.1_1,MDG.1.1.2_1,TRUE
2008,69,-19.284433,47.859219,MDG.1_1,Antananarivo,MDG.1.1_1,Analamanga,MDG.1.1.2_1,Andramasina,FALSE,8.531772273792976,TRUE,MDG.1.1_1,MDG.1.1.2_1,FALSE
2008,70,-18.938083,47.475115,MDG.1_1,Antananarivo,MDG.1.1_1,Analamanga,MDG.1.1.6_1,Antananarivo-Sud,FALSE,2.303410482072805,FALSE,MDG.1.1_1,MDG.1.1.6_1,TRUE
2008,71,-18.944944,47.45297,MDG.1_1,Antananarivo,MDG.1.1_1,Analamanga,MDG.1.1.6_1,Antananarivo-Sud,FALSE,3.775201634036168,FALSE,MDG.1.1_1,MDG.1.1.6_1,TRUE
2008,72,-18.893333,47.466513,MDG.1_1,Antananarivo,MDG.1.1_1,Analamanga,MDG.1.1.6_1,Antananarivo-Sud,FALSE,1.7261962407572202,FALSE,MDG.1.1_1,MDG.1.1.6_1,TRUE
2008,73,-19.000915,47.533083,MDG.1_1,Antananarivo,MDG.1.1_1,Analamanga,MDG.1.1.6_1,Antananarivo-Sud,FALSE,4.4104615417100845,FALSE,MDG.1.1_1,MDG.1.1.6_1,TRUE
2008,74,-18.978083,47.450104,MDG.1_1,Antananarivo,MDG.1.1_1,Analamanga,MDG.1.1.6_1,Antananarivo-Sud,FALSE,2.119269098936917,FALSE,MDG.1.1_1,MDG.1.1.6_1,TRUE
2008,75,-18.987545,47.574246,MDG.1_1,Antananarivo,MDG.1.1_1,Analamanga,MDG.1.1.6_1,Antananarivo-Sud,FALSE,1.183164043130383,FALSE,MDG.1.1_1,MDG.1.1.6_1,TRUE
2008,76,-19.8653,47.004478,MDG.1_1,Antananarivo,MDG.1.4_1,Vakinankaratra,MDG.1.4.4_1,Antsirabe Urban,FALSE,2.7686228141156457,FALSE,MDG.1.4_1,MDG.1.4.4_1,TRUE
2008,77,-19.876797,47.029387,MDG.1_1,Antananarivo,MDG.1.4_1,Vakinankaratra,MDG.1.4.4_1,Antsirabe Urban,FALSE,4.235971609855161,FALSE,MDG.1.4_1,MDG.1.4.4_1,TRUE
2008,78,-19.876517,47.035089,MDG.1_1,Antananarivo,MDG.1.4_1,Vakinankaratra,MDG.1.4.4_1,Antsirabe Urban,FALSE,4.435855701940589,FALSE,MDG.1.4_1,MDG.1.4.4_1,TRUE
2008,79,-19.905836,47.027297,MDG.1_1,Antananarivo,MDG.1.4_1,Vakinankaratra,MDG.1.4.4_1,Antsirabe Urban,FALSE,3.020426422532137,FALSE,MDG.1.4_1,MDG.1.4.4_1,TRUE
2008,80,-19.841425,47.0163,MDG.1_1,Antananarivo,MDG.1.4_1,Vakinankaratra,MDG.1.4.4_1,Antsirabe Urban,FALSE,0.6101090839257047,FALSE,MDG.1.4_1,MDG.1.4.4_1,TRUE
2008,81,-19.867343,46.985801,MDG.1_1,Antananarivo,MDG.1.4_1,Vakinankaratra,MDG.1.4.4_1,Antsirabe Urban,FALSE,1.3347001809275745,FALSE,MDG.1.4_1,MDG.1.4.4_1,TRUE
2008,82,-19.811847,46.843773,MDG.1_1,Antananarivo,MDG.1.4_1,Vakinankaratra,MDG.1.4.5_1,Betafo,FALSE,10.500096075299073,FALSE,MDG.1.4_1,MDG.1.4.5_1,FALSE
2008,83,-19.687981,46.760669,MDG.1_1,Antananarivo,MDG.1.4_1,Vakinankaratra,MDG.1.4.5_1,Betafo,FALSE,8.878253085344836,FALSE,MDG.1.4_1,MDG.1.4.5_1,FALSE
2008,84,-20.112725,46.881674,MDG.1_1,Antananarivo,MDG.1.4_1,Vakinankaratra,MDG.1.4.3_1,Antsirabe Rural,FALSE,0.19673981654643852,TRUE,MDG.1.4_1,MDG.1.4.3_1,TRUE
2008,85,-20.202397,46.639752,MDG.1_1,Antananarivo,MDG.1.4_1,Vakinankaratra,MDG.1.4.5_1,Betafo,FALSE,3.677125706235264,TRUE,MDG.1.4_1,MDG.1.4.5_1,TRUE
2008,86,-19.393768,47.321403,MDG.1_1,Antananarivo,MDG.1.4_1,Vakinankaratra,MDG.1.4.1_1,Ambatolampy,FALSE,2.223184359885472,TRUE,MDG.1.4_1,MDG.1.4.1_1,TRUE
2008,87,-19.538442,47.578799,MDG.1_1,Antananarivo,MDG.1.4_1,Vakinankaratra,MDG.1.4.1_1,Ambatolampy,FALSE,1.500133572692418,FALSE,MDG.1.4_1,MDG.1.4.1_1,TRUE
2008,88,-19.600871,47.213569,MDG.1_1,Antananarivo,MDG.1.4_1,Vakinankaratra,MDG.1.4.2_1,Antanifotsy,FALSE,1.6608047432639272,FALSE,MDG.1.4_1,MDG.1.4.2_1,TRUE
2008,89,-19.522979,47.246355,MDG.1_1,Antananarivo,MDG.1.4_1,Vakinankaratra,MDG.1.4.2_1,Antanifotsy,FALSE,3.7559036179432166,FALSE,MDG.1.4_1,MDG.1.4.2_1,TRUE
2008,90,-19.478037,47.359716,MDG.1_1,Antananarivo,MDG.1.4_1,Vakinankaratra,MDG.1.4.2_1,Antanifotsy,FALSE,3.5559769452003467,FALSE,MDG.1.4_1,MDG.1.4.2_1,TRUE
2008,91,-19.737486,47.85403,MDG.1_1,Antananarivo,MDG.1.4_1,Vakinankaratra,MDG.1.4.2_1,Antanifotsy,FALSE,0.16254615571101078,TRUE,MDG.1.4_1,MDG.1.4.2_1,TRUE
2008,92,-19.373912,46.803599,MDG.1_1,Antananarivo,MDG.1.4_1,Vakinankaratra,MDG.1.4.6_1,Faratsiho,FALSE,9.624383565562642,TRUE,MDG.1.4_1,MDG.1.4.6_1,FALSE
2008,93,-19.229559,46.980575,MDG.1_1,Antananarivo,MDG.1.4_1,Vakinankaratra,MDG.1.4.6_1,Faratsiho,FALSE,3.4749422061188553,FALSE,MDG.1.4_1,MDG.1.4.6_1,TRUE
2008,94,-19.445688,46.789909,MDG.1_1,Antananarivo,MDG.1.4_1,Vakinankaratra,MDG.1.4.6_1,Faratsiho,FALSE,8.295795878306949,TRUE,MDG.1.4_1,MDG.1.4.6_1,FALSE
2008,95,-19.740662,47.02795,MDG.1_1,Antananarivo,MDG.1.4_1,Vakinankaratra,MDG.1.4.3_1,Antsirabe Rural,FALSE,4.687596411779606,FALSE,MDG.1.4_1,MDG.1.4.3_1,TRUE
2008,96,-19.890069,47.164526,MDG.1_1,Antananarivo,MDG.1.4_1,Vakinankaratra,MDG.1.4.3_1,Antsirabe Rural,FALSE,7.674021153872007,TRUE,MDG.1.4_1,MDG.1.4.3_1,FALSE
2008,97,-19.905699,47.265235,MDG.1_1,Antananarivo,MDG.1.4_1,Vakinankaratra,MDG.1.4.3_1,Antsirabe Rural,FALSE,12.697808332731103,TRUE,MDG.1.4_1,MDG.1.4.3_1,FALSE
2008,98,-19.60027,47.164903,MDG.1_1,Antananarivo,MDG.1.4_1,Vakinankaratra,MDG.1.4.3_1,Antsirabe Rural,FALSE,3.3531387798730568,FALSE,MDG.1.4_1,MDG.1.4.3_1,TRUE
2008,99,-19.47103,46.335599,MDG.1_1,Antananarivo,MDG.1.4_1,Vakinankaratra,MDG.1.4.5_1,Betafo,FALSE,5.708895316290345,FALSE,MDG.1.4_1,MDG.1.4.5_1,FALSE
2008,100,-19.649249,46.512126,MDG.1_1,Antananarivo,MDG.1.4_1,Vakinankaratra,MDG.1.4.5_1,Betafo,FALSE,22.595028821480003,FALSE,MDG.1.4_1,MDG.1.4.5_1,FALSE
2008,101,-18.99455,47.17387,MDG.1_1,Antananarivo,MDG.1.3_1,Itasy,MDG.1.3.1_1,Arivonimamo,FALSE,6.726995532110778,FALSE,MDG.1.3_1,MDG.1.3.1_1,FALSE
2008,102,-19.036001,47.182142,MDG.1_1,Antananarivo,MDG.1.3_1,Itasy,MDG.1.3.1_1,Arivonimamo,FALSE,7.508221616907459,FALSE,MDG.1.3_1,MDG.1.3.1_1,FALSE
2008,103,-19.024911,47.150869,MDG.1_1,Antananarivo,MDG.1.3_1,Itasy,MDG.1.3.1_1,Arivonimamo,FALSE,4.008902891705625,FALSE,MDG.1.3_1,MDG.1.3.1_1,TRUE
2008,104,-19.101744,47.235994,MDG.1_1,Antananarivo,MDG.1.3_1,Itasy,MDG.1.3.1_1,Arivonimamo,FALSE,15.695919700360877,FALSE,MDG.1.3_1,MDG.1.3.1_1,FALSE
2008,105,-19.091103,47.0636,MDG.1_1,Antananarivo,MDG.1.3_1,Itasy,MDG.1.3.1_1,Arivonimamo,FALSE,1.2717191188908386,FALSE,MDG.1.3_1,MDG.1.3.1_1,TRUE
2008,106,-18.998558,47.337286,MDG.1_1,Antananarivo,MDG.1.3_1,Itasy,MDG.1.3.1_1,Arivonimamo,FALSE,7.591862683119093,FALSE,MDG.1.3_1,MDG.1.3.1_1,FALSE
2008,107,-18.906134,47.289499,MDG.1_1,Antananarivo,MDG.1.3_1,Itasy,MDG.1.3.1_1,Arivonimamo,FALSE,4.574836593423057,FALSE,MDG.1.3_1,MDG.1.3.1_1,TRUE
2008,108,-19.245716,47.150821,MDG.1_1,Antananarivo,MDG.1.3_1,Itasy,MDG.1.3.1_1,Arivonimamo,FALSE,8.541555768706894,FALSE,MDG.1.3_1,MDG.1.3.1_1,FALSE
2008,109,-19.304467,47.086828,MDG.1_1,Antananarivo,MDG.1.3_1,Itasy,MDG.1.3.1_1,Arivonimamo,FALSE,1.1349526523623137,FALSE,MDG.1.3_1,MDG.1.3.1_1,TRUE
2008,110,-19.104752,47.384526,MDG.1_1,Antananarivo,MDG.1.3_1,Itasy,MDG.1.3.1_1,Arivonimamo,FALSE,7.1976842461130195,FALSE,MDG.1.3_1,MDG.1.3.1_1,FALSE
2008,111,-19.195922,47.281009,MDG.1_1,Antananarivo,MDG.1.3_1,Itasy,MDG.1.3.1_1,Arivonimamo,FALSE,9.071036352438046,FALSE,MDG.1.3_1,MDG.1.3.1_1,FALSE
2008,112,-18.945078,46.891445,MDG.1_1,Antananarivo,MDG.1.3_1,Itasy,MDG.1.3.2_1,Miarinarivo,FALSE,16.07848171912279,FALSE,MDG.1.3_1,MDG.1.3.2_1,FALSE
2008,113,-19.014502,46.905472,MDG.1_1,Antananarivo,MDG.1.3_1,Itasy,MDG.1.3.2_1,Miarinarivo,FALSE,12.091640435690291,FALSE,MDG.1.3_1,MDG.1.3.2_1,FALSE
2008,114,-19.03292,46.89053,MDG.1_1,Antananarivo,MDG.1.3_1,Itasy,MDG.1.3.2_1,Miarinarivo,FALSE,9.554052231239481,FALSE,MDG.1.3_1,MDG.1.3.2_1,FALSE
2008,115,-19.019304,46.983517,MDG.1_1,Antananarivo,MDG.1.3_1,Itasy,MDG.1.3.2_1,Miarinarivo,FALSE,8.128386841180824,FALSE,MDG.1.3_1,MDG.1.3.2_1,FALSE
2008,117,-19.094387,46.932478,MDG.1_1,Antananarivo,MDG.1.3_1,Itasy,MDG.1.3.2_1,Miarinarivo,FALSE,6.468522397716771,FALSE,MDG.1.3_1,MDG.1.3.2_1,FALSE
2008,118,-18.933382,46.744377,MDG.1_1,Antananarivo,MDG.1.3_1,Itasy,MDG.1.3.2_1,Miarinarivo,FALSE,10.363570882764437,FALSE,MDG.1.3_1,MDG.1.3.2_1,FALSE
2008,119,-18.781986,47.084949,MDG.1_1,Antananarivo,MDG.1.3_1,Itasy,MDG.1.3.2_1,Miarinarivo,FALSE,1.0977741713463773,FALSE,MDG.1.3_1,MDG.1.3.2_1,TRUE
2008,120,-19.10268,46.752153,MDG.1_1,Antananarivo,MDG.1.3_1,Itasy,MDG.1.3.3_1,Soavinandriana,FALSE,3.916097036255819,TRUE,MDG.1.3_1,MDG.1.3.3_1,TRUE
2008,121,-19.194327,46.695891,MDG.1_1,Antananarivo,MDG.1.3_1,Itasy,MDG.1.3.3_1,Soavinandriana,FALSE,10.517165521900532,TRUE,MDG.1.3_1,MDG.1.3.3_1,FALSE
2008,122,-19.19144,46.591129,MDG.1_1,Antananarivo,MDG.1.3_1,Itasy,MDG.1.3.3_1,Soavinandriana,FALSE,10.284275957549303,TRUE,MDG.1.3_1,MDG.1.3.3_1,FALSE
2008,123,-19.046076,46.716249,MDG.1_1,Antananarivo,MDG.1.3_1,Itasy,MDG.1.3.3_1,Soavinandriana,FALSE,2.081258737765537,FALSE,MDG.1.3_1,MDG.1.3.3_1,TRUE
2008,124,-19.024406,46.55637,MDG.1_1,Antananarivo,MDG.1.2_1,Bongolava,MDG.1.2.2_1,Tsiroanomandidy,FALSE,0.4345151986466365,FALSE,MDG.1.2_1,MDG.1.2.2_1,TRUE
2008,125,-19.334489,46.447912,MDG.1_1,Antananarivo,MDG.1.3_1,Itasy,MDG.1.3.3_1,Soavinandriana,FALSE,4.114234483804505,FALSE,MDG.1.3_1,MDG.1.3.3_1,TRUE
2008,126,-18.766716,46.053681,MDG.1_1,Antananarivo,MDG.1.2_1,Bongolava,MDG.1.2.2_1,Tsiroanomandidy,FALSE,29.922757793856547,FALSE,MDG.1.2_1,MDG.1.2.2_1,FALSE
2008,127,-18.762073,46.037691,MDG.1_1,Antananarivo,MDG.1.2_1,Bongolava,MDG.1.2.2_1,Tsiroanomandidy,FALSE,29.561140377970208,FALSE,MDG.1.2_1,MDG.1.2.2_1,FALSE
2008,128,-18.763794999999998,46.04186,MDG.1_1,Antananarivo,MDG.1.2_1,Bongolava,MDG.1.2.2_1,Tsiroanomandidy,FALSE,29.7020382840172,FALSE,MDG.1.2_1,MDG.1.2.2_1,FALSE
2008,129,-18.774962,46.069326,MDG.1_1,Antananarivo,MDG.1.2_1,Bongolava,MDG.1.2.2_1,Tsiroanomandidy,FALSE,30.78145543951118,FALSE,MDG.1.2_1,MDG.1.2.2_1,FALSE
2008,130,-18.601309,45.996878,MDG.1_1,Antananarivo,MDG.1.2_1,Bongolava,MDG.1.2.2_1,Tsiroanomandidy,FALSE,13.54172433174713,TRUE,MDG.1.2_1,MDG.1.2.2_1,FALSE
2008,131,-18.853312,45.994218,MDG.1_1,Antananarivo,MDG.1.2_1,Bongolava,MDG.1.2.2_1,Tsiroanomandidy,FALSE,40.26847269287637,TRUE,MDG.1.2_1,MDG.1.2.2_1,FALSE
2008,132,-18.972527,46.114516,MDG.1_1,Antananarivo,MDG.1.2_1,Bongolava,MDG.1.2.2_1,Tsiroanomandidy,FALSE,33.61358481773648,TRUE,MDG.1.2_1,MDG.1.2.2_1,FALSE
2008,133,-18.733761,46.237659,MDG.1_1,Antananarivo,MDG.1.2_1,Bongolava,MDG.1.2.2_1,Tsiroanomandidy,FALSE,19.841714144998146,TRUE,MDG.1.2_1,MDG.1.2.2_1,FALSE
2008,134,-19.001909,46.439399,MDG.1_1,Antananarivo,MDG.1.2_1,Bongolava,MDG.1.2.2_1,Tsiroanomandidy,FALSE,5.522510283116179,FALSE,MDG.1.2_1,MDG.1.2.2_1,FALSE
2008,135,-18.527321,46.094889,MDG.1_1,Antananarivo,MDG.1.2_1,Bongolava,MDG.1.2.2_1,Tsiroanomandidy,FALSE,3.528709273393234,TRUE,MDG.1.2_1,MDG.1.2.2_1,TRUE
2008,136,-18.951966,45.995306,MDG.1_1,Antananarivo,MDG.1.2_1,Bongolava,MDG.1.2.2_1,Tsiroanomandidy,FALSE,34.32402993821298,TRUE,MDG.1.2_1,MDG.1.2.2_1,FALSE
2008,137,-18.511057,46.311986,MDG.1_1,Antananarivo,MDG.1.2_1,Bongolava,MDG.1.2.2_1,Tsiroanomandidy,FALSE,1.7025378358624197,TRUE,MDG.1.2_1,MDG.1.2.2_1,TRUE
2008,138,-19.029703,46.287537,MDG.1_1,Antananarivo,MDG.1.2_1,Bongolava,MDG.1.2.2_1,Tsiroanomandidy,FALSE,15.654931368044169,FALSE,MDG.1.2_1,MDG.1.2.2_1,FALSE
2008,139,-18.949351,45.687061,MDG.1_1,Antananarivo,MDG.1.2_1,Bongolava,MDG.1.2.2_1,Tsiroanomandidy,FALSE,13.979988785702297,TRUE,MDG.1.2_1,MDG.1.2.2_1,FALSE
2008,140,-18.770705,46.506426,MDG.1_1,Antananarivo,MDG.1.2_1,Bongolava,MDG.1.2.2_1,Tsiroanomandidy,FALSE,7.563178832004608,FALSE,MDG.1.2_1,MDG.1.2.2_1,FALSE
2008,141,-19.105412,46.16864,MDG.1_1,Antananarivo,MDG.1.2_1,Bongolava,MDG.1.2.2_1,Tsiroanomandidy,FALSE,20.241109104151363,FALSE,MDG.1.2_1,MDG.1.2.2_1,FALSE
2008,142,-19.15022,46.366887,MDG.1_1,Antananarivo,MDG.1.2_1,Bongolava,MDG.1.2.2_1,Tsiroanomandidy,FALSE,0.631701137847043,FALSE,MDG.1.2_1,MDG.1.2.2_1,TRUE
2008,143,-19.138267,46.030471,MDG.1_1,Antananarivo,MDG.1.2_1,Bongolava,MDG.1.2.2_1,Tsiroanomandidy,FALSE,25.024818304118163,TRUE,MDG.1.2_1,MDG.1.2.2_1,FALSE
2008,144,-19.211742,46.274663,MDG.1_1,Antananarivo,MDG.1.2_1,Bongolava,MDG.1.2.2_1,Tsiroanomandidy,FALSE,4.305013327791224,FALSE,MDG.1.2_1,MDG.1.2.2_1,TRUE
2008,145,-18.447177,46.594595,MDG.1_1,Antananarivo,MDG.1.2_1,Bongolava,MDG.1.2.1_1,Fenoarivo-Centre,FALSE,17.754568941520343,TRUE,MDG.1.2_1,MDG.1.2.1_1,FALSE
2008,146,-18.521914,46.850329,MDG.1_1,Antananarivo,MDG.1.2_1,Bongolava,MDG.1.2.1_1,Fenoarivo-Centre,FALSE,7.093730543711375,TRUE,MDG.1.2_1,MDG.1.2.1_1,FALSE
2008,147,-18.616343,46.847977,MDG.1_1,Antananarivo,MDG.1.2_1,Bongolava,MDG.1.2.1_1,Fenoarivo-Centre,FALSE,8.320482581306017,TRUE,MDG.1.2_1,MDG.1.2.1_1,FALSE
2008,148,-18.725926,47.019753,MDG.1_1,Antananarivo,MDG.1.2_1,Bongolava,MDG.1.2.1_1,Fenoarivo-Centre,FALSE,0.06632150082009983,FALSE,MDG.1.2_1,MDG.1.2.1_1,TRUE
2008,149,-18.37539,46.031808,MDG.1_1,Antananarivo,MDG.1.2_1,Bongolava,MDG.1.2.1_1,Fenoarivo-Centre,FALSE,10.617774958633339,TRUE,MDG.1.2_1,MDG.1.2.1_1,FALSE
2008,150,-17.874337,46.391521,MDG.1_1,Antananarivo,MDG.1.2_1,Bongolava,MDG.1.2.1_1,Fenoarivo-Centre,FALSE,6.264871248877596,TRUE,MDG.1.2_1,MDG.1.2.1_1,FALSE
2008,151,-21.453032,47.081651,MDG.3_1,Fianarantsoa,MDG.3.3_1,Haute matsiatra,MDG.3.3.4_1,Fianarantsoa Urban,FALSE,3.622672233884044,FALSE,MDG.3.3_1,MDG.3.3.4_1,TRUE
2008,152,-21.46268,47.076287,MDG.3_1,Fianarantsoa,MDG.3.3_1,Haute matsiatra,MDG.3.3.4_1,Fianarantsoa Urban,FALSE,3.2101725461976254,FALSE,MDG.3.3_1,MDG.3.3.4_1,TRUE
2008,153,-21.439428,47.103845,MDG.3_1,Fianarantsoa,MDG.3.3_1,Haute matsiatra,MDG.3.3.4_1,Fianarantsoa Urban,FALSE,2.9462091246658266,FALSE,MDG.3.3_1,MDG.3.3.4_1,TRUE
2008,154,-21.454038,47.109541,MDG.3_1,Fianarantsoa,MDG.3.3_1,Haute matsiatra,MDG.3.3.4_1,Fianarantsoa Urban,FALSE,1.3979904439067565,FALSE,MDG.3.3_1,MDG.3.3.4_1,TRUE
2008,155,-21.44141,47.113624,MDG.3_1,Fianarantsoa,MDG.3.3_1,Haute matsiatra,MDG.3.3.4_1,Fianarantsoa Urban,FALSE,2.213389978106958,FALSE,MDG.3.3_1,MDG.3.3.4_1,TRUE
2008,156,-21.416072,47.076998,MDG.3_1,Fianarantsoa,MDG.3.3_1,Haute matsiatra,MDG.3.3.4_1,Fianarantsoa Urban,FALSE,0.6851420037261238,FALSE,MDG.3.3_1,MDG.3.3.4_1,TRUE
2008,157,-21.834468,46.931635,MDG.3_1,Fianarantsoa,MDG.3.3_1,Haute matsiatra,MDG.3.3.1_1,Ambalavao,FALSE,10.401291658129686,FALSE,MDG.3.3_1,MDG.3.3.1_1,FALSE
2008,158,-21.744415,46.833283,MDG.3_1,Fianarantsoa,MDG.3.3_1,Haute matsiatra,MDG.3.3.1_1,Ambalavao,FALSE,3.2823319471922474,FALSE,MDG.3.3_1,MDG.3.3.1_1,TRUE
2008,159,-21.891503,46.995004,MDG.3_1,Fianarantsoa,MDG.3.3_1,Haute matsiatra,MDG.3.3.1_1,Ambalavao,FALSE,11.351944312456549,FALSE,MDG.3.3_1,MDG.3.3.1_1,FALSE
2008,160,-21.895711,46.701398,MDG.3_1,Fianarantsoa,MDG.3.3_1,Haute matsiatra,MDG.3.3.1_1,Ambalavao,FALSE,23.371314806773704,FALSE,MDG.3.3_1,MDG.3.3.1_1,FALSE
2008,161,-22.038887,46.724299,MDG.3_1,Fianarantsoa,MDG.3.3_1,Haute matsiatra,MDG.3.3.1_1,Ambalavao,FALSE,13.6243374466223,FALSE,MDG.3.3_1,MDG.3.3.1_1,FALSE
2008,162,-21.13752,47.306211,MDG.3_1,Fianarantsoa,MDG.3.3_1,Haute matsiatra,MDG.3.3.2_1,Ambohimahasoa,FALSE,9.485481913440303,FALSE,MDG.3.3_1,MDG.3.3.2_1,FALSE
2008,163,-20.942862,47.168422,MDG.3_1,Fianarantsoa,MDG.3.3_1,Haute matsiatra,MDG.3.3.2_1,Ambohimahasoa,FALSE,8.22855152966818,TRUE,MDG.3.3_1,MDG.3.3.2_1,FALSE
2008,164,-21.05448,47.060666,MDG.3_1,Fianarantsoa,MDG.3.3_1,Haute matsiatra,MDG.3.3.2_1,Ambohimahasoa,FALSE,10.737973459579514,FALSE,MDG.3.3_1,MDG.3.3.2_1,FALSE
2008,167,-21.492564,47.154991,MDG.3_1,Fianarantsoa,MDG.3.3_1,Haute matsiatra,MDG.3.3.3_1,Fianarantsoa Rural,FALSE,2.2077356399046324,FALSE,MDG.3.3_1,MDG.3.3.3_1,TRUE
2008,168,-21.40852,47.20078,MDG.3_1,Fianarantsoa,MDG.3.3_1,Haute matsiatra,MDG.3.3.3_1,Fianarantsoa Rural,FALSE,7.218004251374657,FALSE,MDG.3.3_1,MDG.3.3.3_1,FALSE
2008,169,-21.416559,47.055128,MDG.3_1,Fianarantsoa,MDG.3.3_1,Haute matsiatra,MDG.3.3.3_1,Fianarantsoa Rural,FALSE,0.0385067097073114,TRUE,MDG.3.3_1,MDG.3.3.3_1,TRUE
2008,170,-21.328986,47.204434,MDG.3_1,Fianarantsoa,MDG.3.3_1,Haute matsiatra,MDG.3.3.3_1,Fianarantsoa Rural,FALSE,6.0642749392122015,TRUE,MDG.3.3_1,MDG.3.3.3_1,FALSE
2008,171,-21.600803,47.280589,MDG.3_1,Fianarantsoa,MDG.3.3_1,Haute matsiatra,MDG.3.3.3_1,Fianarantsoa Rural,FALSE,8.41479791181926,FALSE,MDG.3.3_1,MDG.3.3.3_1,FALSE
2008,172,-21.314207,47.297825,MDG.3_1,Fianarantsoa,MDG.3.3_1,Haute matsiatra,MDG.3.3.3_1,Fianarantsoa Rural,FALSE,5.147297532615633,FALSE,MDG.3.3_1,MDG.3.3.3_1,FALSE
2008,173,-21.638535,47.187908,MDG.3_1,Fianarantsoa,MDG.3.3_1,Haute matsiatra,MDG.3.3.3_1,Fianarantsoa Rural,FALSE,16.060387128496423,TRUE,MDG.3.3_1,MDG.3.3.3_1,FALSE
2008,174,-21.242074,46.881508,MDG.3_1,Fianarantsoa,MDG.3.3_1,Haute matsiatra,MDG.3.3.3_1,Fianarantsoa Rural,FALSE,1.7435298848738745,TRUE,MDG.3.3_1,MDG.3.3.3_1,TRUE
2008,175,-21.786707,47.167055,MDG.3_1,Fianarantsoa,MDG.3.3_1,Haute matsiatra,MDG.3.3.3_1,Fianarantsoa Rural,FALSE,7.247650509346546,FALSE,MDG.3.3_1,MDG.3.3.3_1,FALSE
2008,176,-20.507567,46.858849,MDG.3_1,Fianarantsoa,MDG.3.1_1,Amoron'i mania,MDG.3.1.1_1,Ambatofinandrahana,FALSE,12.280062029674394,TRUE,MDG.3.1_1,MDG.3.1.1_1,FALSE
2008,177,-20.651464,46.679133,MDG.3_1,Fianarantsoa,MDG.3.1_1,Amoron'i mania,MDG.3.1.1_1,Ambatofinandrahana,FALSE,12.459602527740056,TRUE,MDG.3.1_1,MDG.3.1.1_1,FALSE
2008,178,-20.40355,46.93814,MDG.3_1,Fianarantsoa,MDG.3.1_1,Amoron'i mania,MDG.3.1.1_1,Ambatofinandrahana,FALSE,3.7360445027457785,FALSE,MDG.3.1_1,MDG.3.1.1_1,TRUE
2008,179,-20.216559,46.954385,MDG.3_1,Fianarantsoa,MDG.3.1_1,Amoron'i mania,MDG.3.1.1_1,Ambatofinandrahana,FALSE,1.2019658599577672,TRUE,MDG.3.1_1,MDG.3.1.1_1,TRUE
2008,180,-20.636685,46.223819,MDG.3_1,Fianarantsoa,MDG.3.1_1,Amoron'i mania,MDG.3.1.1_1,Ambatofinandrahana,FALSE,16.89183439123413,TRUE,MDG.3.1_1,MDG.3.1.1_1,FALSE
2008,181,-20.528299,47.244091,MDG.3_1,Fianarantsoa,MDG.3.1_1,Amoron'i mania,MDG.3.1.2_1,Ambositra,FALSE,5.928418433343822,FALSE,MDG.3.1_1,MDG.3.1.2_1,FALSE
2008,182,-20.532406,47.249639,MDG.3_1,Fianarantsoa,MDG.3.1_1,Amoron'i mania,MDG.3.1.2_1,Ambositra,FALSE,5.772668176930575,FALSE,MDG.3.1_1,MDG.3.1.2_1,FALSE
2008,183,-20.553856,47.234004,MDG.3_1,Fianarantsoa,MDG.3.1_1,Amoron'i mania,MDG.3.1.2_1,Ambositra,FALSE,8.608884019028691,FALSE,MDG.3.1_1,MDG.3.1.2_1,FALSE
2008,184,-20.53163,47.266978,MDG.3_1,Fianarantsoa,MDG.3.1_1,Amoron'i mania,MDG.3.1.2_1,Ambositra,FALSE,4.5434103646687785,TRUE,MDG.3.1_1,MDG.3.1.2_1,TRUE
2008,185,-20.558642,47.175389,MDG.3_1,Fianarantsoa,MDG.3.1_1,Amoron'i mania,MDG.3.1.2_1,Ambositra,FALSE,4.330737543285725,TRUE,MDG.3.1_1,MDG.3.1.2_1,TRUE
2008,186,-20.408331,47.119403,MDG.3_1,Fianarantsoa,MDG.3.1_1,Amoron'i mania,MDG.3.1.2_1,Ambositra,FALSE,10.838436413458242,FALSE,MDG.3.1_1,MDG.3.1.2_1,FALSE
2008,187,-20.507634,47.297858,MDG.3_1,Fianarantsoa,MDG.3.1_1,Amoron'i mania,MDG.3.1.2_1,Ambositra,FALSE,1.0614489648813943,TRUE,MDG.3.1_1,MDG.3.1.2_1,TRUE
2008,188,-20.743589,47.182571,MDG.3_1,Fianarantsoa,MDG.3.1_1,Amoron'i mania,MDG.3.1.2_1,Ambositra,FALSE,3.7944806223571126,TRUE,MDG.3.1_1,MDG.3.1.2_1,TRUE
2008,189,-20.805387,47.206036,MDG.3_1,Fianarantsoa,MDG.3.1_1,Amoron'i mania,MDG.3.1.2_1,Ambositra,FALSE,0.662125062671279,TRUE,MDG.3.1_1,MDG.3.1.2_1,TRUE
2008,190,-20.222548,47.063255,MDG.3_1,Fianarantsoa,MDG.3.1_1,Amoron'i mania,MDG.3.1.2_1,Ambositra,FALSE,4.554769471896465,TRUE,MDG.3.1_1,MDG.3.1.2_1,TRUE
2008,191,-20.722401,47.580211,MDG.3_1,Fianarantsoa,MDG.3.1_1,Amoron'i mania,MDG.3.1.2_1,Ambositra,FALSE,1.4662839354196113,FALSE,MDG.3.1_1,MDG.3.1.2_1,TRUE
2008,192,-20.250418,47.426715,MDG.3_1,Fianarantsoa,MDG.3.1_1,Amoron'i mania,MDG.3.1.3_1,Fandriana,FALSE,18.56472749870696,TRUE,MDG.3.1_1,MDG.3.1.3_1,FALSE
2008,193,-20.328611,47.349937,MDG.3_1,Fianarantsoa,MDG.3.1_1,Amoron'i mania,MDG.3.1.3_1,Fandriana,FALSE,12.01861088118793,TRUE,MDG.3.1_1,MDG.3.1.3_1,FALSE
2008,194,-20.193033,47.485524,MDG.3_1,Fianarantsoa,MDG.3.1_1,Amoron'i mania,MDG.3.1.3_1,Fandriana,FALSE,12.736029098186183,TRUE,MDG.3.1_1,MDG.3.1.3_1,FALSE
2008,195,-20.412492,47.288153,MDG.3_1,Fianarantsoa,MDG.3.1_1,Amoron'i mania,MDG.3.1.3_1,Fandriana,FALSE,4.398031075991921,TRUE,MDG.3.1_1,MDG.3.1.3_1,TRUE
2008,196,-20.209435,47.511618,MDG.3_1,Fianarantsoa,MDG.3.1_1,Amoron'i mania,MDG.3.1.3_1,Fandriana,FALSE,14.682645589129473,TRUE,MDG.3.1_1,MDG.3.1.3_1,FALSE
2008,197,-20.479684,47.349655,MDG.3_1,Fianarantsoa,MDG.3.1_1,Amoron'i mania,MDG.3.1.3_1,Fandriana,FALSE,0.9891110973589619,TRUE,MDG.3.1_1,MDG.3.1.3_1,TRUE
2008,198,-20.778805,47.073147,MDG.3_1,Fianarantsoa,MDG.3.1_1,Amoron'i mania,MDG.3.1.4_1,Manandriana,FALSE,3.2068914236287256,TRUE,MDG.3.1_1,MDG.3.1.4_1,TRUE
2008,199,-20.84537,47.12279,MDG.3_1,Fianarantsoa,MDG.3.1_1,Amoron'i mania,MDG.3.1.4_1,Manandriana,FALSE,2.0164621192382923,TRUE,MDG.3.1_1,MDG.3.1.4_1,TRUE
2008,200,-20.791169,47.006686,MDG.3_1,Fianarantsoa,MDG.3.1_1,Amoron'i mania,MDG.3.1.4_1,Manandriana,FALSE,8.711846344956228,TRUE,MDG.3.1_1,MDG.3.1.4_1,FALSE
2008,201,-21.375248,47.703426,MDG.3_1,Fianarantsoa,MDG.3.5_1,Vatovavy Fitovinany,MDG.3.5.1_1,Ifanadiana,FALSE,9.556467410786896,FALSE,MDG.3.5_1,MDG.3.5.1_1,FALSE
2008,202,-21.527176,47.759926,MDG.3_1,Fianarantsoa,MDG.3.5_1,Vatovavy Fitovinany,MDG.3.5.1_1,Ifanadiana,FALSE,3.939487202409916,TRUE,MDG.3.5_1,MDG.3.5.1_1,TRUE
2008,203,-20.707008,47.711273,MDG.3_1,Fianarantsoa,MDG.3.5_1,Vatovavy Fitovinany,MDG.3.5.1_1,Ifanadiana,FALSE,4.6533784579110815,TRUE,MDG.3.5_1,MDG.3.5.1_1,TRUE
2008,204,-20.786873,48.345402,MDG.3_1,Fianarantsoa,MDG.3.5_1,Vatovavy Fitovinany,MDG.3.5.5_1,Nosy varika,FALSE,1.4848686515137188,TRUE,MDG.3.5_1,MDG.3.5.5_1,TRUE
2008,205,-20.656685,48.447024,MDG.3_1,Fianarantsoa,MDG.3.5_1,Vatovavy Fitovinany,MDG.3.5.5_1,Nosy varika,FALSE,7.07828330082456,TRUE,MDG.3.5_1,MDG.3.5.5_1,FALSE
2008,206,-20.354627,48.172983,MDG.3_1,Fianarantsoa,MDG.3.5_1,Vatovavy Fitovinany,MDG.3.5.5_1,Nosy varika,FALSE,6.917023522074587,TRUE,MDG.3.5_1,MDG.3.5.5_1,FALSE
2008,207,-20.585991,47.848858,MDG.3_1,Fianarantsoa,MDG.3.5_1,Vatovavy Fitovinany,MDG.3.5.5_1,Nosy varika,FALSE,6.353897286240412,TRUE,MDG.3.5_1,MDG.3.5.5_1,FALSE
2008,208,-21.229402,48.356697,MDG.3_1,Fianarantsoa,MDG.3.5_1,Vatovavy Fitovinany,MDG.3.5.4_1,Mananjary,TRUE,0.5255939611958945,FALSE,MDG.3.5_1,MDG.3.5.4_1,TRUE
2008,209,-21.242202,48.338573,MDG.3_1,Fianarantsoa,MDG.3.5_1,Vatovavy Fitovinany,MDG.3.5.4_1,Mananjary,FALSE,0.9708391347627805,FALSE,MDG.3.5_1,MDG.3.5.4_1,TRUE
2008,210,-21.277241,48.171144,MDG.3_1,Fianarantsoa,MDG.3.5_1,Vatovavy Fitovinany,MDG.3.5.4_1,Mananjary,FALSE,15.409624417622684,TRUE,MDG.3.5_1,MDG.3.5.4_1,FALSE
2008,211,-20.927344,48.340804,MDG.3_1,Fianarantsoa,MDG.3.5_1,Vatovavy Fitovinany,MDG.3.5.4_1,Mananjary,FALSE,9.538368273886311,TRUE,MDG.3.5_1,MDG.3.5.4_1,FALSE
2008,212,-21.480208,47.838553,MDG.3_1,Fianarantsoa,MDG.3.5_1,Vatovavy Fitovinany,MDG.3.5.4_1,Mananjary,FALSE,2.115091603116798,TRUE,MDG.3.5_1,MDG.3.5.4_1,TRUE
2008,213,-20.940314,47.867688,MDG.3_1,Fianarantsoa,MDG.3.5_1,Vatovavy Fitovinany,MDG.3.5.4_1,Mananjary,FALSE,6.068423631634616,TRUE,MDG.3.5_1,MDG.3.5.4_1,FALSE
2008,214,-22.145534,48.00465,MDG.3_1,Fianarantsoa,MDG.3.5_1,Vatovavy Fitovinany,MDG.3.5.3_1,Manakara-Sud,FALSE,1.8494643251256748,FALSE,MDG.3.5_1,MDG.3.5.3_1,TRUE
2008,215,-22.136411,47.974622,MDG.3_1,Fianarantsoa,MDG.3.5_1,Vatovavy Fitovinany,MDG.3.5.3_1,Manakara-Sud,FALSE,5.043444686280667,TRUE,MDG.3.5_1,MDG.3.5.3_1,FALSE
2008,216,-21.940467,47.782097,MDG.3_1,Fianarantsoa,MDG.3.5_1,Vatovavy Fitovinany,MDG.3.5.3_1,Manakara-Sud,FALSE,13.450833346793132,TRUE,MDG.3.5_1,MDG.3.5.3_1,FALSE
2008,217,-22.186878,47.784809,MDG.3_1,Fianarantsoa,MDG.3.5_1,Vatovavy Fitovinany,MDG.3.5.3_1,Manakara-Sud,FALSE,6.677334432850405,TRUE,MDG.3.5_1,MDG.3.5.3_1,FALSE
2008,218,-22.087859,47.735704,MDG.3_1,Fianarantsoa,MDG.3.5_1,Vatovavy Fitovinany,MDG.3.5.3_1,Manakara-Sud,FALSE,7.781099319655445,TRUE,MDG.3.5_1,MDG.3.5.3_1,FALSE
2008,219,-21.749582,47.884334,MDG.3_1,Fianarantsoa,MDG.3.5_1,Vatovavy Fitovinany,MDG.3.5.3_1,Manakara-Sud,FALSE,10.307321361031708,TRUE,MDG.3.5_1,MDG.3.5.3_1,FALSE
2008,220,-21.953013,47.785898,MDG.3_1,Fianarantsoa,MDG.3.5_1,Vatovavy Fitovinany,MDG.3.5.3_1,Manakara-Sud,FALSE,13.929397811726513,TRUE,MDG.3.5_1,MDG.3.5.3_1,FALSE
2008,221,-21.705686,47.476526,MDG.3_1,Fianarantsoa,MDG.3.5_1,Vatovavy Fitovinany,MDG.3.5.2_1,Ikongo,FALSE,8.451775683330283,FALSE,MDG.3.5_1,MDG.3.5.2_1,FALSE
2008,222,-22.252591,47.555969,MDG.3_1,Fianarantsoa,MDG.3.5_1,Vatovavy Fitovinany,MDG.3.5.2_1,Ikongo,FALSE,0.5848987995050776,TRUE,MDG.3.5_1,MDG.3.5.2_1,TRUE
2008,223,-22.104075,47.403893,MDG.3_1,Fianarantsoa,MDG.3.5_1,Vatovavy Fitovinany,MDG.3.5.2_1,Ikongo,FALSE,14.888459580900419,FALSE,MDG.3.5_1,MDG.3.5.2_1,FALSE
2008,224,-22.416273,47.92069,MDG.3_1,Fianarantsoa,MDG.3.5_1,Vatovavy Fitovinany,MDG.3.5.6_1,Vohipeno,TRUE,0.3428679056605778,TRUE,MDG.3.5_1,MDG.3.5.6_1,TRUE
2008,225,-22.37506,47.761731,MDG.3_1,Fianarantsoa,MDG.3.5_1,Vatovavy Fitovinany,MDG.3.5.6_1,Vohipeno,FALSE,6.8696909459282764,TRUE,MDG.3.5_1,MDG.3.5.6_1,FALSE
2008,226,-22.393287,46.113712,MDG.3_1,Fianarantsoa,MDG.3.4_1,Ihorombe,MDG.3.4.2_1,Ihosy,FALSE,34.48418179233644,FALSE,MDG.3.4_1,MDG.3.4.2_1,FALSE
2008,227,-22.387002,46.119673,MDG.3_1,Fianarantsoa,MDG.3.4_1,Ihorombe,MDG.3.4.2_1,Ihosy,FALSE,35.36753928959595,FALSE,MDG.3.4_1,MDG.3.4.2_1,FALSE
2008,228,-22.416822,46.151112,MDG.3_1,Fianarantsoa,MDG.3.4_1,Ihorombe,MDG.3.4.2_1,Ihosy,FALSE,33.92840775988311,FALSE,MDG.3.4_1,MDG.3.4.2_1,FALSE
2008,229,-22.411864,46.109557,MDG.3_1,Fianarantsoa,MDG.3.4_1,Ihorombe,MDG.3.4.2_1,Ihosy,FALSE,32.42940978773553,FALSE,MDG.3.4_1,MDG.3.4.2_1,FALSE
2008,230,-22.369336,46.073015,MDG.3_1,Fianarantsoa,MDG.3.4_1,Ihorombe,MDG.3.4.2_1,Ihosy,FALSE,35.59354484422767,FALSE,MDG.3.4_1,MDG.3.4.2_1,FALSE
2008,231,-22.433377,46.102454,MDG.3_1,Fianarantsoa,MDG.3.4_1,Ihorombe,MDG.3.4.2_1,Ihosy,FALSE,29.958500891547757,FALSE,MDG.3.4_1,MDG.3.4.2_1,FALSE
2008,232,-22.682711,46.257526,MDG.3_1,Fianarantsoa,MDG.3.4_1,Ihorombe,MDG.3.4.2_1,Ihosy,FALSE,17.125959200243752,TRUE,MDG.3.4_1,MDG.3.4.2_1,FALSE
2008,233,-22.282018,46.105889,MDG.3_1,Fianarantsoa,MDG.3.4_1,Ihorombe,MDG.3.4.2_1,Ihosy,FALSE,42.1560750241578,FALSE,MDG.3.4_1,MDG.3.4.2_1,FALSE
2008,234,-22.71967,45.687579,MDG.3_1,Fianarantsoa,MDG.3.4_1,Ihorombe,MDG.3.4.2_1,Ihosy,FALSE,1.6454240720151374,TRUE,MDG.3.4_1,MDG.3.4.2_1,TRUE
2008,235,-22.03319,46.385562,MDG.3_1,Fianarantsoa,MDG.3.4_1,Ihorombe,MDG.3.4.2_1,Ihosy,FALSE,4.377271281215052,FALSE,MDG.3.4_1,MDG.3.4.2_1,TRUE
2008,236,-22.356482,46.472713,MDG.3_1,Fianarantsoa,MDG.3.4_1,Ihorombe,MDG.3.4.2_1,Ihosy,FALSE,8.986991373284285,FALSE,MDG.3.4_1,MDG.3.4.2_1,FALSE
2008,237,-22.304437,45.714105000000004,MDG.3_1,Fianarantsoa,MDG.3.4_1,Ihorombe,MDG.3.4.2_1,Ihosy,FALSE,43.648929150574006,TRUE,MDG.3.4_1,MDG.3.4.2_1,FALSE
2008,238,-22.542755,46.475604,MDG.3_1,Fianarantsoa,MDG.3.4_1,Ihorombe,MDG.3.4.2_1,Ihosy,FALSE,14.60570371905282,TRUE,MDG.3.4_1,MDG.3.4.2_1,FALSE
2008,239,-22.67012,45.527999,MDG.3_1,Fianarantsoa,MDG.3.4_1,Ihorombe,MDG.3.4.2_1,Ihosy,FALSE,11.596792832369776,TRUE,MDG.3.4_1,MDG.3.4.2_1,FALSE
2008,240,-22.691713,45.250655,MDG.3_1,Fianarantsoa,MDG.3.4_1,Ihorombe,MDG.3.4.2_1,Ihosy,FALSE,19.916852229655,FALSE,MDG.3.4_1,MDG.3.4.2_1,FALSE
2008,241,-22.777466,45.114805,MDG.3_1,Fianarantsoa,MDG.3.4_1,Ihorombe,MDG.3.4.2_1,Ihosy,FALSE,8.01435827751134,FALSE,MDG.3.4_1,MDG.3.4.2_1,FALSE
2008,242,-22.879416,45.079061,MDG.3_1,Fianarantsoa,MDG.3.4_1,Ihorombe,MDG.3.4.2_1,Ihosy,FALSE,8.05129096264935,FALSE,MDG.3.4_1,MDG.3.4.2_1,FALSE
2008,243,-22.487631,46.886856,MDG.3_1,Fianarantsoa,MDG.3.4_1,Ihorombe,MDG.3.4.3_1,Ivohibe,FALSE,16.8886530915371,FALSE,MDG.3.4_1,MDG.3.4.3_1,FALSE
2008,244,-22.610068,46.679883,MDG.3_1,Fianarantsoa,MDG.3.4_1,Ihorombe,MDG.3.4.3_1,Ivohibe,FALSE,4.247057532147566,TRUE,MDG.3.4_1,MDG.3.4.3_1,TRUE
2008,245,-22.251683,46.821247,MDG.3_1,Fianarantsoa,MDG.3.4_1,Ihorombe,MDG.3.4.3_1,Ivohibe,FALSE,8.25452805646114,FALSE,MDG.3.4_1,MDG.3.4.3_1,FALSE
2008,246,-22.729479,46.893913,MDG.3_1,Fianarantsoa,MDG.3.4_1,Ihorombe,MDG.3.4.3_1,Ivohibe,FALSE,6.260243296593213,TRUE,MDG.3.4_1,MDG.3.4.3_1,FALSE
2008,247,-22.555923,47.075101,MDG.3_1,Fianarantsoa,MDG.3.4_1,Ihorombe,MDG.3.4.3_1,Ivohibe,FALSE,10.30587387372388,FALSE,MDG.3.4_1,MDG.3.4.3_1,FALSE
2008,248,-23.110089,46.648726,MDG.3_1,Fianarantsoa,MDG.3.4_1,Ihorombe,MDG.3.4.1_1,Iakora,FALSE,18.76158093352562,TRUE,MDG.3.4_1,MDG.3.4.1_1,FALSE
2008,249,-22.772693,46.765402,MDG.3_1,Fianarantsoa,MDG.3.4_1,Ihorombe,MDG.3.4.1_1,Iakora,FALSE,1.283291880658506,TRUE,MDG.3.4_1,MDG.3.4.1_1,TRUE
2008,250,-23.284383,46.721473,MDG.3_1,Fianarantsoa,MDG.3.4_1,Ihorombe,MDG.3.4.1_1,Iakora,FALSE,13.936398505395433,FALSE,MDG.3.4_1,MDG.3.4.1_1,FALSE
2008,251,-22.80014,47.834477,MDG.3_1,Fianarantsoa,MDG.3.2_1,Atsimo-Atsinana,MDG.3.2.2_1,Farafangana,FALSE,0.4102852336630537,FALSE,MDG.3.2_1,MDG.3.2.2_1,TRUE
2008,252,-22.835033,47.807089,MDG.3_1,Fianarantsoa,MDG.3.2_1,Atsimo-Atsinana,MDG.3.2.2_1,Farafangana,FALSE,2.918248155968656,FALSE,MDG.3.2_1,MDG.3.2.2_1,TRUE
2008,253,-22.743297,47.709572,MDG.3_1,Fianarantsoa,MDG.3.2_1,Atsimo-Atsinana,MDG.3.2.2_1,Farafangana,FALSE,14.407101606082152,TRUE,MDG.3.2_1,MDG.3.2.2_1,FALSE
2008,254,-22.853801,47.770883,MDG.3_1,Fianarantsoa,MDG.3.2_1,Atsimo-Atsinana,MDG.3.2.2_1,Farafangana,FALSE,6.291064180589261,TRUE,MDG.3.2_1,MDG.3.2.2_1,FALSE
2008,255,-22.486723,47.801379,MDG.3_1,Fianarantsoa,MDG.3.2_1,Atsimo-Atsinana,MDG.3.2.2_1,Farafangana,FALSE,0.37854039809146073,TRUE,MDG.3.2_1,MDG.3.2.2_1,TRUE
2008,256,-22.774309,47.547874,MDG.3_1,Fianarantsoa,MDG.3.2_1,Atsimo-Atsinana,MDG.3.2.2_1,Farafangana,FALSE,2.127280999996404,TRUE,MDG.3.2_1,MDG.3.2.2_1,TRUE
2008,257,-23.107978,47.605688,MDG.3_1,Fianarantsoa,MDG.3.2_1,Atsimo-Atsinana,MDG.3.2.2_1,Farafangana,FALSE,4.775487535329912,TRUE,MDG.3.2_1,MDG.3.2.2_1,TRUE
2008,258,-22.59986,47.533066,MDG.3_1,Fianarantsoa,MDG.3.2_1,Atsimo-Atsinana,MDG.3.2.2_1,Farafangana,FALSE,2.9269292287157405,TRUE,MDG.3.2_1,MDG.3.2.2_1,TRUE
2008,259,-22.580465,47.606449,MDG.3_1,Fianarantsoa,MDG.3.2_1,Atsimo-Atsinana,MDG.3.2.2_1,Farafangana,FALSE,6.875474662825857,TRUE,MDG.3.2_1,MDG.3.2.2_1,FALSE
2008,260,-23.050629,47.593956,MDG.3_1,Fianarantsoa,MDG.3.2_1,Atsimo-Atsinana,MDG.3.2.2_1,Farafangana,FALSE,10.008131263470514,FALSE,MDG.3.2_1,MDG.3.2.2_1,FALSE
2008,261,-23.344237,47.599486,MDG.3_1,Fianarantsoa,MDG.3.2_1,Atsimo-Atsinana,MDG.3.2.4_1,Vangaindrano,FALSE,9.246465478844058,FALSE,MDG.3.2_1,MDG.3.2.4_1,FALSE
2008,262,-23.362097,47.621823,MDG.3_1,Fianarantsoa,MDG.3.2_1,Atsimo-Atsinana,MDG.3.2.4_1,Vangaindrano,FALSE,6.926446748863544,FALSE,MDG.3.2_1,MDG.3.2.4_1,FALSE
2008,263,-23.364773,47.609091,MDG.3_1,Fianarantsoa,MDG.3.2_1,Atsimo-Atsinana,MDG.3.2.4_1,Vangaindrano,FALSE,8.009688975156807,TRUE,MDG.3.2_1,MDG.3.2.4_1,FALSE
2008,264,-23.291123,47.639068,MDG.3_1,Fianarantsoa,MDG.3.2_1,Atsimo-Atsinana,MDG.3.2.4_1,Vangaindrano,FALSE,7.802452413833256,TRUE,MDG.3.2_1,MDG.3.2.4_1,FALSE
2008,265,-23.338126,47.555283,MDG.3_1,Fianarantsoa,MDG.3.2_1,Atsimo-Atsinana,MDG.3.2.4_1,Vangaindrano,FALSE,13.786099027705694,TRUE,MDG.3.2_1,MDG.3.2.4_1,FALSE
2008,266,-23.52756,47.579849,MDG.3_1,Fianarantsoa,MDG.3.2_1,Atsimo-Atsinana,MDG.3.2.4_1,Vangaindrano,FALSE,2.7924567800914555,TRUE,MDG.3.2_1,MDG.3.2.4_1,TRUE
2008,267,-23.585985,47.501422,MDG.3_1,Fianarantsoa,MDG.3.2_1,Atsimo-Atsinana,MDG.3.2.4_1,Vangaindrano,FALSE,6.2706111721055295,TRUE,MDG.3.2_1,MDG.3.2.4_1,FALSE
2008,268,-23.607783,47.307637,MDG.3_1,Fianarantsoa,MDG.3.2_1,Atsimo-Atsinana,MDG.3.2.4_1,Vangaindrano,FALSE,14.354081725459382,FALSE,MDG.3.2_1,MDG.3.2.4_1,FALSE
2008,269,-23.799462,47.561185,MDG.3_1,Fianarantsoa,MDG.3.2_1,Atsimo-Atsinana,MDG.3.2.4_1,Vangaindrano,FALSE,1.7741987051957164,TRUE,MDG.3.2_1,MDG.3.2.4_1,TRUE
2008,270,-23.958226,47.16261,MDG.3_1,Fianarantsoa,MDG.3.2_1,Atsimo-Atsinana,MDG.3.2.4_1,Vangaindrano,FALSE,3.3428613615813756,FALSE,MDG.3.2_1,MDG.3.2.4_1,TRUE
2008,271,-23.164811,46.980231,MDG.3_1,Fianarantsoa,MDG.3.2_1,Atsimo-Atsinana,MDG.3.2.3_1,Midongy-Sud,FALSE,12.69700293610981,FALSE,MDG.3.2_1,MDG.3.2.3_1,FALSE
2008,272,-22.812941,47.512537,MDG.3_1,Fianarantsoa,MDG.3.2_1,Atsimo-Atsinana,MDG.3.2.2_1,Farafangana,FALSE,0.42495489307088447,TRUE,MDG.3.2_1,MDG.3.2.2_1,TRUE
2008,273,-22.407964,47.388441,MDG.3_1,Fianarantsoa,MDG.3.2_1,Atsimo-Atsinana,MDG.3.2.5_1,Vondrozo,FALSE,8.67938649510239,TRUE,MDG.3.2_1,MDG.3.2.5_1,FALSE
2008,274,-22.554096,47.407685,MDG.3_1,Fianarantsoa,MDG.3.2_1,Atsimo-Atsinana,MDG.3.2.5_1,Vondrozo,FALSE,8.94417977878989,TRUE,MDG.3.2_1,MDG.3.2.5_1,FALSE
2008,275,-24.027825,46.960089,MDG.3_1,Fianarantsoa,MDG.3.2_1,Atsimo-Atsinana,MDG.3.2.1_1,Befotaka,FALSE,10.592029607120354,FALSE,MDG.3.2_1,MDG.3.2.1_1,FALSE
2008,276,-18.17038,49.400891,MDG.5_1,Toamasina,MDG.5.3_1,Atsinanana,MDG.5.3.5_1,Toamasina Rural,FALSE,0.3085245988471003,FALSE,MDG.5.3_1,MDG.5.3.5_1,TRUE
2008,277,-18.159528,49.400959,MDG.5_1,Toamasina,MDG.5.3_1,Atsinanana,MDG.5.3.5_1,Toamasina Rural,FALSE,1.1668905993549565,FALSE,MDG.5.3_1,MDG.5.3.5_1,TRUE
2008,278,-18.14877,49.399332,MDG.5_1,Toamasina,MDG.5.3_1,Atsinanana,MDG.5.3.5_1,Toamasina Rural,FALSE,1.8531878118291945,FALSE,MDG.5.3_1,MDG.5.3.5_1,TRUE
2008,279,-18.154031,49.384779,MDG.5_1,Toamasina,MDG.5.3_1,Atsinanana,MDG.5.3.5_1,Toamasina Rural,FALSE,2.7450762337112846,FALSE,MDG.5.3_1,MDG.5.3.5_1,TRUE
2008,280,-18.147484,49.397318,MDG.5_1,Toamasina,MDG.5.3_1,Atsinanana,MDG.5.3.5_1,Toamasina Rural,FALSE,2.068303747933125,FALSE,MDG.5.3_1,MDG.5.3.5_1,TRUE
2008,281,-18.145866,49.402583,MDG.5_1,Toamasina,MDG.5.3_1,Atsinanana,MDG.5.3.5_1,Toamasina Rural,FALSE,1.530382499804071,FALSE,MDG.5.3_1,MDG.5.3.5_1,TRUE
2008,282,-18.12369,49.392086,MDG.5_1,Toamasina,MDG.5.3_1,Atsinanana,MDG.5.3.5_1,Toamasina Rural,FALSE,1.5610483895105818,FALSE,MDG.5.3_1,MDG.5.3.5_1,TRUE
2008,283,-18.777066,49.038168,MDG.5_1,Toamasina,MDG.5.3_1,Atsinanana,MDG.5.3.1_1,Ampasimanolotra,FALSE,14.085658936559494,TRUE,MDG.5.3_1,MDG.5.3.1_1,FALSE
2008,284,-19.094095,48.973102,MDG.5_1,Toamasina,MDG.5.3_1,Atsinanana,MDG.5.3.1_1,Ampasimanolotra,FALSE,4.53166699674054,TRUE,MDG.5.3_1,MDG.5.3.1_1,TRUE
2008,285,-18.977013,48.781297,MDG.5_1,Toamasina,MDG.5.3_1,Atsinanana,MDG.5.3.1_1,Ampasimanolotra,FALSE,5.678926919359329,TRUE,MDG.5.3_1,MDG.5.3.1_1,FALSE
2008,286,-18.824665,48.739247,MDG.5_1,Toamasina,MDG.5.3_1,Atsinanana,MDG.5.3.1_1,Ampasimanolotra,FALSE,12.855066111963673,TRUE,MDG.5.3_1,MDG.5.3.1_1,FALSE
2008,287,-19.331789,48.843476,MDG.5_1,Toamasina,MDG.5.3_1,Atsinanana,MDG.5.3.6_1,Vatomandry,FALSE,13.665897894540205,TRUE,MDG.5.3_1,MDG.5.3.6_1,FALSE
2008,288,-19.600641,48.755921,MDG.5_1,Toamasina,MDG.5.3_1,Atsinanana,MDG.5.3.6_1,Vatomandry,FALSE,8.532574628432064,TRUE,MDG.5.3_1,MDG.5.3.6_1,FALSE
2008,289,-19.893346,48.812273,MDG.5_1,Toamasina,MDG.5.3_1,Atsinanana,MDG.5.3.3_1,Mahanoro,TRUE,0.019802261703775657,TRUE,MDG.5.3_1,MDG.5.3.3_1,TRUE
2008,290,-19.791548,48.656696,MDG.5_1,Toamasina,MDG.5.3_1,Atsinanana,MDG.5.3.3_1,Mahanoro,FALSE,10.55757876027818,TRUE,MDG.5.3_1,MDG.5.3.3_1,FALSE
2008,291,-20.204929,48.592346,MDG.5_1,Toamasina,MDG.5.3_1,Atsinanana,MDG.5.3.3_1,Mahanoro,FALSE,8.465817344188387,TRUE,MDG.5.3_1,MDG.5.3.3_1,FALSE
2008,292,-20.30321,48.472603,MDG.5_1,Toamasina,MDG.5.3_1,Atsinanana,MDG.5.3.3_1,Mahanoro,FALSE,8.05976606389598,TRUE,MDG.5.3_1,MDG.5.3.3_1,FALSE
2008,293,-20.24179,48.357571,MDG.5_1,Toamasina,MDG.5.3_1,Atsinanana,MDG.5.3.3_1,Mahanoro,FALSE,5.881246440580274,TRUE,MDG.5.3_1,MDG.5.3.3_1,FALSE
2008,294,-20.316178,48.016372,MDG.5_1,Toamasina,MDG.5.3_1,Atsinanana,MDG.5.3.4_1,Marolambo,FALSE,9.497732430187863,TRUE,MDG.5.3_1,MDG.5.3.4_1,FALSE
2008,295,-20.10891,47.799308,MDG.5_1,Toamasina,MDG.5.3_1,Atsinanana,MDG.5.3.4_1,Marolambo,FALSE,7.910854781964637,TRUE,MDG.5.3_1,MDG.5.3.4_1,FALSE
2008,296,-20.287935,47.83528,MDG.5_1,Toamasina,MDG.5.3_1,Atsinanana,MDG.5.3.4_1,Marolambo,FALSE,15.689294510415438,TRUE,MDG.5.3_1,MDG.5.3.4_1,FALSE
2008,297,-17.939403,49.244506,MDG.5_1,Toamasina,MDG.5.3_1,Atsinanana,MDG.5.3.5_1,Toamasina Rural,FALSE,20.031805309214572,FALSE,MDG.5.3_1,MDG.5.3.5_1,FALSE
2008,298,-18.060427,49.126173,MDG.5_1,Toamasina,MDG.5.3_1,Atsinanana,MDG.5.3.5_1,Toamasina Rural,FALSE,20.407381818641433,FALSE,MDG.5.3_1,MDG.5.3.5_1,FALSE
2008,299,-17.82721,49.014265,MDG.5_1,Toamasina,MDG.5.3_1,Atsinanana,MDG.5.3.5_1,Toamasina Rural,FALSE,8.93298919072725,FALSE,MDG.5.3_1,MDG.5.3.5_1,FALSE
2008,300,-19.413358,48.587405,MDG.5_1,Toamasina,MDG.5.3_1,Atsinanana,MDG.5.3.2_1,Antanambao manampotsy,FALSE,2.48977289484707,TRUE,MDG.5.3_1,MDG.5.3.2_1,TRUE
2008,301,-16.822104,49.936587,MDG.5_1,Toamasina,MDG.5.2_1,Analanjirofo,MDG.5.2.4_1,Nosy-Boraha (St. Marie),FALSE,0.9566159502231659,FALSE,MDG.5.2_1,MDG.5.2.4_1,TRUE
2008,302,-17.082956,49.825012,MDG.5_1,Toamasina,MDG.5.2_1,Analanjirofo,MDG.5.2.4_1,Nosy-Boraha (St. Marie),FALSE,0.5762978097757586,FALSE,MDG.5.2_1,MDG.5.2.4_1,TRUE
2008,303,-15.436326,49.697482,MDG.5_1,Toamasina,MDG.5.2_1,Analanjirofo,MDG.5.2.3_1,Maroansetra,FALSE,1.7693338870446913,FALSE,MDG.5.2_1,MDG.5.2.3_1,TRUE
2008,304,-15.354902,49.788673,MDG.5_1,Toamasina,MDG.5.2_1,Analanjirofo,MDG.5.2.3_1,Maroansetra,FALSE,8.85912803764659,FALSE,MDG.5.2_1,MDG.5.2.3_1,FALSE
2008,305,-15.37535,49.807274,MDG.5_1,Toamasina,MDG.5.2_1,Analanjirofo,MDG.5.2.3_1,Maroansetra,FALSE,6.713705146040005,FALSE,MDG.5.2_1,MDG.5.2.3_1,FALSE
2008,306,-15.392836,49.900001,MDG.5_1,Toamasina,MDG.5.2_1,Analanjirofo,MDG.5.2.3_1,Maroansetra,FALSE,4.425179672014185,FALSE,MDG.5.2_1,MDG.5.2.3_1,TRUE
2008,307,-15.484026,49.633232,MDG.5_1,Toamasina,MDG.5.2_1,Analanjirofo,MDG.5.2.3_1,Maroansetra,FALSE,2.6559109363775826,FALSE,MDG.5.2_1,MDG.5.2.3_1,TRUE
2008,308,-15.692223,49.587613,MDG.5_1,Toamasina,MDG.5.2_1,Analanjirofo,MDG.5.2.3_1,Maroansetra,FALSE,4.045998130408337,FALSE,MDG.5.2_1,MDG.5.2.3_1,TRUE
2008,309,-16.165338,49.610408,MDG.5_1,Toamasina,MDG.5.2_1,Analanjirofo,MDG.5.2.2_1,Mananara,FALSE,11.198966709564191,TRUE,MDG.5.2_1,MDG.5.2.2_1,FALSE
2008,310,-16.104667,49.612017,MDG.5_1,Toamasina,MDG.5.2_1,Analanjirofo,MDG.5.2.2_1,Mananara,FALSE,8.71721971615445,TRUE,MDG.5.2_1,MDG.5.2.2_1,FALSE
2008,311,-16.576109,49.548212,MDG.5_1,Toamasina,MDG.5.2_1,Analanjirofo,MDG.5.2.2_1,Mananara,FALSE,0.08799017989527766,TRUE,MDG.5.2_1,MDG.5.2.2_1,TRUE
2008,312,-16.136487,49.481805,MDG.5_1,Toamasina,MDG.5.2_1,Analanjirofo,MDG.5.2.2_1,Mananara,FALSE,22.97484109557235,TRUE,MDG.5.2_1,MDG.5.2.2_1,FALSE
2008,313,-17.387921,49.417073,MDG.5_1,Toamasina,MDG.5.2_1,Analanjirofo,MDG.5.2.1_1,Fenoarivo Atsinanana,FALSE,0.6018957495632166,FALSE,MDG.5.2_1,MDG.5.2.1_1,TRUE
2008,314,-17.476257,49.434351,MDG.5_1,Toamasina,MDG.5.2_1,Analanjirofo,MDG.5.2.1_1,Fenoarivo Atsinanana,FALSE,2.428205173959738,TRUE,MDG.5.2_1,MDG.5.2.1_1,TRUE
2008,315,-17.198132,49.307203,MDG.5_1,Toamasina,MDG.5.2_1,Analanjirofo,MDG.5.2.1_1,Fenoarivo Atsinanana,FALSE,12.421738914262317,TRUE,MDG.5.2_1,MDG.5.2.1_1,FALSE
2008,316,-17.370701,49.235939,MDG.5_1,Toamasina,MDG.5.2_1,Analanjirofo,MDG.5.2.1_1,Fenoarivo Atsinanana,FALSE,3.0778138801505306,TRUE,MDG.5.2_1,MDG.5.2.1_1,TRUE
2008,317,-17.333274,49.194083,MDG.5_1,Toamasina,MDG.5.2_1,Analanjirofo,MDG.5.2.6_1,Vavatenina,FALSE,1.018070067488327,TRUE,MDG.5.2_1,MDG.5.2.6_1,TRUE
2008,318,-17.055729,49.274798,MDG.5_1,Toamasina,MDG.5.2_1,Analanjirofo,MDG.5.2.1_1,Fenoarivo Atsinanana,FALSE,7.771227858309636,TRUE,MDG.5.2_1,MDG.5.2.1_1,FALSE
2008,319,-17.417581,49.220968,MDG.5_1,Toamasina,MDG.5.2_1,Analanjirofo,MDG.5.2.6_1,Vavatenina,FALSE,1.6625277632882103,TRUE,MDG.5.2_1,MDG.5.2.6_1,TRUE
2008,320,-17.516362,49.245819,MDG.5_1,Toamasina,MDG.5.2_1,Analanjirofo,MDG.5.2.6_1,Vavatenina,FALSE,5.066658653831001,TRUE,MDG.5.2_1,MDG.5.2.6_1,FALSE
2008,321,-17.401735,49.139024,MDG.5_1,Toamasina,MDG.5.2_1,Analanjirofo,MDG.5.2.6_1,Vavatenina,FALSE,6.490868989498565,TRUE,MDG.5.2_1,MDG.5.2.6_1,FALSE
2008,322,-17.643822,49.13875,MDG.5_1,Toamasina,MDG.5.2_1,Analanjirofo,MDG.5.2.6_1,Vavatenina,FALSE,8.535691291142866,TRUE,MDG.5.2_1,MDG.5.2.6_1,FALSE
2008,323,-16.932153,49.578843,MDG.5_1,Toamasina,MDG.5.2_1,Analanjirofo,MDG.5.2.5_1,Soanierana-Ivongo,FALSE,0.8756326383231786,TRUE,MDG.5.2_1,MDG.5.2.5_1,TRUE
2008,324,-16.871907,49.590696,MDG.5_1,Toamasina,MDG.5.2_1,Analanjirofo,MDG.5.2.5_1,Soanierana-Ivongo,FALSE,3.461832929417087,TRUE,MDG.5.2_1,MDG.5.2.5_1,TRUE
2008,325,-16.807837,49.473417,MDG.5_1,Toamasina,MDG.5.2_1,Analanjirofo,MDG.5.2.5_1,Soanierana-Ivongo,FALSE,16.482367955038946,FALSE,MDG.5.2_1,MDG.5.2.5_1,FALSE
2008,326,-17.567338,48.273973,MDG.5_1,Toamasina,MDG.5.1_1,Alaotra-Mangoro,MDG.5.1.2_1,Amparafaravola,FALSE,19.907576593104935,FALSE,MDG.5.1_1,MDG.5.1.2_1,FALSE
2008,327,-17.524269,48.276878,MDG.5_1,Toamasina,MDG.5.1_1,Alaotra-Mangoro,MDG.5.1.2_1,Amparafaravola,FALSE,21.30392087294698,FALSE,MDG.5.1_1,MDG.5.1.2_1,FALSE
2008,328,-17.477955,48.319924,MDG.5_1,Toamasina,MDG.5.1_1,Alaotra-Mangoro,MDG.5.1.2_1,Amparafaravola,FALSE,17.691465013196318,FALSE,MDG.5.1_1,MDG.5.1.2_1,FALSE
2008,329,-17.804728,48.165696,MDG.5_1,Toamasina,MDG.5.1_1,Alaotra-Mangoro,MDG.5.1.2_1,Amparafaravola,FALSE,2.6881380734288722,FALSE,MDG.5.1_1,MDG.5.1.2_1,TRUE
2008,330,-17.39131,48.449447,MDG.5_1,Toamasina,MDG.5.1_1,Alaotra-Mangoro,MDG.5.1.2_1,Amparafaravola,FALSE,11.79516105316193,FALSE,MDG.5.1_1,MDG.5.1.2_1,FALSE
2008,331,-17.354757,48.524001,MDG.5_1,Toamasina,MDG.5.1_1,Alaotra-Mangoro,MDG.5.1.2_1,Amparafaravola,FALSE,6.371430553230507,FALSE,MDG.5.1_1,MDG.5.1.2_1,FALSE
2008,332,-17.804803,48.428095,MDG.5_1,Toamasina,MDG.5.1_1,Alaotra-Mangoro,MDG.5.1.1_1,Ambatondrazaka,FALSE,9.633794017598554,FALSE,MDG.5.1_1,MDG.5.1.1_1,FALSE
2008,333,-17.822666,48.427675,MDG.5_1,Toamasina,MDG.5.1_1,Alaotra-Mangoro,MDG.5.1.1_1,Ambatondrazaka,FALSE,11.28671973877201,FALSE,MDG.5.1_1,MDG.5.1.1_1,FALSE
2008,334,-17.829029,48.429934,MDG.5_1,Toamasina,MDG.5.1_1,Alaotra-Mangoro,MDG.5.1.1_1,Ambatondrazaka,FALSE,12.017181016484749,FALSE,MDG.5.1_1,MDG.5.1.1_1,FALSE
2008,335,-17.827046,48.434865,MDG.5_1,Toamasina,MDG.5.1_1,Alaotra-Mangoro,MDG.5.1.1_1,Ambatondrazaka,FALSE,12.098519933891252,FALSE,MDG.5.1_1,MDG.5.1.1_1,FALSE
2008,336,-17.808143,48.411423,MDG.5_1,Toamasina,MDG.5.1_1,Alaotra-Mangoro,MDG.5.1.1_1,Ambatondrazaka,FALSE,9.050968119624033,FALSE,MDG.5.1_1,MDG.5.1.1_1,FALSE
2008,337,-17.721768,48.467238,MDG.5_1,Toamasina,MDG.5.1_1,Alaotra-Mangoro,MDG.5.1.1_1,Ambatondrazaka,FALSE,4.364409994927918,FALSE,MDG.5.1_1,MDG.5.1.1_1,TRUE
2008,338,-17.804641,48.29166,MDG.5_1,Toamasina,MDG.5.1_1,Alaotra-Mangoro,MDG.5.1.1_1,Ambatondrazaka,FALSE,2.6235996845774094,TRUE,MDG.5.1_1,MDG.5.1.1_1,TRUE
2008,339,-17.794352,48.23741,MDG.5_1,Toamasina,MDG.5.1_1,Alaotra-Mangoro,MDG.5.1.2_1,Amparafaravola,FALSE,0.4391954687904856,TRUE,MDG.5.1_1,MDG.5.1.2_1,TRUE
2008,340,-17.443645,48.610521,MDG.5_1,Toamasina,MDG.5.1_1,Alaotra-Mangoro,MDG.5.1.1_1,Ambatondrazaka,FALSE,4.649636729585817,FALSE,MDG.5.1_1,MDG.5.1.1_1,TRUE
2008,341,-17.988266,48.082624,MDG.5_1,Toamasina,MDG.5.1_1,Alaotra-Mangoro,MDG.5.1.1_1,Ambatondrazaka,FALSE,8.022477538121752,TRUE,MDG.5.1_1,MDG.5.1.1_1,FALSE
2008,342,-18.950161,48.221245,MDG.5_1,Toamasina,MDG.5.1_1,Alaotra-Mangoro,MDG.5.1.5_1,Moramanga,FALSE,26.895655261573864,FALSE,MDG.5.1_1,MDG.5.1.5_1,FALSE
2008,343,-18.865533,48.397271,MDG.5_1,Toamasina,MDG.5.1_1,Alaotra-Mangoro,MDG.5.1.5_1,Moramanga,FALSE,17.321261354728357,FALSE,MDG.5.1_1,MDG.5.1.5_1,FALSE
2008,344,-18.869037,47.982346,MDG.5_1,Toamasina,MDG.5.1_1,Alaotra-Mangoro,MDG.5.1.5_1,Moramanga,FALSE,3.7245560795905375,FALSE,MDG.5.1_1,MDG.5.1.5_1,TRUE
2008,345,-18.936769,48.53462,MDG.5_1,Toamasina,MDG.5.1_1,Alaotra-Mangoro,MDG.5.1.5_1,Moramanga,FALSE,7.8012764986628715,FALSE,MDG.5.1_1,MDG.5.1.5_1,FALSE
2008,346,-18.554365,48.044934,MDG.5_1,Toamasina,MDG.5.1_1,Alaotra-Mangoro,MDG.5.1.5_1,Moramanga,FALSE,5.871419265510537,FALSE,MDG.5.1_1,MDG.5.1.5_1,FALSE
2008,347,-18.206882,48.180565,MDG.5_1,Toamasina,MDG.5.1_1,Alaotra-Mangoro,MDG.5.1.5_1,Moramanga,FALSE,1.2968940782266294,TRUE,MDG.5.1_1,MDG.5.1.5_1,TRUE
2008,348,-17.00159,48.508493,MDG.5_1,Toamasina,MDG.5.1_1,Alaotra-Mangoro,MDG.5.1.3_1,Andilamena,FALSE,19.066073821429963,TRUE,MDG.5.1_1,MDG.5.1.3_1,FALSE
2008,349,-19.374466,48.178536,MDG.5_1,Toamasina,MDG.5.1_1,Alaotra-Mangoro,MDG.5.1.4_1,Anosibe,FALSE,14.044027763555043,TRUE,MDG.5.1_1,MDG.5.1.4_1,FALSE
2008,350,-19.649243,48.068847,MDG.5_1,Toamasina,MDG.5.1_1,Alaotra-Mangoro,MDG.5.1.4_1,Anosibe,FALSE,6.426144166543488,TRUE,MDG.5.1_1,MDG.5.1.4_1,FALSE
2008,351,-15.667084,46.353186,MDG.4_1,Mahajanga,MDG.4.2_1,Boeny,MDG.4.2.3_1,Mahajanga Urban,FALSE,1.1203331146192195,FALSE,MDG.4.2_1,MDG.4.2.3_1,TRUE
2008,352,-15.710853,46.32756,MDG.4_1,Mahajanga,MDG.4.2_1,Boeny,MDG.4.2.3_1,Mahajanga Urban,FALSE,1.6292547626050011,FALSE,MDG.4.2_1,MDG.4.2.3_1,TRUE
2008,353,-15.714932,46.352553,MDG.4_1,Mahajanga,MDG.4.2_1,Boeny,MDG.4.2.3_1,Mahajanga Urban,FALSE,1.3087083579151355,FALSE,MDG.4.2_1,MDG.4.2.3_1,TRUE
2008,354,-15.717013,46.345292,MDG.4_1,Mahajanga,MDG.4.2_1,Boeny,MDG.4.2.3_1,Mahajanga Urban,FALSE,0.8948612847434113,FALSE,MDG.4.2_1,MDG.4.2.3_1,TRUE
2008,355,-15.712451,46.313011,MDG.4_1,Mahajanga,MDG.4.2_1,Boeny,MDG.4.2.3_1,Mahajanga Urban,FALSE,1.0404308863129492,FALSE,MDG.4.2_1,MDG.4.2.3_1,TRUE
2008,356,-15.708484,46.314698,MDG.4_1,Mahajanga,MDG.4.2_1,Boeny,MDG.4.2.3_1,Mahajanga Urban,FALSE,0.8438532072777797,FALSE,MDG.4.2_1,MDG.4.2.3_1,TRUE
2008,357,-15.721052,46.323039,MDG.4_1,Mahajanga,MDG.4.2_1,Boeny,MDG.4.2.3_1,Mahajanga Urban,FALSE,0.6200604132234903,FALSE,MDG.4.2_1,MDG.4.2.3_1,TRUE
2008,358,-16.129934,45.372162,MDG.4_1,Mahajanga,MDG.4.2_1,Boeny,MDG.4.2.6_1,Soalala,FALSE,0.6275158648999797,FALSE,MDG.4.2_1,MDG.4.2.6_1,TRUE
2008,359,-16.588775,45.560263,MDG.4_1,Mahajanga,MDG.4.2_1,Boeny,MDG.4.2.6_1,Soalala,FALSE,21.16322991938163,TRUE,MDG.4.2_1,MDG.4.2.6_1,FALSE
2008,360,-16.479359,46.689913,MDG.4_1,Mahajanga,MDG.4.2_1,Boeny,MDG.4.2.1_1,Ambato-Boina,FALSE,13.501464178591387,TRUE,MDG.4.2_1,MDG.4.2.1_1,FALSE
2008,361,-16.3925,46.740144,MDG.4_1,Mahajanga,MDG.4.2_1,Boeny,MDG.4.2.1_1,Ambato-Boina,FALSE,4.806087831531989,FALSE,MDG.4.2_1,MDG.4.2.1_1,TRUE
2008,362,-16.428366,46.535819,MDG.4_1,Mahajanga,MDG.4.2_1,Boeny,MDG.4.2.1_1,Ambato-Boina,FALSE,9.356848341810942,FALSE,MDG.4.2_1,MDG.4.2.1_1,FALSE
2008,363,-16.443761,46.977187,MDG.4_1,Mahajanga,MDG.4.2_1,Boeny,MDG.4.2.1_1,Ambato-Boina,FALSE,13.288079325826638,TRUE,MDG.4.2_1,MDG.4.2.1_1,FALSE
2008,364,-16.621909,46.607054,MDG.4_1,Mahajanga,MDG.4.2_1,Boeny,MDG.4.2.1_1,Ambato-Boina,FALSE,7.525505244500152,TRUE,MDG.4.2_1,MDG.4.2.1_1,FALSE
2008,365,-16.270256,47.313755,MDG.4_1,Mahajanga,MDG.4.2_1,Boeny,MDG.4.2.1_1,Ambato-Boina,FALSE,2.8646348486735147,FALSE,MDG.4.2_1,MDG.4.2.1_1,TRUE
2008,366,-16.813356,46.008189,MDG.4_1,Mahajanga,MDG.4.2_1,Boeny,MDG.4.2.1_1,Ambato-Boina,FALSE,13.322326968119233,TRUE,MDG.4.2_1,MDG.4.2.1_1,FALSE
2008,367,-16.109421,46.644899,MDG.4_1,Mahajanga,MDG.4.2_1,Boeny,MDG.4.2.4_1,Marovoay,FALSE,19.066234559987937,FALSE,MDG.4.2_1,MDG.4.2.4_1,FALSE
2008,368,-16.192397,46.53927,MDG.4_1,Mahajanga,MDG.4.2_1,Boeny,MDG.4.2.4_1,Marovoay,FALSE,13.551098023328633,FALSE,MDG.4.2_1,MDG.4.2.4_1,FALSE
2008,369,-16.228716,46.611061,MDG.4_1,Mahajanga,MDG.4.2_1,Boeny,MDG.4.2.4_1,Marovoay,FALSE,9.258272187705295,FALSE,MDG.4.2_1,MDG.4.2.4_1,FALSE
2008,370,-16.058539,46.575662,MDG.4_1,Mahajanga,MDG.4.2_1,Boeny,MDG.4.2.4_1,Marovoay,FALSE,16.805008595577558,TRUE,MDG.4.2_1,MDG.4.2.4_1,FALSE
2008,371,-16.22835,46.515647,MDG.4_1,Mahajanga,MDG.4.2_1,Boeny,MDG.4.2.4_1,Marovoay,FALSE,9.858767615761145,FALSE,MDG.4.2_1,MDG.4.2.4_1,FALSE
2008,372,-16.034097,45.868202,MDG.4_1,Mahajanga,MDG.4.2_1,Boeny,MDG.4.2.5_1,Mitsinjo,FALSE,21.30049798638364,FALSE,MDG.4.2_1,MDG.4.2.5_1,FALSE
2008,373,-15.942848,45.882202,MDG.4_1,Mahajanga,MDG.4.2_1,Boeny,MDG.4.2.5_1,Mitsinjo,FALSE,12.499548932603474,FALSE,MDG.4.2_1,MDG.4.2.5_1,FALSE
2008,374,-15.61777,46.451972,MDG.4_1,Mahajanga,MDG.4.2_1,Boeny,MDG.4.2.2_1,Mahajanga Rural,FALSE,2.97249992018372,TRUE,MDG.4.2_1,MDG.4.2.2_1,TRUE
2008,375,-15.848974,46.883026,MDG.4_1,Mahajanga,MDG.4.2_1,Boeny,MDG.4.2.2_1,Mahajanga Rural,FALSE,4.411573729308048,TRUE,MDG.4.2_1,MDG.4.2.2_1,TRUE
2008,376,-15.559317,47.624239,MDG.4_1,Mahajanga,MDG.4.4_1,Sofia,MDG.4.4.7_1,Port Bergé,FALSE,10.973371921628992,FALSE,MDG.4.4_1,MDG.4.4.7_1,FALSE
2008,377,-15.67191,47.675347,MDG.4_1,Mahajanga,MDG.4.4_1,Sofia,MDG.4.4.7_1,Port Bergé,FALSE,12.16318251515983,FALSE,MDG.4.4_1,MDG.4.4.7_1,FALSE
2008,378,-15.772509,47.706484,MDG.4_1,Mahajanga,MDG.4.4_1,Sofia,MDG.4.4.7_1,Port Bergé,FALSE,5.045672922329248,TRUE,MDG.4.4_1,MDG.4.4.7_1,FALSE
2008,379,-15.753432,48.107021,MDG.4_1,Mahajanga,MDG.4.4_1,Sofia,MDG.4.4.7_1,Port Bergé,FALSE,14.760322490903773,TRUE,MDG.4.4_1,MDG.4.4.7_1,FALSE
2008,380,-15.837251,48.819842,MDG.4_1,Mahajanga,MDG.4.4_1,Sofia,MDG.4.4.6_1,Mandritsara,FALSE,25.386346148624884,FALSE,MDG.4.4_1,MDG.4.4.6_1,FALSE
2008,381,-15.877184,48.849731,MDG.4_1,Mahajanga,MDG.4.4_1,Sofia,MDG.4.4.6_1,Mandritsara,FALSE,24.369000003423547,FALSE,MDG.4.4_1,MDG.4.4.6_1,FALSE
2008,382,-16.007242,48.949315,MDG.4_1,Mahajanga,MDG.4.4_1,Sofia,MDG.4.4.6_1,Mandritsara,FALSE,20.778553681682794,TRUE,MDG.4.4_1,MDG.4.4.6_1,FALSE
2008,383,-15.758679,48.568732,MDG.4_1,Mahajanga,MDG.4.4_1,Sofia,MDG.4.4.6_1,Mandritsara,FALSE,12.553869853904374,TRUE,MDG.4.4_1,MDG.4.4.6_1,FALSE
2008,385,-16.226672,49.090663,MDG.4_1,Mahajanga,MDG.4.4_1,Sofia,MDG.4.4.6_1,Mandritsara,FALSE,11.558831770842744,TRUE,MDG.4.4_1,MDG.4.4.6_1,FALSE
2008,386,-14.53823,48.217724,MDG.4_1,Mahajanga,MDG.4.4_1,Sofia,MDG.4.4.1_1,Analalava,FALSE,0.0568299289399467,TRUE,MDG.4.4_1,MDG.4.4.1_1,TRUE
2008,387,-15.342032,47.721066,MDG.4_1,Mahajanga,MDG.4.4_1,Sofia,MDG.4.4.2_1,Antsihihy,FALSE,2.1402402503982647,TRUE,MDG.4.4_1,MDG.4.4.2_1,TRUE
2008,388,-15.25801,48.533885,MDG.4_1,Mahajanga,MDG.4.4_1,Sofia,MDG.4.4.4_1,Befandriana-Nord,FALSE,26.189175842696446,FALSE,MDG.4.4_1,MDG.4.4.4_1,FALSE
2008,389,-15.240621,48.58306,MDG.4_1,Mahajanga,MDG.4.4_1,Sofia,MDG.4.4.4_1,Befandriana-Nord,FALSE,23.58051124120607,TRUE,MDG.4.4_1,MDG.4.4.4_1,FALSE
2008,390,-15.296431,48.665756,MDG.4_1,Mahajanga,MDG.4.4_1,Sofia,MDG.4.4.4_1,Befandriana-Nord,FALSE,13.180779377718586,TRUE,MDG.4.4_1,MDG.4.4.4_1,FALSE
2008,391,-15.04479,48.542764,MDG.4_1,Mahajanga,MDG.4.4_1,Sofia,MDG.4.4.4_1,Befandriana-Nord,FALSE,8.374896872859756,TRUE,MDG.4.4_1,MDG.4.4.4_1,FALSE
2008,392,-15.184254,48.987512,MDG.4_1,Mahajanga,MDG.4.4_1,Sofia,MDG.4.4.4_1,Befandriana-Nord,FALSE,18.670188607812328,TRUE,MDG.4.4_1,MDG.4.4.4_1,FALSE
2008,393,-14.897206,47.992022,MDG.4_1,Mahajanga,MDG.4.4_1,Sofia,MDG.4.4.2_1,Antsihihy,FALSE,8.296652300223881,FALSE,MDG.4.4_1,MDG.4.4.2_1,FALSE
2008,394,-14.929241,47.887268,MDG.4_1,Mahajanga,MDG.4.4_1,Sofia,MDG.4.4.2_1,Antsihihy,FALSE,9.500737539114004,TRUE,MDG.4.4_1,MDG.4.4.2_1,FALSE
2008,395,-15.164132,47.777556,MDG.4_1,Mahajanga,MDG.4.4_1,Sofia,MDG.4.4.2_1,Antsihihy,FALSE,5.883382320908657,TRUE,MDG.4.4_1,MDG.4.4.2_1,FALSE
2008,396,-15.367878,47.915969,MDG.4_1,Mahajanga,MDG.4.4_1,Sofia,MDG.4.4.2_1,Antsihihy,FALSE,1.810147892327376,TRUE,MDG.4.4_1,MDG.4.4.2_1,TRUE
2008,397,-14.713158,48.611223,MDG.4_1,Mahajanga,MDG.4.4_1,Sofia,MDG.4.4.3_1,Bealanana,FALSE,8.679152973950481,TRUE,MDG.4.4_1,MDG.4.4.3_1,FALSE
2008,398,-14.432143,48.852484,MDG.4_1,Mahajanga,MDG.4.4_1,Sofia,MDG.4.4.3_1,Bealanana,FALSE,19.12007798329367,TRUE,MDG.4.4_1,MDG.4.4.3_1,FALSE
2008,399,-16.310325,47.77145,MDG.4_1,Mahajanga,MDG.4.4_1,Sofia,MDG.4.4.5_1,Mampikony,FALSE,15.049524664983556,TRUE,MDG.4.4_1,MDG.4.4.5_1,FALSE
2008,400,-16.273914,47.36321,MDG.4_1,Mahajanga,MDG.4.4_1,Sofia,MDG.4.4.5_1,Mampikony,FALSE,1.3583416753820454,TRUE,MDG.4.4_1,MDG.4.4.5_1,TRUE
2008,401,-16.94878,46.840381,MDG.4_1,Mahajanga,MDG.4.1_1,Betsiboka,MDG.4.1.2_1,Maevatanana,FALSE,23.54410533771178,FALSE,MDG.4.1_1,MDG.4.1.2_1,FALSE
2008,402,-16.949873,46.835824,MDG.4_1,Mahajanga,MDG.4.1_1,Betsiboka,MDG.4.1.2_1,Maevatanana,FALSE,23.11284205887688,FALSE,MDG.4.1_1,MDG.4.1.2_1,FALSE
2008,403,-16.956911,46.828591,MDG.4_1,Mahajanga,MDG.4.1_1,Betsiboka,MDG.4.1.2_1,Maevatanana,FALSE,22.60641017409625,FALSE,MDG.4.1_1,MDG.4.1.2_1,FALSE
2008,404,-16.9122,46.819265,MDG.4_1,Mahajanga,MDG.4.1_1,Betsiboka,MDG.4.1.2_1,Maevatanana,FALSE,20.462300877135167,FALSE,MDG.4.1_1,MDG.4.1.2_1,FALSE
2008,405,-16.834047,46.836061,MDG.4_1,Mahajanga,MDG.4.1_1,Betsiboka,MDG.4.1.2_1,Maevatanana,FALSE,19.4444564374044,FALSE,MDG.4.1_1,MDG.4.1.2_1,FALSE
2008,406,-17.068057,46.67977,MDG.4_1,Mahajanga,MDG.4.1_1,Betsiboka,MDG.4.1.2_1,Maevatanana,FALSE,14.345947778973926,FALSE,MDG.4.1_1,MDG.4.1.2_1,FALSE
2008,407,-17.152959,46.544454,MDG.4_1,Mahajanga,MDG.4.1_1,Betsiboka,MDG.4.1.2_1,Maevatanana,FALSE,9.420795536381766,TRUE,MDG.4.1_1,MDG.4.1.2_1,FALSE
2008,408,-17.119291,46.796939,MDG.4_1,Mahajanga,MDG.4.1_1,Betsiboka,MDG.4.1.2_1,Maevatanana,FALSE,27.51735758649442,FALSE,MDG.4.1_1,MDG.4.1.2_1,FALSE
2008,409,-16.740369,46.968842,MDG.4_1,Mahajanga,MDG.4.1_1,Betsiboka,MDG.4.1.2_1,Maevatanana,FALSE,12.466021362111059,FALSE,MDG.4.1_1,MDG.4.1.2_1,FALSE
2008,410,-16.69712,47.058501,MDG.4_1,Mahajanga,MDG.4.1_1,Betsiboka,MDG.4.1.2_1,Maevatanana,FALSE,12.187430784543677,FALSE,MDG.4.1_1,MDG.4.1.2_1,FALSE
2008,411,-17.234949,46.49739,MDG.4_1,Mahajanga,MDG.4.1_1,Betsiboka,MDG.4.1.2_1,Maevatanana,FALSE,13.889896128084713,TRUE,MDG.4.1_1,MDG.4.1.2_1,FALSE
2008,412,-17.591223,46.89585,MDG.4_1,Mahajanga,MDG.4.1_1,Betsiboka,MDG.4.1.2_1,Maevatanana,FALSE,18.126027504771155,TRUE,MDG.4.1_1,MDG.4.1.2_1,FALSE
2008,413,-17.518495,47.220462,MDG.4_1,Mahajanga,MDG.4.1_1,Betsiboka,MDG.4.1.2_1,Maevatanana,FALSE,10.628243356901955,TRUE,MDG.4.1_1,MDG.4.1.2_1,FALSE
2008,414,-16.732926,46.777202,MDG.4_1,Mahajanga,MDG.4.1_1,Betsiboka,MDG.4.1.2_1,Maevatanana,FALSE,10.976107185763713,FALSE,MDG.4.1_1,MDG.4.1.2_1,FALSE
2008,415,-16.805763,47.673113,MDG.4_1,Mahajanga,MDG.4.1_1,Betsiboka,MDG.4.1.3_1,Tsaratanana,FALSE,28.369074703351085,TRUE,MDG.4.1_1,MDG.4.1.3_1,FALSE
2008,416,-16.741739,47.502681,MDG.4_1,Mahajanga,MDG.4.1_1,Betsiboka,MDG.4.1.3_1,Tsaratanana,FALSE,19.623184316989025,TRUE,MDG.4.1_1,MDG.4.1.3_1,FALSE
2008,417,-16.673327,47.624432,MDG.4_1,Mahajanga,MDG.4.1_1,Betsiboka,MDG.4.1.3_1,Tsaratanana,FALSE,19.317366178359595,TRUE,MDG.4.1_1,MDG.4.1.3_1,FALSE
2008,418,-16.9849,47.806686,MDG.4_1,Mahajanga,MDG.4.1_1,Betsiboka,MDG.4.1.3_1,Tsaratanana,FALSE,25.609259537166043,TRUE,MDG.4.1_1,MDG.4.1.3_1,FALSE
2008,419,-16.478561,47.318463,MDG.4_1,Mahajanga,MDG.4.1_1,Betsiboka,MDG.4.1.3_1,Tsaratanana,FALSE,8.964884004899488,TRUE,MDG.4.1_1,MDG.4.1.3_1,FALSE
2008,420,-17.079845,47.246753,MDG.4_1,Mahajanga,MDG.4.1_1,Betsiboka,MDG.4.1.3_1,Tsaratanana,FALSE,5.381977772850659,TRUE,MDG.4.1_1,MDG.4.1.3_1,FALSE
2008,421,-17.480903,47.493896,MDG.4_1,Mahajanga,MDG.4.1_1,Betsiboka,MDG.4.1.3_1,Tsaratanana,FALSE,16.031925060576853,TRUE,MDG.4.1_1,MDG.4.1.3_1,FALSE
2008,422,-17.690888,47.933463,MDG.4_1,Mahajanga,MDG.4.1_1,Betsiboka,MDG.4.1.3_1,Tsaratanana,FALSE,5.936911228022114,TRUE,MDG.4.1_1,MDG.4.1.3_1,FALSE
2008,424,-17.758459,47.515291,MDG.4_1,Mahajanga,MDG.4.1_1,Betsiboka,MDG.4.1.3_1,Tsaratanana,FALSE,13.59353070135863,TRUE,MDG.4.1_1,MDG.4.1.3_1,FALSE
2008,425,-17.461392,46.264929,MDG.4_1,Mahajanga,MDG.4.1_1,Betsiboka,MDG.4.1.1_1,Kandreho,FALSE,1.9346958920729715,TRUE,MDG.4.1_1,MDG.4.1.1_1,TRUE
2008,426,-16.633922,44.626037,MDG.4_1,Mahajanga,MDG.4.3_1,Melaky,MDG.4.3.3_1,Besalampy,FALSE,19.454042095412785,TRUE,MDG.4.3_1,MDG.4.3.3_1,FALSE
2008,427,-16.732708,44.940393,MDG.4_1,Mahajanga,MDG.4.3_1,Melaky,MDG.4.3.3_1,Besalampy,FALSE,22.725808997891725,TRUE,MDG.4.3_1,MDG.4.3.3_1,FALSE
2008,428,-16.506281,44.609311,MDG.4_1,Mahajanga,MDG.4.3_1,Melaky,MDG.4.3.3_1,Besalampy,FALSE,14.70121756592643,TRUE,MDG.4.3_1,MDG.4.3.3_1,FALSE
2008,430,-16.311563,44.834713,MDG.4_1,Mahajanga,MDG.4.3_1,Melaky,MDG.4.3.3_1,Besalampy,FALSE,4.690054760501589,TRUE,MDG.4.3_1,MDG.4.3.3_1,TRUE
2008,432,-17.71414,45.685315,MDG.4_1,Mahajanga,MDG.4.3_1,Melaky,MDG.4.3.1_1,Ambatomainty,FALSE,26.57420291028597,TRUE,MDG.4.3_1,MDG.4.3.1_1,FALSE
2008,433,-17.724734,45.665646,MDG.4_1,Mahajanga,MDG.4.3_1,Melaky,MDG.4.3.1_1,Ambatomainty,FALSE,28.656314495010903,TRUE,MDG.4.3_1,MDG.4.3.1_1,FALSE
2008,434,-18.452656,44.616031,MDG.4_1,Mahajanga,MDG.4.3_1,Melaky,MDG.4.3.2_1,Antsalova,FALSE,8.432172774291619,FALSE,MDG.4.3_1,MDG.4.3.2_1,FALSE
2008,435,-18.782831,44.439044,MDG.4_1,Mahajanga,MDG.4.3_1,Melaky,MDG.4.3.2_1,Antsalova,FALSE,19.696100470712125,TRUE,MDG.4.3_1,MDG.4.3.2_1,FALSE
2008,436,-18.671585,44.45561,MDG.4_1,Mahajanga,MDG.4.3_1,Melaky,MDG.4.3.2_1,Antsalova,FALSE,19.223813807548968,TRUE,MDG.4.3_1,MDG.4.3.2_1,FALSE
2008,437,-19.087974,44.424086,MDG.4_1,Mahajanga,MDG.4.3_1,Melaky,MDG.4.3.2_1,Antsalova,FALSE,8.460142087839523,TRUE,MDG.4.3_1,MDG.4.3.2_1,FALSE
2008,438,-19.093077,44.760903,MDG.4_1,Mahajanga,MDG.4.3_1,Melaky,MDG.4.3.2_1,Antsalova,FALSE,10.824534095312853,FALSE,MDG.4.3_1,MDG.4.3.2_1,FALSE
2008,439,-17.982517,44.040791,MDG.4_1,Mahajanga,MDG.4.3_1,Melaky,MDG.4.3.4_1,Maintirano,FALSE,2.8748357707538763,FALSE,MDG.4.3_1,MDG.4.3.4_1,TRUE
2008,440,-18.043883,44.047817,MDG.4_1,Mahajanga,MDG.4.3_1,Melaky,MDG.4.3.4_1,Maintirano,FALSE,3.460782288376788,FALSE,MDG.4.3_1,MDG.4.3.4_1,TRUE
2008,441,-18.063367,44.018927,MDG.4_1,Mahajanga,MDG.4.3_1,Melaky,MDG.4.3.4_1,Maintirano,FALSE,0.16577668771466778,FALSE,MDG.4.3_1,MDG.4.3.4_1,TRUE
2008,442,-18.097107,44.117083,MDG.4_1,Mahajanga,MDG.4.3_1,Melaky,MDG.4.3.4_1,Maintirano,FALSE,8.662442086012671,TRUE,MDG.4.3_1,MDG.4.3.4_1,FALSE
2008,443,-18.130633,44.140598,MDG.4_1,Mahajanga,MDG.4.3_1,Melaky,MDG.4.3.4_1,Maintirano,FALSE,9.074372869073464,TRUE,MDG.4.3_1,MDG.4.3.4_1,FALSE
2008,444,-18.211962,44.239978,MDG.4_1,Mahajanga,MDG.4.3_1,Melaky,MDG.4.3.4_1,Maintirano,FALSE,19.60907697722919,TRUE,MDG.4.3_1,MDG.4.3.4_1,FALSE
2008,445,-17.959531,44.319785,MDG.4_1,Mahajanga,MDG.4.3_1,Melaky,MDG.4.3.4_1,Maintirano,FALSE,19.94494508227531,TRUE,MDG.4.3_1,MDG.4.3.4_1,FALSE
2008,446,-17.506763,44.216392,MDG.4_1,Mahajanga,MDG.4.3_1,Melaky,MDG.4.3.4_1,Maintirano,FALSE,25.997046664659717,TRUE,MDG.4.3_1,MDG.4.3.4_1,FALSE
2008,447,-17.434105,44.526704,MDG.4_1,Mahajanga,MDG.4.3_1,Melaky,MDG.4.3.4_1,Maintirano,FALSE,14.761033832656603,TRUE,MDG.4.3_1,MDG.4.3.4_1,FALSE
2008,450,-17.981945,44.622487,MDG.4_1,Mahajanga,MDG.4.3_1,Melaky,MDG.4.3.5_1,Morafanobe,FALSE,8.358744596594796,TRUE,MDG.4.3_1,MDG.4.3.5_1,FALSE
2008,451,-23.354022,43.668276,MDG.6_1,Toliary,MDG.6.3_1,Atsimo-Andrefana,MDG.6.3.8_1,Toliary Urban,FALSE,0.4341000698102915,FALSE,MDG.6.3_1,MDG.6.3.8_1,TRUE
2008,452,-23.350551,43.693265,MDG.6_1,Toliary,MDG.6.3_1,Atsimo-Andrefana,MDG.6.3.8_1,Toliary Urban,FALSE,2.6987950156854668,FALSE,MDG.6.3_1,MDG.6.3.8_1,TRUE
2008,453,-23.353756,43.684313,MDG.6_1,Toliary,MDG.6.3_1,Atsimo-Andrefana,MDG.6.3.8_1,Toliary Urban,FALSE,1.7407149992680253,FALSE,MDG.6.3_1,MDG.6.3.8_1,TRUE
2008,454,-23.366789,43.677573,MDG.6_1,Toliary,MDG.6.3_1,Atsimo-Andrefana,MDG.6.3.8_1,Toliary Urban,FALSE,0.5112786458563556,FALSE,MDG.6.3_1,MDG.6.3.8_1,TRUE
2008,455,-23.34082,43.678785,MDG.6_1,Toliary,MDG.6.3_1,Atsimo-Andrefana,MDG.6.3.8_1,Toliary Urban,FALSE,2.14457465955655,FALSE,MDG.6.3_1,MDG.6.3.8_1,TRUE
2008,456,-23.345705,43.663656,MDG.6_1,Toliary,MDG.6.3_1,Atsimo-Andrefana,MDG.6.3.8_1,Toliary Urban,FALSE,0.9831732353057645,FALSE,MDG.6.3_1,MDG.6.3.8_1,TRUE
2008,457,-21.669232,45.135804,MDG.6_1,Toliary,MDG.6.3_1,Atsimo-Andrefana,MDG.6.3.4_1,Beroroha,FALSE,20.747012779326123,TRUE,MDG.6.3_1,MDG.6.3.4_1,FALSE
2008,458,-21.615382,43.640944,MDG.6_1,Toliary,MDG.6.3_1,Atsimo-Andrefana,MDG.6.3.6_1,Morombe,FALSE,10.110918460120628,TRUE,MDG.6.3_1,MDG.6.3.6_1,FALSE
2008,459,-22.256092,43.714256,MDG.6_1,Toliary,MDG.6.3_1,Atsimo-Andrefana,MDG.6.3.6_1,Morombe,FALSE,10.443459078702016,TRUE,MDG.6.3_1,MDG.6.3.6_1,FALSE
2008,460,-22.129081,44.601294,MDG.6_1,Toliary,MDG.6.3_1,Atsimo-Andrefana,MDG.6.3.2_1,Ankazoabo-Sud,FALSE,28.331136842369784,TRUE,MDG.6.3_1,MDG.6.3.2_1,FALSE
2008,461,-23.772351,44.296147,MDG.6_1,Toliary,MDG.6.3_1,Atsimo-Andrefana,MDG.6.3.5_1,Betioky-Sud,FALSE,26.948297825250418,TRUE,MDG.6.3_1,MDG.6.3.5_1,FALSE
2008,462,-23.710231,44.44204,MDG.6_1,Toliary,MDG.6.3_1,Atsimo-Andrefana,MDG.6.3.5_1,Betioky-Sud,FALSE,32.042266402086625,TRUE,MDG.6.3_1,MDG.6.3.5_1,FALSE
2008,463,-23.48371,44.695373,MDG.6_1,Toliary,MDG.6.3_1,Atsimo-Andrefana,MDG.6.3.5_1,Betioky-Sud,FALSE,9.530137783620498,TRUE,MDG.6.3_1,MDG.6.3.5_1,FALSE
2008,464,-24.831676,44.856768,MDG.6_1,Toliary,MDG.6.3_1,Atsimo-Andrefana,MDG.6.3.1_1,Ampanihy,FALSE,7.83110605731473,TRUE,MDG.6.3_1,MDG.6.3.1_1,FALSE
2008,465,-24.335656,44.953663,MDG.6_1,Toliary,MDG.6.3_1,Atsimo-Andrefana,MDG.6.3.1_1,Ampanihy,FALSE,9.96101267655027,FALSE,MDG.6.3_1,MDG.6.3.1_1,FALSE
2008,466,-24.265072,44.627711,MDG.6_1,Toliary,MDG.6.3_1,Atsimo-Andrefana,MDG.6.3.1_1,Ampanihy,FALSE,27.897940862660672,FALSE,MDG.6.3_1,MDG.6.3.1_1,FALSE
2008,467,-25.030551,44.274471,MDG.6_1,Toliary,MDG.6.3_1,Atsimo-Andrefana,MDG.6.3.1_1,Ampanihy,FALSE,9.080120618752218,FALSE,MDG.6.3_1,MDG.6.3.1_1,FALSE
2008,468,-24.158558,45.077434,MDG.6_1,Toliary,MDG.6.3_1,Atsimo-Andrefana,MDG.6.3.1_1,Ampanihy,FALSE,6.767414511105138,FALSE,MDG.6.3_1,MDG.6.3.1_1,FALSE
2008,469,-23.029454,44.772785,MDG.6_1,Toliary,MDG.6.3_1,Atsimo-Andrefana,MDG.6.3.7_1,Sakaraha,FALSE,7.6035137967523365,FALSE,MDG.6.3_1,MDG.6.3.7_1,FALSE
2008,470,-22.736692,44.430593,MDG.6_1,Toliary,MDG.6.3_1,Atsimo-Andrefana,MDG.6.3.7_1,Sakaraha,FALSE,26.02129326120341,TRUE,MDG.6.3_1,MDG.6.3.7_1,FALSE
2008,471,-23.359375,43.674729,MDG.6_1,Toliary,MDG.6.3_1,Atsimo-Andrefana,MDG.6.3.8_1,Toliary Urban,FALSE,0.5899610587082158,TRUE,MDG.6.3_1,MDG.6.3.8_1,TRUE
2008,472,-23.4609,43.940022,MDG.6_1,Toliary,MDG.6.3_1,Atsimo-Andrefana,MDG.6.3.9_1,Toliary,FALSE,14.149124078004524,FALSE,MDG.6.3_1,MDG.6.3.9_1,FALSE
2008,473,-23.535602,44.011695,MDG.6_1,Toliary,MDG.6.3_1,Atsimo-Andrefana,MDG.6.3.9_1,Toliary,FALSE,5.96933522356834,FALSE,MDG.6.3_1,MDG.6.3.9_1,FALSE
2008,474,-22.832418,43.628206,MDG.6_1,Toliary,MDG.6.3_1,Atsimo-Andrefana,MDG.6.3.9_1,Toliary,FALSE,5.139999517696501,TRUE,MDG.6.3_1,MDG.6.3.9_1,FALSE
2008,475,-23.794112,43.671976,MDG.6_1,Toliary,MDG.6.3_1,Atsimo-Andrefana,MDG.6.3.5_1,Betioky-Sud,FALSE,1.7149009481553692,FALSE,MDG.6.3_1,MDG.6.3.5_1,TRUE
2008,476,-24.96059,44.940103,MDG.6_1,Toliary,MDG.6.1_1,Androy,MDG.6.1.3_1,Beloha,FALSE,6.417878682329914,TRUE,MDG.6.1_1,MDG.6.1.3_1,FALSE
2008,477,-25.23904,44.888264,MDG.6_1,Toliary,MDG.6.1_1,Androy,MDG.6.1.3_1,Beloha,FALSE,13.853916626783835,FALSE,MDG.6.1_1,MDG.6.1.3_1,FALSE
2008,478,-24.962319,44.820709,MDG.6_1,Toliary,MDG.6.1_1,Androy,MDG.6.1.3_1,Beloha,FALSE,2.302778473816916,FALSE,MDG.6.1_1,MDG.6.1.3_1,TRUE
2008,479,-24.829942,45.358298,MDG.6_1,Toliary,MDG.6.1_1,Androy,MDG.6.1.3_1,Beloha,FALSE,0.2773969080666626,FALSE,MDG.6.1_1,MDG.6.1.3_1,TRUE
2008,480,-25.209269,45.517406,MDG.6_1,Toliary,MDG.6.1_1,Androy,MDG.6.1.4_1,Tsiombe,FALSE,10.412978834501788,TRUE,MDG.6.1_1,MDG.6.1.4_1,FALSE
2008,481,-25.419047,45.614635,MDG.6_1,Toliary,MDG.6.1_1,Androy,MDG.6.1.4_1,Tsiombe,FALSE,10.547170863930495,TRUE,MDG.6.1_1,MDG.6.1.4_1,FALSE
2008,482,-25.522257,45.309886,MDG.6_1,Toliary,MDG.6.1_1,Androy,MDG.6.1.4_1,Tsiombe,FALSE,6.594368853092101,TRUE,MDG.6.1_1,MDG.6.1.4_1,FALSE
2008,483,-25.269634,45.766105,MDG.6_1,Toliary,MDG.6.1_1,Androy,MDG.6.1.1_1,Ambovombe-Androy,FALSE,1.5355441212259964,FALSE,MDG.6.1_1,MDG.6.1.1_1,TRUE
2008,484,-25.177884,46.108442,MDG.6_1,Toliary,MDG.6.1_1,Androy,MDG.6.1.1_1,Ambovombe-Androy,FALSE,8.60106672248608,TRUE,MDG.6.1_1,MDG.6.1.1_1,FALSE
2008,485,-25.238611,46.130366,MDG.6_1,Toliary,MDG.6.1_1,Androy,MDG.6.1.1_1,Ambovombe-Androy,FALSE,1.5427179400074948,FALSE,MDG.6.1_1,MDG.6.1.1_1,TRUE
2008,486,-25.255238,45.91994,MDG.6_1,Toliary,MDG.6.1_1,Androy,MDG.6.1.1_1,Ambovombe-Androy,FALSE,8.436296525536278,FALSE,MDG.6.1_1,MDG.6.1.1_1,FALSE
2008,487,-25.18304,45.973927,MDG.6_1,Toliary,MDG.6.1_1,Androy,MDG.6.1.1_1,Ambovombe-Androy,FALSE,13.24414422889335,FALSE,MDG.6.1_1,MDG.6.1.1_1,FALSE
2008,488,-25.145695,46.161046,MDG.6_1,Toliary,MDG.6.1_1,Androy,MDG.6.1.1_1,Ambovombe-Androy,FALSE,9.1820146371901,TRUE,MDG.6.1_1,MDG.6.1.1_1,FALSE
2008,489,-25.201095,46.212747,MDG.6_1,Toliary,MDG.6.1_1,Androy,MDG.6.1.1_1,Ambovombe-Androy,FALSE,2.164497940985104,FALSE,MDG.6.1_1,MDG.6.1.1_1,TRUE
2008,490,-25.329263,45.857372,MDG.6_1,Toliary,MDG.6.1_1,Androy,MDG.6.1.1_1,Ambovombe-Androy,FALSE,2.3784278283617506,FALSE,MDG.6.1_1,MDG.6.1.1_1,TRUE
2008,491,-25.295768,45.762326,MDG.6_1,Toliary,MDG.6.1_1,Androy,MDG.6.1.4_1,Tsiombe,FALSE,1.2710857954976174,FALSE,MDG.6.1_1,MDG.6.1.4_1,TRUE
2008,492,-24.816281,45.713339,MDG.6_1,Toliary,MDG.6.1_1,Androy,MDG.6.1.1_1,Ambovombe-Androy,FALSE,26.789735057285966,TRUE,MDG.6.1_1,MDG.6.1.1_1,FALSE
2008,493,-24.671927,45.618235,MDG.6_1,Toliary,MDG.6.1_1,Androy,MDG.6.1.1_1,Ambovombe-Androy,FALSE,14.069682634989459,FALSE,MDG.6.1_1,MDG.6.1.1_1,FALSE
2008,494,-24.913739,45.392589,MDG.6_1,Toliary,MDG.6.1_1,Androy,MDG.6.1.1_1,Ambovombe-Androy,FALSE,4.062387449669455,FALSE,MDG.6.1_1,MDG.6.1.1_1,TRUE
2008,495,-24.412042,45.790067,MDG.6_1,Toliary,MDG.6.1_1,Androy,MDG.6.1.1_1,Ambovombe-Androy,FALSE,8.334067927281374,TRUE,MDG.6.1_1,MDG.6.1.1_1,FALSE
2008,496,-24.26306,45.295357,MDG.6_1,Toliary,MDG.6.1_1,Androy,MDG.6.1.2_1,Bekily,FALSE,17.71752770684226,FALSE,MDG.6.1_1,MDG.6.1.2_1,FALSE
2008,497,-23.959208,45.248357,MDG.6_1,Toliary,MDG.6.1_1,Androy,MDG.6.1.2_1,Bekily,FALSE,5.470706511796184,FALSE,MDG.6.1_1,MDG.6.1.2_1,FALSE
2008,498,-24.438098,45.384163,MDG.6_1,Toliary,MDG.6.1_1,Androy,MDG.6.1.2_1,Bekily,FALSE,17.665449986914968,FALSE,MDG.6.1_1,MDG.6.1.2_1,FALSE
2008,499,-24.435213,45.293951,MDG.6_1,Toliary,MDG.6.1_1,Androy,MDG.6.1.2_1,Bekily,FALSE,21.483061132486267,FALSE,MDG.6.1_1,MDG.6.1.2_1,FALSE
2008,500,-24.179265,45.691822,MDG.6_1,Toliary,MDG.6.1_1,Androy,MDG.6.1.2_1,Bekily,FALSE,8.119421342532684,FALSE,MDG.6.1_1,MDG.6.1.2_1,FALSE
2008,501,-25.02775,46.985861,MDG.6_1,Toliary,MDG.6.2_1,Anosy,MDG.6.2.3_1,Taolagnaro,FALSE,0.6661656358975733,FALSE,MDG.6.2_1,MDG.6.2.3_1,TRUE
2008,502,-25.037717,46.963836,MDG.6_1,Toliary,MDG.6.2_1,Anosy,MDG.6.2.3_1,Taolagnaro,FALSE,0.631807093040502,FALSE,MDG.6.2_1,MDG.6.2.3_1,TRUE
2008,503,-25.016297,46.975958,MDG.6_1,Toliary,MDG.6.2_1,Anosy,MDG.6.2.3_1,Taolagnaro,FALSE,1.5200361630993215,FALSE,MDG.6.2_1,MDG.6.2.3_1,TRUE
2008,504,-24.994459,46.975973,MDG.6_1,Toliary,MDG.6.2_1,Anosy,MDG.6.2.3_1,Taolagnaro,FALSE,2.315947893608261,FALSE,MDG.6.2_1,MDG.6.2.3_1,TRUE
2008,505,-24.862079,46.822403,MDG.6_1,Toliary,MDG.6.2_1,Anosy,MDG.6.2.3_1,Taolagnaro,FALSE,20.30380683815909,FALSE,MDG.6.2_1,MDG.6.2.3_1,FALSE
2008,506,-24.971205,46.79821,MDG.6_1,Toliary,MDG.6.2_1,Anosy,MDG.6.2.3_1,Taolagnaro,FALSE,12.116459315555126,FALSE,MDG.6.2_1,MDG.6.2.3_1,FALSE
2008,508,-24.763824,47.191659,MDG.6_1,Toliary,MDG.6.2_1,Anosy,MDG.6.2.3_1,Taolagnaro,FALSE,0.2597781489253531,FALSE,MDG.6.2_1,MDG.6.2.3_1,TRUE
2008,509,-24.605929,46.908145,MDG.6_1,Toliary,MDG.6.2_1,Anosy,MDG.6.2.3_1,Taolagnaro,FALSE,12.871339353900693,FALSE,MDG.6.2_1,MDG.6.2.3_1,FALSE
2008,510,-24.474484,47.000301,MDG.6_1,Toliary,MDG.6.2_1,Anosy,MDG.6.2.3_1,Taolagnaro,FALSE,14.01271787332329,TRUE,MDG.6.2_1,MDG.6.2.3_1,FALSE
2008,511,-24.148108,47.325756,MDG.6_1,Toliary,MDG.6.2_1,Anosy,MDG.6.2.3_1,Taolagnaro,FALSE,6.226403590794837,TRUE,MDG.6.2_1,MDG.6.2.3_1,FALSE
2008,512,-23.269859,46.112094,MDG.6_1,Toliary,MDG.6.2_1,Anosy,MDG.6.2.2_1,Betroka,FALSE,28.258655580967037,FALSE,MDG.6.2_1,MDG.6.2.2_1,FALSE
2008,513,-23.284703,46.109628,MDG.6_1,Toliary,MDG.6.2_1,Anosy,MDG.6.2.2_1,Betroka,FALSE,29.369110390600593,FALSE,MDG.6.2_1,MDG.6.2.2_1,FALSE
2008,514,-23.350693,45.783198,MDG.6_1,Toliary,MDG.6.2_1,Anosy,MDG.6.2.2_1,Betroka,FALSE,37.59664394550942,FALSE,MDG.6.2_1,MDG.6.2.2_1,FALSE
2008,516,-23.377165,45.64273,MDG.6_1,Toliary,MDG.6.2_1,Anosy,MDG.6.2.2_1,Betroka,FALSE,23.357183203300025,FALSE,MDG.6.2_1,MDG.6.2.2_1,FALSE
2008,517,-23.8095,45.689472,MDG.6_1,Toliary,MDG.6.2_1,Anosy,MDG.6.2.2_1,Betroka,FALSE,13.21853098335278,FALSE,MDG.6.2_1,MDG.6.2.2_1,FALSE
2008,518,-23.435541,45.41062,MDG.6_1,Toliary,MDG.6.2_1,Anosy,MDG.6.2.2_1,Betroka,FALSE,2.792648180158079,FALSE,MDG.6.2_1,MDG.6.2.2_1,TRUE
2008,519,-25.046294,46.395649,MDG.6_1,Toliary,MDG.6.2_1,Anosy,MDG.6.2.1_1,Amboasary-Sud,FALSE,12.95559287190676,FALSE,MDG.6.2_1,MDG.6.2.1_1,FALSE
2008,520,-24.947071,46.382755,MDG.6_1,Toliary,MDG.6.2_1,Anosy,MDG.6.2.1_1,Amboasary-Sud,FALSE,15.026860160792681,TRUE,MDG.6.2_1,MDG.6.2.1_1,FALSE
2008,521,-25.154758,46.325774,MDG.6_1,Toliary,MDG.6.2_1,Anosy,MDG.6.2.1_1,Amboasary-Sud,FALSE,3.56935336225471,FALSE,MDG.6.2_1,MDG.6.2.1_1,TRUE
2008,522,-24.455364,46.344471,MDG.6_1,Toliary,MDG.6.2_1,Anosy,MDG.6.2.1_1,Amboasary-Sud,FALSE,33.933241574119585,TRUE,MDG.6.2_1,MDG.6.2.1_1,FALSE
2008,523,-23.996231,46.184964,MDG.6_1,Toliary,MDG.6.2_1,Anosy,MDG.6.2.1_1,Amboasary-Sud,FALSE,8.17162692057984,TRUE,MDG.6.2_1,MDG.6.2.1_1,FALSE
2008,524,-24.389371,46.325838,MDG.6_1,Toliary,MDG.6.2_1,Anosy,MDG.6.2.1_1,Amboasary-Sud,FALSE,33.430603182305155,TRUE,MDG.6.2_1,MDG.6.2.1_1,FALSE
2008,525,-24.308769,46.0481,MDG.6_1,Toliary,MDG.6.2_1,Anosy,MDG.6.2.1_1,Amboasary-Sud,FALSE,9.466773357519894,TRUE,MDG.6.2_1,MDG.6.2.1_1,FALSE
2008,526,-21.392458,44.43229,MDG.6_1,Toliary,MDG.6.4_1,Menabe,MDG.6.4.3_1,Manja,FALSE,26.6272364677196,TRUE,MDG.6.4_1,MDG.6.4.3_1,FALSE
2008,527,-21.250773,44.570039,MDG.6_1,Toliary,MDG.6.4_1,Menabe,MDG.6.4.3_1,Manja,FALSE,6.501144773251038,TRUE,MDG.6.4_1,MDG.6.4.3_1,FALSE
2008,528,-21.749182,43.924747000000004,MDG.6_1,Toliary,MDG.6.4_1,Menabe,MDG.6.4.3_1,Manja,FALSE,9.182800934272494,TRUE,MDG.6.4_1,MDG.6.4.3_1,FALSE
2008,529,-20.277527,44.30445,MDG.6_1,Toliary,MDG.6.4_1,Menabe,MDG.6.4.5_1,Morondava,FALSE,1.4320212121585119,FALSE,MDG.6.4_1,MDG.6.4.5_1,TRUE
2008,530,-20.298752,44.29346,MDG.6_1,Toliary,MDG.6.4_1,Menabe,MDG.6.4.5_1,Morondava,FALSE,1.9688493840977552,FALSE,MDG.6.4_1,MDG.6.4.5_1,TRUE
2008,531,-20.294691,44.271049,MDG.6_1,Toliary,MDG.6.4_1,Menabe,MDG.6.4.5_1,Morondava,FALSE,0.18495182197896143,FALSE,MDG.6.4_1,MDG.6.4.5_1,TRUE
2008,532,-20.308927,44.303515,MDG.6_1,Toliary,MDG.6.4_1,Menabe,MDG.6.4.5_1,Morondava,FALSE,2.575828294530252,FALSE,MDG.6.4_1,MDG.6.4.5_1,TRUE
2008,533,-20.200716,44.327831,MDG.6_1,Toliary,MDG.6.4_1,Menabe,MDG.6.4.5_1,Morondava,TRUE,0.35710685654423197,FALSE,MDG.6.4_1,MDG.6.4.5_1,TRUE
2008,534,-20.288865,44.560547,MDG.6_1,Toliary,MDG.6.4_1,Menabe,MDG.6.4.5_1,Morondava,FALSE,0.2230386353559479,FALSE,MDG.6.4_1,MDG.6.4.5_1,TRUE
2008,535,-20.687121,44.459789,MDG.6_1,Toliary,MDG.6.4_1,Menabe,MDG.6.4.5_1,Morondava,FALSE,9.828487923293336,TRUE,MDG.6.4_1,MDG.6.4.5_1,FALSE
2008,536,-20.375151,44.672761,MDG.6_1,Toliary,MDG.6.4_1,Menabe,MDG.6.4.2_1,Mahabo,FALSE,7.016958830385261,FALSE,MDG.6.4_1,MDG.6.4.2_1,FALSE
2008,537,-20.318884,44.608012,MDG.6_1,Toliary,MDG.6.4_1,Menabe,MDG.6.4.5_1,Morondava,FALSE,0.03131675561500057,TRUE,MDG.6.4_1,MDG.6.4.5_1,TRUE
2008,538,-20.384972,44.607754,MDG.6_1,Toliary,MDG.6.4_1,Menabe,MDG.6.4.2_1,Mahabo,FALSE,2.1824182379676924,TRUE,MDG.6.4_1,MDG.6.4.2_1,TRUE
2008,539,-20.412219,45.053469,MDG.6_1,Toliary,MDG.6.4_1,Menabe,MDG.6.4.2_1,Mahabo,FALSE,28.389722505523665,TRUE,MDG.6.4_1,MDG.6.4.2_1,FALSE
2008,540,-21.05892,44.93385,MDG.6_1,Toliary,MDG.6.4_1,Menabe,MDG.6.4.2_1,Mahabo,FALSE,17.751064885197827,TRUE,MDG.6.4_1,MDG.6.4.2_1,FALSE
2008,541,-20.828193,45.036113,MDG.6_1,Toliary,MDG.6.4_1,Menabe,MDG.6.4.2_1,Mahabo,FALSE,33.16037061143096,TRUE,MDG.6.4_1,MDG.6.4.2_1,FALSE
2008,542,-19.697199,44.548689,MDG.6_1,Toliary,MDG.6.4_1,Menabe,MDG.6.4.1_1,Belon-i Tsiribihina,FALSE,4.322621676065836,FALSE,MDG.6.4_1,MDG.6.4.1_1,TRUE
2008,543,-19.668352,44.555721,MDG.6_1,Toliary,MDG.6.4_1,Menabe,MDG.6.4.1_1,Belon-i Tsiribihina,FALSE,5.013747893305968,FALSE,MDG.6.4_1,MDG.6.4.1_1,FALSE
2008,544,-19.506532,44.77612,MDG.6_1,Toliary,MDG.6.4_1,Menabe,MDG.6.4.1_1,Belon-i Tsiribihina,FALSE,22.534745945765728,TRUE,MDG.6.4_1,MDG.6.4.1_1,FALSE
2008,545,-19.455342,44.962444,MDG.6_1,Toliary,MDG.6.4_1,Menabe,MDG.6.4.1_1,Belon-i Tsiribihina,FALSE,18.23721431514002,TRUE,MDG.6.4_1,MDG.6.4.1_1,FALSE
2008,546,-19.374704,45.571925,MDG.6_1,Toliary,MDG.6.4_1,Menabe,MDG.6.4.4_1,Miandrivazo,FALSE,17.423606352216904,TRUE,MDG.6.4_1,MDG.6.4.4_1,FALSE
2008,547,-19.639052,45.664162,MDG.6_1,Toliary,MDG.6.4_1,Menabe,MDG.6.4.4_1,Miandrivazo,FALSE,9.450587895358769,TRUE,MDG.6.4_1,MDG.6.4.4_1,FALSE
2008,548,-19.829045,45.514752,MDG.6_1,Toliary,MDG.6.4_1,Menabe,MDG.6.4.4_1,Miandrivazo,FALSE,22.587690739044692,TRUE,MDG.6.4_1,MDG.6.4.4_1,FALSE
2008,549,-20.008873,45.505577,MDG.6_1,Toliary,MDG.6.4_1,Menabe,MDG.6.4.4_1,Miandrivazo,FALSE,15.611722984976812,TRUE,MDG.6.4_1,MDG.6.4.4_1,FALSE
2008,551,-12.452078,49.296023,MDG.2_1,Antsiranana,MDG.2.1_1,Diana,MDG.2.1.3_1,Antsiranana Rural,FALSE,15.558503450303618,FALSE,MDG.2.1_1,MDG.2.1.3_1,FALSE
2008,552,-12.450679,49.507329,MDG.2_1,Antsiranana,MDG.2.1_1,Diana,MDG.2.1.3_1,Antsiranana Rural,FALSE,0.7326282056116447,TRUE,MDG.2.1_1,MDG.2.1.3_1,TRUE
2008,553,-12.617608,49.542234,MDG.2_1,Antsiranana,MDG.2.1_1,Diana,MDG.2.1.3_1,Antsiranana Rural,FALSE,0.855878454440185,FALSE,MDG.2.1_1,MDG.2.1.3_1,TRUE
2008,554,-12.627003,49.081058,MDG.2_1,Antsiranana,MDG.2.1_1,Diana,MDG.2.1.3_1,Antsiranana Rural,FALSE,21.006240218019393,FALSE,MDG.2.1_1,MDG.2.1.3_1,FALSE
2008,555,-12.276491,49.287807,MDG.2_1,Antsiranana,MDG.2.1_1,Diana,MDG.2.1.3_1,Antsiranana Rural,FALSE,0.37104740770689437,FALSE,MDG.2.1_1,MDG.2.1.3_1,TRUE
2008,556,-12.291493,49.289389,MDG.2_1,Antsiranana,MDG.2.1_1,Diana,MDG.2.1.3_1,Antsiranana Rural,FALSE,1.1951395974937,FALSE,MDG.2.1_1,MDG.2.1.3_1,TRUE
2008,557,-12.324135,49.248664,MDG.2_1,Antsiranana,MDG.2.1_1,Diana,MDG.2.1.3_1,Antsiranana Rural,FALSE,2.2295021505060024,FALSE,MDG.2.1_1,MDG.2.1.3_1,TRUE
2008,558,-12.296866,49.299869,MDG.2_1,Antsiranana,MDG.2.1_1,Diana,MDG.2.1.3_1,Antsiranana Rural,FALSE,0.44479748520442525,FALSE,MDG.2.1_1,MDG.2.1.3_1,TRUE
2008,559,-13.188695,49.045667,MDG.2_1,Antsiranana,MDG.2.1_1,Diana,MDG.2.1.2_1,Ambilobe,FALSE,21.54660725334223,FALSE,MDG.2.1_1,MDG.2.1.2_1,FALSE
2008,560,-13.211276,49.019917,MDG.2_1,Antsiranana,MDG.2.1_1,Diana,MDG.2.1.2_1,Ambilobe,FALSE,18.026126191161318,FALSE,MDG.2.1_1,MDG.2.1.2_1,FALSE
2008,561,-13.134823,48.924219,MDG.2_1,Antsiranana,MDG.2.1_1,Diana,MDG.2.1.2_1,Ambilobe,FALSE,10.344777431378764,TRUE,MDG.2.1_1,MDG.2.1.2_1,FALSE
2008,562,-13.272801,49.144753,MDG.2_1,Antsiranana,MDG.2.1_1,Diana,MDG.2.1.2_1,Ambilobe,FALSE,23.962165178392862,TRUE,MDG.2.1_1,MDG.2.1.2_1,FALSE
2008,563,-13.097754,48.958559,MDG.2_1,Antsiranana,MDG.2.1_1,Diana,MDG.2.1.2_1,Ambilobe,FALSE,11.224980046417757,TRUE,MDG.2.1_1,MDG.2.1.2_1,FALSE
2008,564,-13.185468,48.848192,MDG.2_1,Antsiranana,MDG.2.1_1,Diana,MDG.2.1.2_1,Ambilobe,FALSE,3.1514229992243012,TRUE,MDG.2.1_1,MDG.2.1.2_1,TRUE
2008,565,-13.119785,49.284568,MDG.2_1,Antsiranana,MDG.2.1_1,Diana,MDG.2.1.2_1,Ambilobe,FALSE,9.17231934152842,TRUE,MDG.2.1_1,MDG.2.1.2_1,FALSE
2008,566,-13.61666,48.81064,MDG.2_1,Antsiranana,MDG.2.1_1,Diana,MDG.2.1.2_1,Ambilobe,FALSE,11.511982205197814,TRUE,MDG.2.1_1,MDG.2.1.2_1,FALSE
2008,567,-13.401018,48.265771,MDG.2_1,Antsiranana,MDG.2.1_1,Diana,MDG.2.1.5_1,Nosibe,FALSE,0.3350912969939983,FALSE,MDG.2.1_1,MDG.2.1.5_1,TRUE
2008,568,-13.470172,48.349392,MDG.2_1,Antsiranana,MDG.2.1_1,Diana,MDG.2.1.5_1,Nosibe,FALSE,2.2117907213656216,FALSE,MDG.2.1_1,MDG.2.1.5_1,TRUE
2008,569,-13.344462,48.202944,MDG.2_1,Antsiranana,MDG.2.1_1,Diana,MDG.2.1.5_1,Nosibe,FALSE,1.5315699250176849,FALSE,MDG.2.1_1,MDG.2.1.5_1,TRUE
2008,570,-13.678217,48.448512,MDG.2_1,Antsiranana,MDG.2.1_1,Diana,MDG.2.1.1_1,Ambanja,FALSE,11.341973030157721,FALSE,MDG.2.1_1,MDG.2.1.1_1,FALSE
2008,571,-13.714607,48.404349,MDG.2_1,Antsiranana,MDG.2.1_1,Diana,MDG.2.1.1_1,Ambanja,FALSE,6.948461759507822,TRUE,MDG.2.1_1,MDG.2.1.1_1,FALSE
2008,572,-13.845689,48.271277,MDG.2_1,Antsiranana,MDG.2.1_1,Diana,MDG.2.1.1_1,Ambanja,FALSE,3.1981198683211387,FALSE,MDG.2.1_1,MDG.2.1.1_1,TRUE
2008,573,-13.861868,48.523497,MDG.2_1,Antsiranana,MDG.2.1_1,Diana,MDG.2.1.1_1,Ambanja,FALSE,23.117360220215577,FALSE,MDG.2.1_1,MDG.2.1.1_1,FALSE
2008,574,-13.985745,48.602442,MDG.2_1,Antsiranana,MDG.2.1_1,Diana,MDG.2.1.1_1,Ambanja,FALSE,23.23514827466013,TRUE,MDG.2.1_1,MDG.2.1.1_1,FALSE
2008,575,-13.657733,48.044101,MDG.2_1,Antsiranana,MDG.2.1_1,Diana,MDG.2.1.1_1,Ambanja,FALSE,4.5570332002948515,TRUE,MDG.2.1_1,MDG.2.1.1_1,TRUE
2008,576,-14.866389,50.220382,MDG.2_1,Antsiranana,MDG.2.2_1,Sava,MDG.2.2.2_1,Antalaha,FALSE,4.5750941220005155,FALSE,MDG.2.2_1,MDG.2.2.2_1,TRUE
2008,577,-14.915642,50.292239,MDG.2_1,Antsiranana,MDG.2.2_1,Sava,MDG.2.2.2_1,Antalaha,FALSE,0.13317299778120664,FALSE,MDG.2.2_1,MDG.2.2.2_1,TRUE
2008,578,-14.722937,50.189967,MDG.2_1,Antsiranana,MDG.2.2_1,Sava,MDG.2.2.2_1,Antalaha,FALSE,3.765259377602529,TRUE,MDG.2.2_1,MDG.2.2.2_1,TRUE
2008,579,-14.933994,50.203929,MDG.2_1,Antsiranana,MDG.2.2_1,Sava,MDG.2.2.2_1,Antalaha,FALSE,9.1433204999906,TRUE,MDG.2.2_1,MDG.2.2.2_1,FALSE
2008,580,-15.131896,50.10197,MDG.2_1,Antsiranana,MDG.2.2_1,Sava,MDG.2.2.2_1,Antalaha,FALSE,17.18352837138633,TRUE,MDG.2.2_1,MDG.2.2.2_1,FALSE
2008,581,-14.696488,50.066315,MDG.2_1,Antsiranana,MDG.2.2_1,Sava,MDG.2.2.2_1,Antalaha,FALSE,13.865829604694488,TRUE,MDG.2.2_1,MDG.2.2.2_1,FALSE
2008,582,-15.87256,50.247011,MDG.2_1,Antsiranana,MDG.2.2_1,Sava,MDG.2.2.2_1,Antalaha,FALSE,2.6504096372623804,FALSE,MDG.2.2_1,MDG.2.2.2_1,TRUE
2008,583,-14.277735,50.152625,MDG.2_1,Antsiranana,MDG.2.2_1,Sava,MDG.2.2.3_1,Sambava,FALSE,2.2927462156193577,FALSE,MDG.2.2_1,MDG.2.2.3_1,TRUE
2008,584,-14.282281,50.1787,MDG.2_1,Antsiranana,MDG.2.2_1,Sava,MDG.2.2.3_1,Sambava,FALSE,1.0583804090561277,FALSE,MDG.2.2_1,MDG.2.2.3_1,TRUE
2008,585,-14.466,50.164542,MDG.2_1,Antsiranana,MDG.2.2_1,Sava,MDG.2.2.3_1,Sambava,FALSE,1.2365557174895827,TRUE,MDG.2.2_1,MDG.2.2.3_1,TRUE
2008,586,-14.307827,49.901196,MDG.2_1,Antsiranana,MDG.2.2_1,Sava,MDG.2.2.3_1,Sambava,FALSE,16.339162600062792,FALSE,MDG.2.2_1,MDG.2.2.3_1,FALSE
2008,587,-14.47575,50.021503,MDG.2_1,Antsiranana,MDG.2.2_1,Sava,MDG.2.2.3_1,Sambava,FALSE,6.261621660424359,TRUE,MDG.2.2_1,MDG.2.2.3_1,FALSE
2008,588,-14.222165,49.696514,MDG.2_1,Antsiranana,MDG.2.2_1,Sava,MDG.2.2.3_1,Sambava,FALSE,4.911847996531324,FALSE,MDG.2.2_1,MDG.2.2.3_1,TRUE
2008,589,-14.481049,49.782451,MDG.2_1,Antsiranana,MDG.2.2_1,Sava,MDG.2.2.3_1,Sambava,FALSE,5.536998419902455,FALSE,MDG.2.2_1,MDG.2.2.3_1,FALSE
2008,590,-14.008265,49.602385,MDG.2_1,Antsiranana,MDG.2.2_1,Sava,MDG.2.2.3_1,Sambava,FALSE,6.50118494089487,TRUE,MDG.2.2_1,MDG.2.2.3_1,FALSE
2008,591,-14.674244,49.664544,MDG.2_1,Antsiranana,MDG.2.2_1,Sava,MDG.2.2.1_1,Andapa,FALSE,15.21817685713759,FALSE,MDG.2.2_1,MDG.2.2.1_1,FALSE
2008,592,-14.701992,49.608947,MDG.2_1,Antsiranana,MDG.2.2_1,Sava,MDG.2.2.1_1,Andapa,FALSE,17.667479325793867,FALSE,MDG.2.2_1,MDG.2.2.1_1,FALSE
2008,593,-14.638682,49.564417,MDG.2_1,Antsiranana,MDG.2.2_1,Sava,MDG.2.2.1_1,Andapa,FALSE,15.397916530775934,FALSE,MDG.2.2_1,MDG.2.2.1_1,FALSE
2008,594,-14.630578,49.499009,MDG.2_1,Antsiranana,MDG.2.2_1,Sava,MDG.2.2.1_1,Andapa,FALSE,9.410547159110658,FALSE,MDG.2.2_1,MDG.2.2.1_1,FALSE
2008,595,-14.395152,49.506815,MDG.2_1,Antsiranana,MDG.2.2_1,Sava,MDG.2.2.1_1,Andapa,FALSE,16.611304535349717,FALSE,MDG.2.2_1,MDG.2.2.1_1,FALSE
2008,596,-13.611876,49.917904,MDG.2_1,Antsiranana,MDG.2.2_1,Sava,MDG.2.2.4_1,Vohimarina (Iharana),FALSE,15.17270944812336,TRUE,MDG.2.2_1,MDG.2.2.4_1,FALSE
2008,597,-13.42835,49.523022,MDG.2_1,Antsiranana,MDG.2.2_1,Sava,MDG.2.2.4_1,Vohimarina (Iharana),FALSE,14.472698322328243,TRUE,MDG.2.2_1,MDG.2.2.4_1,FALSE
2008,598,-13.646018,49.586893,MDG.2_1,Antsiranana,MDG.2.2_1,Sava,MDG.2.2.4_1,Vohimarina (Iharana),FALSE,19.37612159334469,TRUE,MDG.2.2_1,MDG.2.2.4_1,FALSE
2008,599,-13.818543,49.740027,MDG.2_1,Antsiranana,MDG.2.2_1,Sava,MDG.2.2.4_1,Vohimarina (Iharana),FALSE,12.426434220814048,TRUE,MDG.2.2_1,MDG.2.2.4_1,FALSE
2008,600,-14.031697,49.964903,MDG.2_1,Antsiranana,MDG.2.2_1,Sava,MDG.2.2.4_1,Vohimarina (Iharana),FALSE,4.892036719071485,TRUE,MDG.2.2_1,MDG.2.2.4_1,TRUE
2011,1,-18.810593,47.547694,MDG.1_1,Antananarivo,MDG.1.1_1,Analamanga,MDG.1.1.5_1,Antananarivo-Nord,FALSE,2.499307619273677,FALSE,MDG.1.1_1,MDG.1.1.5_1,TRUE
2011,2,-18.821461,47.562162,MDG.1_1,Antananarivo,MDG.1.1_1,Analamanga,MDG.1.1.5_1,Antananarivo-Nord,FALSE,4.296395475287766,FALSE,MDG.1.1_1,MDG.1.1.5_1,TRUE
2011,3,-18.858146,47.578433,MDG.1_1,Antananarivo,MDG.1.1_1,Analamanga,MDG.1.1.5_1,Antananarivo-Nord,FALSE,3.1597950113633595,FALSE,MDG.1.1_1,MDG.1.1.5_1,TRUE
2011,4,-18.751188,47.627068,MDG.1_1,Antananarivo,MDG.1.1_1,Analamanga,MDG.1.1.5_1,Antananarivo-Nord,FALSE,2.890836586493188,FALSE,MDG.1.1_1,MDG.1.1.5_1,TRUE
2011,5,-18.790909,47.455721,MDG.1_1,Antananarivo,MDG.1.1_1,Analamanga,MDG.1.1.1_1,Ambohidratrimo,FALSE,5.679159395159715,FALSE,MDG.1.1_1,MDG.1.1.1_1,FALSE
2011,6,-18.824424,47.519282,MDG.1_1,Antananarivo,MDG.1.1_1,Analamanga,MDG.1.1.5_1,Antananarivo-Nord,FALSE,0.45870967858961886,FALSE,MDG.1.1_1,MDG.1.1.5_1,TRUE
2011,7,-18.80002,47.480781,MDG.1_1,Antananarivo,MDG.1.1_1,Analamanga,MDG.1.1.1_1,Ambohidratrimo,FALSE,3.853910735911775,FALSE,MDG.1.1_1,MDG.1.1.1_1,TRUE
2011,8,-18.749716,47.362492,MDG.1_1,Antananarivo,MDG.1.1_1,Analamanga,MDG.1.1.1_1,Ambohidratrimo,FALSE,6.422804738812601,TRUE,MDG.1.1_1,MDG.1.1.1_1,FALSE
2011,9,-18.884661,47.407665,MDG.1_1,Antananarivo,MDG.1.1_1,Analamanga,MDG.1.1.1_1,Ambohidratrimo,FALSE,1.4777226972024429,TRUE,MDG.1.1_1,MDG.1.1.1_1,TRUE
2011,10,-18.286927,47.093812,MDG.1_1,Antananarivo,MDG.1.1_1,Analamanga,MDG.1.1.4_1,Ankazobe,FALSE,26.926594290994696,FALSE,MDG.1.1_1,MDG.1.1.4_1,FALSE
2011,11,-18.65925,47.068361,MDG.1_1,Antananarivo,MDG.1.1_1,Analamanga,MDG.1.1.4_1,Ankazobe,FALSE,2.8198234778237254,TRUE,MDG.1.1_1,MDG.1.1.4_1,TRUE
2011,12,-19.029857,47.823218,MDG.1_1,Antananarivo,MDG.1.1_1,Analamanga,MDG.1.1.8_1,Manjakandriana,FALSE,8.237533860306593,FALSE,MDG.1.1_1,MDG.1.1.8_1,FALSE
2011,13,-19.09813,47.818496,MDG.1_1,Antananarivo,MDG.1.1_1,Analamanga,MDG.1.1.8_1,Manjakandriana,FALSE,5.376894089833815,FALSE,MDG.1.1_1,MDG.1.1.8_1,FALSE
2011,14,-18.527545,47.776571,MDG.1_1,Antananarivo,MDG.1.1_1,Analamanga,MDG.1.1.3_1,Anjozorobe,FALSE,1.950792901269953,FALSE,MDG.1.1_1,MDG.1.1.3_1,TRUE
2011,15,-18.269603,47.631014,MDG.1_1,Antananarivo,MDG.1.1_1,Analamanga,MDG.1.1.3_1,Anjozorobe,FALSE,17.030009390317996,TRUE,MDG.1.1_1,MDG.1.1.3_1,FALSE
2011,16,-18.197057,47.538238,MDG.1_1,Antananarivo,MDG.1.1_1,Analamanga,MDG.1.1.3_1,Anjozorobe,FALSE,7.198632458264882,TRUE,MDG.1.1_1,MDG.1.1.3_1,FALSE
2011,17,-19.188129,47.68328,MDG.1_1,Antananarivo,MDG.1.1_1,Analamanga,MDG.1.1.2_1,Andramasina,FALSE,4.738507763056088,FALSE,MDG.1.1_1,MDG.1.1.2_1,TRUE
2011,18,-18.93032,47.495588,MDG.1_1,Antananarivo,MDG.1.1_1,Analamanga,MDG.1.1.6_1,Antananarivo-Sud,FALSE,0.05458736773381279,FALSE,MDG.1.1_1,MDG.1.1.6_1,TRUE
2011,19,-18.925338,47.480818,MDG.1_1,Antananarivo,MDG.1.1_1,Analamanga,MDG.1.1.6_1,Antananarivo-Sud,FALSE,1.2249658320924905,FALSE,MDG.1.1_1,MDG.1.1.6_1,TRUE
2011,20,-18.911644,47.45464,MDG.1_1,Antananarivo,MDG.1.1_1,Analamanga,MDG.1.1.6_1,Antananarivo-Sud,FALSE,2.535168377038024,FALSE,MDG.1.1_1,MDG.1.1.6_1,TRUE
2011,21,-18.964544,47.530418,MDG.1_1,Antananarivo,MDG.1.1_1,Analamanga,MDG.1.1.6_1,Antananarivo-Sud,FALSE,1.072368765114218,FALSE,MDG.1.1_1,MDG.1.1.6_1,TRUE
2011,22,-18.96109,47.564298,MDG.1_1,Antananarivo,MDG.1.1_1,Analamanga,MDG.1.1.5_1,Antananarivo-Nord,FALSE,0.9805736117874212,FALSE,MDG.1.1_1,MDG.1.1.5_1,TRUE
2011,23,-18.908991,47.435086,MDG.1_1,Antananarivo,MDG.1.1_1,Analamanga,MDG.1.1.6_1,Antananarivo-Sud,FALSE,2.003143461836127,TRUE,MDG.1.1_1,MDG.1.1.6_1,TRUE
2011,24,-18.996418,47.556018,MDG.1_1,Antananarivo,MDG.1.1_1,Analamanga,MDG.1.1.6_1,Antananarivo-Sud,FALSE,2.9934141618244414,FALSE,MDG.1.1_1,MDG.1.1.6_1,TRUE
2011,25,-19.79597,46.74349,MDG.1_1,Antananarivo,MDG.1.4_1,Vakinankaratra,MDG.1.4.5_1,Betafo,FALSE,19.836312024145506,FALSE,MDG.1.4_1,MDG.1.4.5_1,FALSE
2011,26,-19.713559,46.598851,MDG.1_1,Antananarivo,MDG.1.4_1,Vakinankaratra,MDG.1.4.5_1,Betafo,FALSE,23.998425968985906,FALSE,MDG.1.4_1,MDG.1.4.5_1,FALSE
2011,27,-19.228937,47.004783,MDG.1_1,Antananarivo,MDG.1.4_1,Vakinankaratra,MDG.1.4.6_1,Faratsiho,FALSE,3.2303515386454538,FALSE,MDG.1.4_1,MDG.1.4.6_1,TRUE
2011,28,-20.079001,47.00525,MDG.1_1,Antananarivo,MDG.1.4_1,Vakinankaratra,MDG.1.4.3_1,Antsirabe Rural,FALSE,5.288333589139015,TRUE,MDG.1.4_1,MDG.1.4.3_1,FALSE
2011,30,-19.008488,47.180054,MDG.1_1,Antananarivo,MDG.1.3_1,Itasy,MDG.1.3.1_1,Arivonimamo,FALSE,7.018122518908676,FALSE,MDG.1.3_1,MDG.1.3.1_1,FALSE
2011,31,-19.030139,47.21485,MDG.1_1,Antananarivo,MDG.1.3_1,Itasy,MDG.1.3.1_1,Arivonimamo,FALSE,10.744968532801003,FALSE,MDG.1.3_1,MDG.1.3.1_1,FALSE
2011,32,-18.979507,47.332145,MDG.1_1,Antananarivo,MDG.1.3_1,Itasy,MDG.1.3.1_1,Arivonimamo,FALSE,7.963406828967201,FALSE,MDG.1.3_1,MDG.1.3.1_1,FALSE
2011,33,-19.097815,47.434847,MDG.1_1,Antananarivo,MDG.1.3_1,Itasy,MDG.1.3.1_1,Arivonimamo,FALSE,2.1402980128548332,FALSE,MDG.1.3_1,MDG.1.3.1_1,TRUE
2011,34,-18.951216,46.913205,MDG.1_1,Antananarivo,MDG.1.3_1,Itasy,MDG.1.3.2_1,Miarinarivo,FALSE,17.482817233134906,FALSE,MDG.1.3_1,MDG.1.3.2_1,FALSE
2011,35,-18.959824,46.912287,MDG.1_1,Antananarivo,MDG.1.3_1,Itasy,MDG.1.3.2_1,Miarinarivo,FALSE,16.88213219597121,FALSE,MDG.1.3_1,MDG.1.3.2_1,FALSE
2011,36,-18.889907,46.846469,MDG.1_1,Antananarivo,MDG.1.3_1,Itasy,MDG.1.3.2_1,Miarinarivo,FALSE,18.209771637521364,FALSE,MDG.1.3_1,MDG.1.3.2_1,FALSE
2011,37,-18.950335,46.72877,MDG.1_1,Antananarivo,MDG.1.3_1,Itasy,MDG.1.3.2_1,Miarinarivo,FALSE,8.347356294693045,FALSE,MDG.1.3_1,MDG.1.3.2_1,FALSE
2011,38,-18.710796,46.664877,MDG.1_1,Antananarivo,MDG.1.3_1,Itasy,MDG.1.3.2_1,Miarinarivo,FALSE,4.193890504108115,FALSE,MDG.1.3_1,MDG.1.3.2_1,TRUE
2011,39,-19.120893,46.827897,MDG.1_1,Antananarivo,MDG.1.3_1,Itasy,MDG.1.3.3_1,Soavinandriana,FALSE,1.9180859282899603,FALSE,MDG.1.3_1,MDG.1.3.3_1,TRUE
2011,40,-18.768371,46.051483,MDG.1_1,Antananarivo,MDG.1.2_1,Bongolava,MDG.1.2.2_1,Tsiroanomandidy,FALSE,30.120326107927426,FALSE,MDG.1.2_1,MDG.1.2.2_1,FALSE
2011,41,-18.998623,46.092869,MDG.1_1,Antananarivo,MDG.1.2_1,Bongolava,MDG.1.2.2_1,Tsiroanomandidy,FALSE,33.452015836285675,FALSE,MDG.1.2_1,MDG.1.2.2_1,FALSE
2011,42,-18.973699,45.632391,MDG.1_1,Antananarivo,MDG.1.2_1,Bongolava,MDG.1.2.2_1,Tsiroanomandidy,FALSE,8.095097049741288,FALSE,MDG.1.2_1,MDG.1.2.2_1,FALSE
2011,43,-18.466561,46.556541,MDG.1_1,Antananarivo,MDG.1.2_1,Bongolava,MDG.1.2.1_1,Fenoarivo-Centre,FALSE,18.34010122322201,FALSE,MDG.1.2_1,MDG.1.2.1_1,FALSE
2011,44,-21.845952,46.98207,MDG.3_1,Fianarantsoa,MDG.3.3_1,Haute matsiatra,MDG.3.3.1_1,Ambalavao,FALSE,7.731056869566037,FALSE,MDG.3.3_1,MDG.3.3.1_1,FALSE
2011,45,-21.827074,46.939195,MDG.3_1,Fianarantsoa,MDG.3.3_1,Haute matsiatra,MDG.3.3.1_1,Ambalavao,FALSE,9.29724134033853,FALSE,MDG.3.3_1,MDG.3.3.1_1,FALSE
2011,46,-21.866316,46.884869,MDG.3_1,Fianarantsoa,MDG.3.3_1,Haute matsiatra,MDG.3.3.1_1,Ambalavao,FALSE,15.860846188791037,FALSE,MDG.3.3_1,MDG.3.3.1_1,FALSE
2011,47,-21.804015,46.886401,MDG.3_1,Fianarantsoa,MDG.3.3_1,Haute matsiatra,MDG.3.3.1_1,Ambalavao,FALSE,9.081713176951247,TRUE,MDG.3.3_1,MDG.3.3.1_1,FALSE
2011,48,-21.981082,46.440778,MDG.3_1,Fianarantsoa,MDG.3.3_1,Haute matsiatra,MDG.3.3.1_1,Ambalavao,FALSE,0.1856485202994463,TRUE,MDG.3.3_1,MDG.3.3.1_1,TRUE
2011,49,-21.09581,47.215887,MDG.3_1,Fianarantsoa,MDG.3.3_1,Haute matsiatra,MDG.3.3.2_1,Ambohimahasoa,FALSE,13.525170361805738,FALSE,MDG.3.3_1,MDG.3.3.2_1,FALSE
2011,50,-21.070149,47.277188,MDG.3_1,Fianarantsoa,MDG.3.3_1,Haute matsiatra,MDG.3.3.2_1,Ambohimahasoa,FALSE,6.563783101596777,FALSE,MDG.3.3_1,MDG.3.3.2_1,FALSE
2011,51,-20.975458,47.26039,MDG.3_1,Fianarantsoa,MDG.3.3_1,Haute matsiatra,MDG.3.3.2_1,Ambohimahasoa,FALSE,7.644987085685693,FALSE,MDG.3.3_1,MDG.3.3.2_1,FALSE
2011,52,-20.824506,47.196207,MDG.3_1,Fianarantsoa,MDG.3.3_1,Haute matsiatra,MDG.3.3.2_1,Ambohimahasoa,FALSE,1.16857105884414,FALSE,MDG.3.3_1,MDG.3.3.2_1,TRUE
2011,53,-21.453046,46.489012,MDG.3_1,Fianarantsoa,MDG.3.3_1,Haute matsiatra,MDG.3.3.5_1,Ikalamavony,FALSE,8.226450990179758,TRUE,MDG.3.3_1,MDG.3.3.5_1,FALSE
2011,54,-21.434238,47.265952,MDG.3_1,Fianarantsoa,MDG.3.3_1,Haute matsiatra,MDG.3.3.3_1,Fianarantsoa Rural,FALSE,12.87963411481855,FALSE,MDG.3.3_1,MDG.3.3.3_1,FALSE
2011,55,-21.482862,47.20782,MDG.3_1,Fianarantsoa,MDG.3.3_1,Haute matsiatra,MDG.3.3.3_1,Fianarantsoa Rural,FALSE,7.047194812347114,FALSE,MDG.3.3_1,MDG.3.3.3_1,FALSE
2011,56,-21.583399,47.032469,MDG.3_1,Fianarantsoa,MDG.3.3_1,Haute matsiatra,MDG.3.3.3_1,Fianarantsoa Rural,FALSE,9.167170448720888,FALSE,MDG.3.3_1,MDG.3.3.3_1,FALSE
2011,57,-21.680617,47.045375,MDG.3_1,Fianarantsoa,MDG.3.3_1,Haute matsiatra,MDG.3.3.3_1,Fianarantsoa Rural,FALSE,9.251439429277816,FALSE,MDG.3.3_1,MDG.3.3.3_1,FALSE
2011,58,-21.485643,46.931917,MDG.3_1,Fianarantsoa,MDG.3.3_1,Haute matsiatra,MDG.3.3.3_1,Fianarantsoa Rural,FALSE,9.10854267120628,FALSE,MDG.3.3_1,MDG.3.3.3_1,FALSE
2011,59,-21.15366,46.878741,MDG.3_1,Fianarantsoa,MDG.3.3_1,Haute matsiatra,MDG.3.3.3_1,Fianarantsoa Rural,FALSE,4.816049043934645,TRUE,MDG.3.3_1,MDG.3.3.3_1,TRUE
2011,60,-20.359333,46.902764,MDG.3_1,Fianarantsoa,MDG.3.1_1,Amoron'i mania,MDG.3.1.1_1,Ambatofinandrahana,FALSE,8.318904593062376,FALSE,MDG.3.1_1,MDG.3.1.1_1,FALSE
2011,61,-20.530808,47.247873,MDG.3_1,Fianarantsoa,MDG.3.1_1,Amoron'i mania,MDG.3.1.2_1,Ambositra,FALSE,5.791746446358234,FALSE,MDG.3.1_1,MDG.3.1.2_1,FALSE
2011,62,-20.53229,47.221758,MDG.3_1,Fianarantsoa,MDG.3.1_1,Amoron'i mania,MDG.3.1.2_1,Ambositra,FALSE,8.132146494554508,FALSE,MDG.3.1_1,MDG.3.1.2_1,FALSE
2011,63,-20.534598,47.245544,MDG.3_1,Fianarantsoa,MDG.3.1_1,Amoron'i mania,MDG.3.1.2_1,Ambositra,FALSE,6.251437842342629,FALSE,MDG.3.1_1,MDG.3.1.2_1,FALSE
2011,64,-20.531865,47.252028,MDG.3_1,Fianarantsoa,MDG.3.1_1,Amoron'i mania,MDG.3.1.2_1,Ambositra,FALSE,5.551279082811535,FALSE,MDG.3.1_1,MDG.3.1.2_1,FALSE
2011,65,-20.553586,47.248228,MDG.3_1,Fianarantsoa,MDG.3.1_1,Amoron'i mania,MDG.3.1.2_1,Ambositra,FALSE,7.652161305973631,FALSE,MDG.3.1_1,MDG.3.1.2_1,FALSE
2011,66,-20.547692,47.192479,MDG.3_1,Fianarantsoa,MDG.3.1_1,Amoron'i mania,MDG.3.1.2_1,Ambositra,FALSE,6.468177803014422,FALSE,MDG.3.1_1,MDG.3.1.2_1,FALSE
2011,67,-20.557338,47.311613,MDG.3_1,Fianarantsoa,MDG.3.1_1,Amoron'i mania,MDG.3.1.2_1,Ambositra,FALSE,6.466697935825973,FALSE,MDG.3.1_1,MDG.3.1.2_1,FALSE
2011,68,-20.708045,47.615758,MDG.3_1,Fianarantsoa,MDG.3.1_1,Amoron'i mania,MDG.3.1.2_1,Ambositra,FALSE,2.143063481342282,FALSE,MDG.3.1_1,MDG.3.1.2_1,TRUE
2011,69,-20.083968,47.351364,MDG.3_1,Fianarantsoa,MDG.3.1_1,Amoron'i mania,MDG.3.1.3_1,Fandriana,FALSE,3.755082355745795,FALSE,MDG.3.1_1,MDG.3.1.3_1,TRUE
2011,70,-20.124294,47.483809,MDG.3_1,Fianarantsoa,MDG.3.1_1,Amoron'i mania,MDG.3.1.3_1,Fandriana,FALSE,5.685618515812226,FALSE,MDG.3.1_1,MDG.3.1.3_1,FALSE
2011,71,-20.69547,47.072926,MDG.3_1,Fianarantsoa,MDG.3.1_1,Amoron'i mania,MDG.3.1.4_1,Manandriana,FALSE,6.690899557493057,FALSE,MDG.3.1_1,MDG.3.1.4_1,FALSE
2011,72,-21.656448,47.66961,MDG.3_1,Fianarantsoa,MDG.3.5_1,Vatovavy Fitovinany,MDG.3.5.3_1,Manakara-Sud,FALSE,2.6874509055697886,TRUE,MDG.3.5_1,MDG.3.5.3_1,TRUE
2011,73,-20.607966,48.275311,MDG.3_1,Fianarantsoa,MDG.3.5_1,Vatovavy Fitovinany,MDG.3.5.5_1,Nosy varika,FALSE,18.33277745243888,TRUE,MDG.3.5_1,MDG.3.5.5_1,FALSE
2011,74,-20.768536,47.93458,MDG.3_1,Fianarantsoa,MDG.3.5_1,Vatovavy Fitovinany,MDG.3.5.5_1,Nosy varika,FALSE,3.9086588235425954,FALSE,MDG.3.5_1,MDG.3.5.5_1,TRUE
2011,75,-20.99755,48.427396,MDG.3_1,Fianarantsoa,MDG.3.5_1,Vatovavy Fitovinany,MDG.3.5.4_1,Mananjary,TRUE,0.44665951804800874,TRUE,MDG.3.5_1,MDG.3.5.4_1,TRUE
2011,76,-22.147019,48.001797,MDG.3_1,Fianarantsoa,MDG.3.5_1,Vatovavy Fitovinany,MDG.3.5.3_1,Manakara-Sud,FALSE,2.052870011052373,FALSE,MDG.3.5_1,MDG.3.5.3_1,TRUE
2011,77,-22.213826,47.914275,MDG.3_1,Fianarantsoa,MDG.3.5_1,Vatovavy Fitovinany,MDG.3.5.3_1,Manakara-Sud,FALSE,1.3536420320946756,TRUE,MDG.3.5_1,MDG.3.5.3_1,TRUE
2011,78,-22.210041,47.733723,MDG.3_1,Fianarantsoa,MDG.3.5_1,Vatovavy Fitovinany,MDG.3.5.3_1,Manakara-Sud,FALSE,4.076253028095387,TRUE,MDG.3.5_1,MDG.3.5.3_1,TRUE
2011,79,-21.758729,47.802928,MDG.3_1,Fianarantsoa,MDG.3.5_1,Vatovavy Fitovinany,MDG.3.5.3_1,Manakara-Sud,FALSE,11.819662419652195,TRUE,MDG.3.5_1,MDG.3.5.3_1,FALSE
2011,80,-21.546575,47.477769,MDG.3_1,Fianarantsoa,MDG.3.5_1,Vatovavy Fitovinany,MDG.3.5.2_1,Ikongo,FALSE,6.377458257841631,FALSE,MDG.3.5_1,MDG.3.5.2_1,FALSE
2011,81,-22.244215,47.77033,MDG.3_1,Fianarantsoa,MDG.3.5_1,Vatovavy Fitovinany,MDG.3.5.3_1,Manakara-Sud,FALSE,0.4547266675387139,TRUE,MDG.3.5_1,MDG.3.5.3_1,TRUE
2011,82,-22.398881,46.115593,MDG.3_1,Fianarantsoa,MDG.3.4_1,Ihorombe,MDG.3.4.2_1,Ihosy,FALSE,33.99517899241795,FALSE,MDG.3.4_1,MDG.3.4.2_1,FALSE
2011,83,-22.223783,46.143445,MDG.3_1,Fianarantsoa,MDG.3.4_1,Ihorombe,MDG.3.4.2_1,Ihosy,FALSE,35.36853475406361,FALSE,MDG.3.4_1,MDG.3.4.2_1,FALSE
2011,84,-22.459709,46.893775,MDG.3_1,Fianarantsoa,MDG.3.4_1,Ihorombe,MDG.3.4.3_1,Ivohibe,FALSE,17.86909970227287,FALSE,MDG.3.4_1,MDG.3.4.3_1,FALSE
2011,85,-22.816378,47.821129,MDG.3_1,Fianarantsoa,MDG.3.2_1,Atsimo-Atsinana,MDG.3.2.2_1,Farafangana,FALSE,1.4676333930354148,FALSE,MDG.3.2_1,MDG.3.2.2_1,TRUE
2011,86,-22.858636,47.707735,MDG.3_1,Fianarantsoa,MDG.3.2_1,Atsimo-Atsinana,MDG.3.2.2_1,Farafangana,FALSE,12.51232153875159,FALSE,MDG.3.2_1,MDG.3.2.2_1,FALSE
2011,87,-22.937315,47.445954,MDG.3_1,Fianarantsoa,MDG.3.2_1,Atsimo-Atsinana,MDG.3.2.5_1,Vondrozo,FALSE,0.3162800170232857,FALSE,MDG.3.2_1,MDG.3.2.5_1,TRUE
2011,88,-23.34115,47.599968,MDG.3_1,Fianarantsoa,MDG.3.2_1,Atsimo-Atsinana,MDG.3.2.4_1,Vangaindrano,FALSE,9.203905747085463,FALSE,MDG.3.2_1,MDG.3.2.4_1,FALSE
2011,89,-23.340634,47.649853,MDG.3_1,Fianarantsoa,MDG.3.2_1,Atsimo-Atsinana,MDG.3.2.4_1,Vangaindrano,FALSE,4.113614083956158,FALSE,MDG.3.2_1,MDG.3.2.4_1,TRUE
2011,90,-23.453576,47.297468,MDG.3_1,Fianarantsoa,MDG.3.2_1,Atsimo-Atsinana,MDG.3.2.4_1,Vangaindrano,FALSE,11.239796727743832,FALSE,MDG.3.2_1,MDG.3.2.4_1,FALSE
2011,91,-23.536787,47.008872,MDG.3_1,Fianarantsoa,MDG.3.2_1,Atsimo-Atsinana,MDG.3.2.3_1,Midongy-Sud,FALSE,12.200214493313362,FALSE,MDG.3.2_1,MDG.3.2.3_1,FALSE
2011,92,-23.892736,46.951756,MDG.3_1,Fianarantsoa,MDG.3.2_1,Atsimo-Atsinana,MDG.3.2.1_1,Befotaka,FALSE,11.475910106028376,FALSE,MDG.3.2_1,MDG.3.2.1_1,FALSE
2011,93,-18.16495,49.402344,MDG.5_1,Toamasina,MDG.5.3_1,Atsinanana,MDG.5.3.5_1,Toamasina Rural,FALSE,0.5910650531127024,FALSE,MDG.5.3_1,MDG.5.3.5_1,TRUE
2011,94,-18.160132,49.410516,MDG.5_1,Toamasina,MDG.5.3_1,Atsinanana,MDG.5.3.5_1,Toamasina Rural,FALSE,0.5025676713860512,FALSE,MDG.5.3_1,MDG.5.3.5_1,TRUE
2011,95,-18.140599,49.392335,MDG.5_1,Toamasina,MDG.5.3_1,Atsinanana,MDG.5.3.5_1,Toamasina Rural,FALSE,2.282688099986009,FALSE,MDG.5.3_1,MDG.5.3.5_1,TRUE
2011,96,-18.163728,49.391653,MDG.5_1,Toamasina,MDG.5.3_1,Atsinanana,MDG.5.3.5_1,Toamasina Rural,FALSE,1.4490865554477583,FALSE,MDG.5.3_1,MDG.5.3.5_1,TRUE
2011,97,-18.136429,49.406226,MDG.5_1,Toamasina,MDG.5.3_1,Atsinanana,MDG.5.3.5_1,Toamasina Rural,FALSE,0.7997226187490506,FALSE,MDG.5.3_1,MDG.5.3.5_1,TRUE
2011,98,-18.15252,49.399221,MDG.5_1,Toamasina,MDG.5.3_1,Atsinanana,MDG.5.3.5_1,Toamasina Rural,FALSE,1.8728342213354767,FALSE,MDG.5.3_1,MDG.5.3.5_1,TRUE
2011,99,-18.146156,49.400009,MDG.5_1,Toamasina,MDG.5.3_1,Atsinanana,MDG.5.3.5_1,Toamasina Rural,FALSE,1.795710653833975,FALSE,MDG.5.3_1,MDG.5.3.5_1,TRUE
2011,100,-18.142362,49.381254,MDG.5_1,Toamasina,MDG.5.3_1,Atsinanana,MDG.5.3.5_1,Toamasina Rural,FALSE,3.4054450704948587,FALSE,MDG.5.3_1,MDG.5.3.5_1,TRUE
2011,101,-18.942186,48.688528,MDG.5_1,Toamasina,MDG.5.3_1,Atsinanana,MDG.5.3.1_1,Ampasimanolotra,FALSE,5.67840004523885,TRUE,MDG.5.3_1,MDG.5.3.1_1,FALSE
2011,102,-19.33645,48.975242,MDG.5_1,Toamasina,MDG.5.3_1,Atsinanana,MDG.5.3.6_1,Vatomandry,FALSE,0.6247498783501767,FALSE,MDG.5.3_1,MDG.5.3.6_1,TRUE
2011,103,-19.591787,48.750527,MDG.5_1,Toamasina,MDG.5.3_1,Atsinanana,MDG.5.3.6_1,Vatomandry,FALSE,9.466325157842014,FALSE,MDG.5.3_1,MDG.5.3.6_1,FALSE
2011,104,-20.150625,48.510158,MDG.5_1,Toamasina,MDG.5.3_1,Atsinanana,MDG.5.3.3_1,Mahanoro,FALSE,18.040576205200146,TRUE,MDG.5.3_1,MDG.5.3.3_1,FALSE
2011,105,-20.161612,48.014762,MDG.5_1,Toamasina,MDG.5.3_1,Atsinanana,MDG.5.3.4_1,Marolambo,FALSE,15.10819693945245,TRUE,MDG.5.3_1,MDG.5.3.4_1,FALSE
2011,106,-17.898826,49.411395,MDG.5_1,Toamasina,MDG.5.3_1,Atsinanana,MDG.5.3.5_1,Toamasina Rural,FALSE,4.358062845987974,TRUE,MDG.5.3_1,MDG.5.3.5_1,TRUE
2011,107,-17.848489,49.133048,MDG.5_1,Toamasina,MDG.5.3_1,Atsinanana,MDG.5.3.5_1,Toamasina Rural,FALSE,9.185364596264616,FALSE,MDG.5.3_1,MDG.5.3.5_1,FALSE
2011,108,-17.116589,49.805304,MDG.5_1,Toamasina,MDG.5.2_1,Analanjirofo,MDG.5.2.4_1,Nosy-Boraha (St. Marie),FALSE,0.25202499870111583,FALSE,MDG.5.2_1,MDG.5.2.4_1,TRUE
2011,109,-15.334862,49.791198,MDG.5_1,Toamasina,MDG.5.2_1,Analanjirofo,MDG.5.2.3_1,Maroansetra,FALSE,11.069528666577554,FALSE,MDG.5.2_1,MDG.5.2.3_1,FALSE
2011,110,-16.144564,49.708863,MDG.5_1,Toamasina,MDG.5.2_1,Analanjirofo,MDG.5.2.2_1,Mananara,FALSE,1.3828093717466334,FALSE,MDG.5.2_1,MDG.5.2.2_1,TRUE
2011,111,-16.037401,49.356945,MDG.5_1,Toamasina,MDG.5.2_1,Analanjirofo,MDG.5.2.2_1,Mananara,FALSE,10.788603990250513,FALSE,MDG.5.2_1,MDG.5.2.2_1,FALSE
2011,112,-17.376802,49.390738,MDG.5_1,Toamasina,MDG.5.2_1,Analanjirofo,MDG.5.2.1_1,Fenoarivo Atsinanana,FALSE,2.2405654171550444,FALSE,MDG.5.2_1,MDG.5.2.1_1,TRUE
2011,113,-17.393864,49.411294,MDG.5_1,Toamasina,MDG.5.2_1,Analanjirofo,MDG.5.2.1_1,Fenoarivo Atsinanana,FALSE,1.392501213374513,FALSE,MDG.5.2_1,MDG.5.2.1_1,TRUE
2011,114,-17.309573,49.23607,MDG.5_1,Toamasina,MDG.5.2_1,Analanjirofo,MDG.5.2.1_1,Fenoarivo Atsinanana,FALSE,3.364720418436107,TRUE,MDG.5.2_1,MDG.5.2.1_1,TRUE
2011,115,-17.543911,49.217539,MDG.5_1,Toamasina,MDG.5.2_1,Analanjirofo,MDG.5.2.6_1,Vavatenina,FALSE,6.089046011711881,TRUE,MDG.5.2_1,MDG.5.2.6_1,FALSE
2011,116,-17.591201,48.875538,MDG.5_1,Toamasina,MDG.5.2_1,Analanjirofo,MDG.5.2.6_1,Vavatenina,FALSE,8.608993235720005,FALSE,MDG.5.2_1,MDG.5.2.6_1,FALSE
2011,117,-17.623707,48.201544,MDG.5_1,Toamasina,MDG.5.1_1,Alaotra-Mangoro,MDG.5.1.2_1,Amparafaravola,FALSE,16.110773991928877,FALSE,MDG.5.1_1,MDG.5.1.2_1,FALSE
2011,118,-17.648492,48.160054,MDG.5_1,Toamasina,MDG.5.1_1,Alaotra-Mangoro,MDG.5.1.2_1,Amparafaravola,FALSE,11.458386604427178,FALSE,MDG.5.1_1,MDG.5.1.2_1,FALSE
2011,119,-17.316021,48.540795,MDG.5_1,Toamasina,MDG.5.1_1,Alaotra-Mangoro,MDG.5.1.2_1,Amparafaravola,FALSE,8.701016350476184,FALSE,MDG.5.1_1,MDG.5.1.2_1,FALSE
2011,120,-17.824674,48.415996,MDG.5_1,Toamasina,MDG.5.1_1,Alaotra-Mangoro,MDG.5.1.1_1,Ambatondrazaka,FALSE,10.915465311005686,FALSE,MDG.5.1_1,MDG.5.1.1_1,FALSE
2011,121,-17.834871,48.426147,MDG.5_1,Toamasina,MDG.5.1_1,Alaotra-Mangoro,MDG.5.1.1_1,Ambatondrazaka,FALSE,12.398750261972385,FALSE,MDG.5.1_1,MDG.5.1.1_1,FALSE
2011,122,-17.591242,48.504941,MDG.5_1,Toamasina,MDG.5.1_1,Alaotra-Mangoro,MDG.5.1.1_1,Ambatondrazaka,FALSE,1.6492991750970887,FALSE,MDG.5.1_1,MDG.5.1.1_1,TRUE
2011,123,-17.959919,48.47391,MDG.5_1,Toamasina,MDG.5.1_1,Alaotra-Mangoro,MDG.5.1.1_1,Ambatondrazaka,FALSE,20.394769409434236,FALSE,MDG.5.1_1,MDG.5.1.1_1,FALSE
2011,124,-18.946836,48.236175,MDG.5_1,Toamasina,MDG.5.1_1,Alaotra-Mangoro,MDG.5.1.5_1,Moramanga,FALSE,27.073102361007273,FALSE,MDG.5.1_1,MDG.5.1.5_1,FALSE
2011,125,-18.867788,48.003287,MDG.5_1,Toamasina,MDG.5.1_1,Alaotra-Mangoro,MDG.5.1.5_1,Moramanga,FALSE,5.928921358169728,FALSE,MDG.5.1_1,MDG.5.1.5_1,FALSE
2011,126,-19.252811,47.969586,MDG.5_1,Toamasina,MDG.5.1_1,Alaotra-Mangoro,MDG.5.1.5_1,Moramanga,FALSE,1.6147567714648716,FALSE,MDG.5.1_1,MDG.5.1.5_1,TRUE
2011,127,-19.392699,48.070271,MDG.5_1,Toamasina,MDG.5.1_1,Alaotra-Mangoro,MDG.5.1.4_1,Anosibe,FALSE,10.339903392476211,FALSE,MDG.5.1_1,MDG.5.1.4_1,FALSE
2011,128,-15.702896,46.320916,MDG.4_1,Mahajanga,MDG.4.2_1,Boeny,MDG.4.2.3_1,Mahajanga Urban,FALSE,0.735619341413057,FALSE,MDG.4.2_1,MDG.4.2.3_1,TRUE
2011,129,-15.71203,46.312129,MDG.4_1,Mahajanga,MDG.4.2_1,Boeny,MDG.4.2.3_1,Mahajanga Urban,FALSE,0.9403441502741051,FALSE,MDG.4.2_1,MDG.4.2.3_1,TRUE
2011,130,-15.71547,46.313029,MDG.4_1,Mahajanga,MDG.4.2_1,Boeny,MDG.4.2.3_1,Mahajanga Urban,FALSE,1.1572830777732193,FALSE,MDG.4.2_1,MDG.4.2.3_1,TRUE
2011,131,-15.726158,46.313601,MDG.4_1,Mahajanga,MDG.4.2_1,Boeny,MDG.4.2.3_1,Mahajanga Urban,FALSE,0.1112564918084268,FALSE,MDG.4.2_1,MDG.4.2.3_1,TRUE
2011,132,-15.714475,46.315753,MDG.4_1,Mahajanga,MDG.4.2_1,Boeny,MDG.4.2.3_1,Mahajanga Urban,FALSE,1.2721388671385203,FALSE,MDG.4.2_1,MDG.4.2.3_1,TRUE
2011,133,-15.702466,46.351621,MDG.4_1,Mahajanga,MDG.4.2_1,Boeny,MDG.4.2.3_1,Mahajanga Urban,FALSE,2.604542080259789,FALSE,MDG.4.2_1,MDG.4.2.3_1,TRUE
2011,134,-15.723019,46.339784,MDG.4_1,Mahajanga,MDG.4.2_1,Boeny,MDG.4.2.3_1,Mahajanga Urban,FALSE,0.019481128404062263,FALSE,MDG.4.2_1,MDG.4.2.3_1,TRUE
2011,135,-15.998489,45.500176,MDG.4_1,Mahajanga,MDG.4.2_1,Boeny,MDG.4.2.6_1,Soalala,FALSE,3.5111657602951007,FALSE,MDG.4.2_1,MDG.4.2.6_1,TRUE
2011,136,-16.442812,46.492925,MDG.4_1,Mahajanga,MDG.4.2_1,Boeny,MDG.4.2.1_1,Ambato-Boina,FALSE,6.870207655620144,TRUE,MDG.4.2_1,MDG.4.2.1_1,FALSE
2011,137,-16.103292,46.680488,MDG.4_1,Mahajanga,MDG.4.2_1,Boeny,MDG.4.2.4_1,Marovoay,FALSE,16.40851595152708,FALSE,MDG.4.2_1,MDG.4.2.4_1,FALSE
2011,138,-16.051858,46.603204,MDG.4_1,Mahajanga,MDG.4.2_1,Boeny,MDG.4.2.4_1,Marovoay,FALSE,15.73059951990658,TRUE,MDG.4.2_1,MDG.4.2.4_1,FALSE
2011,139,-16.278825,46.571333,MDG.4_1,Mahajanga,MDG.4.2_1,Boeny,MDG.4.2.4_1,Marovoay,FALSE,4.929460407359354,FALSE,MDG.4.2_1,MDG.4.2.4_1,TRUE
2011,140,-15.768371,47.040959,MDG.4_1,Mahajanga,MDG.4.2_1,Boeny,MDG.4.2.2_1,Mahajanga Rural,FALSE,7.271030143004881,TRUE,MDG.4.2_1,MDG.4.2.2_1,FALSE
2011,141,-15.561688,47.6262,MDG.4_1,Mahajanga,MDG.4.4_1,Sofia,MDG.4.4.7_1,Port Bergé,FALSE,11.21605096668383,FALSE,MDG.4.4_1,MDG.4.4.7_1,FALSE
2011,142,-15.871207,48.106714,MDG.4_1,Mahajanga,MDG.4.4_1,Sofia,MDG.4.4.7_1,Port Bergé,FALSE,10.083843204911163,FALSE,MDG.4.4_1,MDG.4.4.7_1,FALSE
2011,143,-15.861524,48.818809,MDG.4_1,Mahajanga,MDG.4.4_1,Sofia,MDG.4.4.6_1,Mandritsara,FALSE,26.49190790285074,FALSE,MDG.4.4_1,MDG.4.4.6_1,FALSE
2011,144,-15.716671,48.978332,MDG.4_1,Mahajanga,MDG.4.4_1,Sofia,MDG.4.4.6_1,Mandritsara,FALSE,8.17348400240155,FALSE,MDG.4.4_1,MDG.4.4.6_1,FALSE
2011,145,-16.404655,48.985022,MDG.4_1,Mahajanga,MDG.4.4_1,Sofia,MDG.4.4.6_1,Mandritsara,FALSE,12.099932838261955,FALSE,MDG.4.4_1,MDG.4.4.6_1,FALSE
2011,146,-15.075707,47.535044,MDG.4_1,Mahajanga,MDG.4.4_1,Sofia,MDG.4.4.1_1,Analalava,FALSE,3.3974221343800295,FALSE,MDG.4.4_1,MDG.4.4.1_1,TRUE
2011,147,-14.99315,48.51832,MDG.4_1,Mahajanga,MDG.4.4_1,Sofia,MDG.4.4.4_1,Befandriana-Nord,FALSE,2.11599780129245,FALSE,MDG.4.4_1,MDG.4.4.4_1,TRUE
2011,148,-14.872626,47.988009,MDG.4_1,Mahajanga,MDG.4.4_1,Sofia,MDG.4.4.2_1,Antsihihy,FALSE,6.2315488283640015,FALSE,MDG.4.4_1,MDG.4.4.2_1,FALSE
2011,149,-14.948089,48.176086,MDG.4_1,Mahajanga,MDG.4.4_1,Sofia,MDG.4.4.2_1,Antsihihy,FALSE,12.326928715057488,FALSE,MDG.4.4_1,MDG.4.4.2_1,FALSE
2011,150,-14.636737,48.820788,MDG.4_1,Mahajanga,MDG.4.4_1,Sofia,MDG.4.4.3_1,Bealanana,FALSE,21.715938358858505,FALSE,MDG.4.4_1,MDG.4.4.3_1,FALSE
2011,151,-16.0066,47.637962,MDG.4_1,Mahajanga,MDG.4.4_1,Sofia,MDG.4.4.5_1,Mampikony,FALSE,14.792535750062651,TRUE,MDG.4.4_1,MDG.4.4.5_1,FALSE
2011,152,-16.941107,46.832005,MDG.4_1,Mahajanga,MDG.4.1_1,Betsiboka,MDG.4.1.2_1,Maevatanana,FALSE,22.45804293415312,FALSE,MDG.4.1_1,MDG.4.1.2_1,FALSE
2011,153,-17.39996,47.208476,MDG.4_1,Mahajanga,MDG.4.1_1,Betsiboka,MDG.4.1.2_1,Maevatanana,FALSE,6.41958561819151,FALSE,MDG.4.1_1,MDG.4.1.2_1,FALSE
2011,154,-16.489567,47.52946,MDG.4_1,Mahajanga,MDG.4.1_1,Betsiboka,MDG.4.1.3_1,Tsaratanana,FALSE,6.007475255105746,FALSE,MDG.4.1_1,MDG.4.1.3_1,FALSE
2011,156,-18.065057,44.025438,MDG.4_1,Mahajanga,MDG.4.3_1,Melaky,MDG.4.3.4_1,Maintirano,FALSE,0.6699425250946194,FALSE,MDG.4.3_1,MDG.4.3.4_1,TRUE
2011,157,-18.136618,44.119939,MDG.4_1,Mahajanga,MDG.4.3_1,Melaky,MDG.4.3.4_1,Maintirano,FALSE,6.7906574212556094,FALSE,MDG.4.3_1,MDG.4.3.4_1,FALSE
2011,158,-23.354875,43.680849,MDG.6_1,Toliary,MDG.6.3_1,Atsimo-Andrefana,MDG.6.3.8_1,Toliary Urban,FALSE,1.3877659659936163,FALSE,MDG.6.3_1,MDG.6.3.8_1,TRUE
2011,159,-23.357685,43.685583,MDG.6_1,Toliary,MDG.6.3_1,Atsimo-Andrefana,MDG.6.3.8_1,Toliary Urban,FALSE,1.616684601078261,FALSE,MDG.6.3_1,MDG.6.3.8_1,TRUE
2011,160,-23.356377,43.681809,MDG.6_1,Toliary,MDG.6.3_1,Atsimo-Andrefana,MDG.6.3.8_1,Toliary Urban,FALSE,1.3640012591022308,FALSE,MDG.6.3_1,MDG.6.3.8_1,TRUE
2011,161,-23.339526,43.700218,MDG.6_1,Toliary,MDG.6.3_1,Atsimo-Andrefana,MDG.6.3.8_1,Toliary Urban,FALSE,3.2152539162448415,FALSE,MDG.6.3_1,MDG.6.3.8_1,TRUE
2011,162,-23.343787,43.671661,MDG.6_1,Toliary,MDG.6.3_1,Atsimo-Andrefana,MDG.6.3.8_1,Toliary Urban,FALSE,1.4277108080461745,FALSE,MDG.6.3_1,MDG.6.3.8_1,TRUE
2011,163,-21.653477,45.142269,MDG.6_1,Toliary,MDG.6.3_1,Atsimo-Andrefana,MDG.6.3.4_1,Beroroha,FALSE,21.925618441652865,FALSE,MDG.6.3_1,MDG.6.3.4_1,FALSE
2011,164,-22.289924,44.526028,MDG.6_1,Toliary,MDG.6.3_1,Atsimo-Andrefana,MDG.6.3.2_1,Ankazoabo-Sud,FALSE,20.759707880492474,TRUE,MDG.6.3_1,MDG.6.3.2_1,FALSE
2011,165,-23.953101,44.584916,MDG.6_1,Toliary,MDG.6.3_1,Atsimo-Andrefana,MDG.6.3.5_1,Betioky-Sud,FALSE,4.297868431065989,TRUE,MDG.6.3_1,MDG.6.3.5_1,TRUE
2011,166,-23.81381,44.064056,MDG.6_1,Toliary,MDG.6.3_1,Atsimo-Andrefana,MDG.6.3.5_1,Betioky-Sud,FALSE,22.222182027570234,TRUE,MDG.6.3_1,MDG.6.3.5_1,FALSE
2011,167,-23.906075,44.458732,MDG.6_1,Toliary,MDG.6.3_1,Atsimo-Andrefana,MDG.6.3.5_1,Betioky-Sud,FALSE,11.893730727061866,TRUE,MDG.6.3_1,MDG.6.3.5_1,FALSE
2011,168,-23.726547,44.502692,MDG.6_1,Toliary,MDG.6.3_1,Atsimo-Andrefana,MDG.6.3.5_1,Betioky-Sud,FALSE,28.93158513702343,FALSE,MDG.6.3_1,MDG.6.3.5_1,FALSE
2011,169,-23.564315,44.768552,MDG.6_1,Toliary,MDG.6.3_1,Atsimo-Andrefana,MDG.6.3.5_1,Betioky-Sud,FALSE,7.510941517076577,TRUE,MDG.6.3_1,MDG.6.3.5_1,FALSE
2011,170,-23.823581,44.922744,MDG.6_1,Toliary,MDG.6.3_1,Atsimo-Andrefana,MDG.6.3.5_1,Betioky-Sud,FALSE,7.67635607668882,FALSE,MDG.6.3_1,MDG.6.3.5_1,FALSE
2011,171,-24.691411,44.747759,MDG.6_1,Toliary,MDG.6.3_1,Atsimo-Andrefana,MDG.6.3.1_1,Ampanihy,FALSE,24.9256072777964,TRUE,MDG.6.3_1,MDG.6.3.1_1,FALSE
2011,172,-25.101249,44.612737,MDG.6_1,Toliary,MDG.6.3_1,Atsimo-Andrefana,MDG.6.3.1_1,Ampanihy,FALSE,0.9413382788538147,TRUE,MDG.6.3_1,MDG.6.3.1_1,TRUE
2011,173,-24.685432,44.944602,MDG.6_1,Toliary,MDG.6.3_1,Atsimo-Andrefana,MDG.6.3.1_1,Ampanihy,FALSE,10.463552408873182,TRUE,MDG.6.3_1,MDG.6.3.1_1,FALSE
2011,174,-24.347501,45.004257,MDG.6_1,Toliary,MDG.6.3_1,Atsimo-Andrefana,MDG.6.3.1_1,Ampanihy,FALSE,4.794188571333613,FALSE,MDG.6.3_1,MDG.6.3.1_1,TRUE
2011,175,-24.440957,44.728639,MDG.6_1,Toliary,MDG.6.3_1,Atsimo-Andrefana,MDG.6.3.1_1,Ampanihy,FALSE,33.03988577770262,FALSE,MDG.6.3_1,MDG.6.3.1_1,FALSE
2011,176,-24.124251,44.528561,MDG.6_1,Toliary,MDG.6.3_1,Atsimo-Andrefana,MDG.6.3.1_1,Ampanihy,FALSE,9.337478521363261,FALSE,MDG.6.3_1,MDG.6.3.1_1,FALSE
2011,177,-24.369787,44.496656,MDG.6_1,Toliary,MDG.6.3_1,Atsimo-Andrefana,MDG.6.3.1_1,Ampanihy,FALSE,34.822512174445336,TRUE,MDG.6.3_1,MDG.6.3.1_1,FALSE
2011,178,-24.360892,44.617637,MDG.6_1,Toliary,MDG.6.3_1,Atsimo-Andrefana,MDG.6.3.1_1,Ampanihy,FALSE,36.85003925267128,FALSE,MDG.6.3_1,MDG.6.3.1_1,FALSE
2011,179,-24.189745,44.424198,MDG.6_1,Toliary,MDG.6.3_1,Atsimo-Andrefana,MDG.6.3.1_1,Ampanihy,FALSE,15.077965284470126,FALSE,MDG.6.3_1,MDG.6.3.1_1,FALSE
2011,180,-24.321152,44.694051,MDG.6_1,Toliary,MDG.6.3_1,Atsimo-Andrefana,MDG.6.3.1_1,Ampanihy,FALSE,36.3443614236179,FALSE,MDG.6.3_1,MDG.6.3.1_1,FALSE
2011,181,-25.020744,44.259983,MDG.6_1,Toliary,MDG.6.3_1,Atsimo-Andrefana,MDG.6.3.1_1,Ampanihy,FALSE,9.02163622220587,FALSE,MDG.6.3_1,MDG.6.3.1_1,FALSE
2011,182,-24.151565,44.560886000000004,MDG.6_1,Toliary,MDG.6.3_1,Atsimo-Andrefana,MDG.6.3.1_1,Ampanihy,FALSE,13.700211624392901,FALSE,MDG.6.3_1,MDG.6.3.1_1,FALSE
2011,183,-23.956033,44.917997,MDG.6_1,Toliary,MDG.6.3_1,Atsimo-Andrefana,MDG.6.3.5_1,Betioky-Sud,FALSE,0.3648349384384161,TRUE,MDG.6.3_1,MDG.6.3.5_1,TRUE
2011,184,-24.055029,44.945577,MDG.6_1,Toliary,MDG.6.3_1,Atsimo-Andrefana,MDG.6.3.1_1,Ampanihy,FALSE,9.445829043038518,FALSE,MDG.6.3_1,MDG.6.3.1_1,FALSE
2011,185,-24.290861,43.752599,MDG.6_1,Toliary,MDG.6.3_1,Atsimo-Andrefana,MDG.6.3.1_1,Ampanihy,FALSE,7.175660348703994,FALSE,MDG.6.3_1,MDG.6.3.1_1,FALSE
2011,186,-24.718237,43.993635,MDG.6_1,Toliary,MDG.6.3_1,Atsimo-Andrefana,MDG.6.3.1_1,Ampanihy,FALSE,5.940915487925905,TRUE,MDG.6.3_1,MDG.6.3.1_1,FALSE
2011,187,-25.001008,44.084262,MDG.6_1,Toliary,MDG.6.3_1,Atsimo-Andrefana,MDG.6.3.1_1,Ampanihy,FALSE,3.0206426988212285,TRUE,MDG.6.3_1,MDG.6.3.1_1,TRUE
2011,188,-23.300262,43.691247,MDG.6_1,Toliary,MDG.6.3_1,Atsimo-Andrefana,MDG.6.3.9_1,Toliary,FALSE,0.4964819384211762,TRUE,MDG.6.3_1,MDG.6.3.9_1,TRUE
2011,189,-22.882589,43.578475,MDG.6_1,Toliary,MDG.6.3_1,Atsimo-Andrefana,MDG.6.3.9_1,Toliary,FALSE,8.464421946478994,FALSE,MDG.6.3_1,MDG.6.3.9_1,FALSE
2011,190,-23.51165,44.999794,MDG.6_1,Toliary,MDG.6.3_1,Atsimo-Andrefana,MDG.6.3.3_1,Benenitra,FALSE,11.909023924566007,TRUE,MDG.6.3_1,MDG.6.3.3_1,FALSE
2011,191,-25.099359,44.978845,MDG.6_1,Toliary,MDG.6.1_1,Androy,MDG.6.1.3_1,Beloha,FALSE,21.878973581310348,TRUE,MDG.6.1_1,MDG.6.1.3_1,FALSE
2011,192,-25.16097,44.944296,MDG.6_1,Toliary,MDG.6.1_1,Androy,MDG.6.1.3_1,Beloha,FALSE,24.1739661945766,TRUE,MDG.6.1_1,MDG.6.1.3_1,FALSE
2011,193,-25.069407000000002,45.192595,MDG.6_1,Toliary,MDG.6.1_1,Androy,MDG.6.1.3_1,Beloha,FALSE,11.578470668913472,TRUE,MDG.6.1_1,MDG.6.1.3_1,FALSE
2011,194,-25.062218,44.824477,MDG.6_1,Toliary,MDG.6.1_1,Androy,MDG.6.1.3_1,Beloha,FALSE,10.653758198481926,TRUE,MDG.6.1_1,MDG.6.1.3_1,FALSE
2011,195,-24.776946,45.133785,MDG.6_1,Toliary,MDG.6.1_1,Androy,MDG.6.1.3_1,Beloha,FALSE,9.556558870151859,TRUE,MDG.6.1_1,MDG.6.1.3_1,FALSE
2011,196,-24.92998,45.207943,MDG.6_1,Toliary,MDG.6.1_1,Androy,MDG.6.1.3_1,Beloha,FALSE,11.321436401633818,TRUE,MDG.6.1_1,MDG.6.1.3_1,FALSE
2011,197,-25.267321,45.392926,MDG.6_1,Toliary,MDG.6.1_1,Androy,MDG.6.1.4_1,Tsiombe,FALSE,2.5152888217286953,TRUE,MDG.6.1_1,MDG.6.1.4_1,TRUE
2011,198,-25.394829,45.326242,MDG.6_1,Toliary,MDG.6.1_1,Androy,MDG.6.1.4_1,Tsiombe,FALSE,6.321625905018467,TRUE,MDG.6.1_1,MDG.6.1.4_1,FALSE
2011,199,-25.557818,45.407708,MDG.6_1,Toliary,MDG.6.1_1,Androy,MDG.6.1.4_1,Tsiombe,FALSE,2.441215168145227,TRUE,MDG.6.1_1,MDG.6.1.4_1,TRUE
2011,200,-25.507498,45.626737,MDG.6_1,Toliary,MDG.6.1_1,Androy,MDG.6.1.4_1,Tsiombe,FALSE,2.078429067242746,TRUE,MDG.6.1_1,MDG.6.1.4_1,TRUE
2011,201,-25.328306,45.673724,MDG.6_1,Toliary,MDG.6.1_1,Androy,MDG.6.1.4_1,Tsiombe,FALSE,8.49686444143334,TRUE,MDG.6.1_1,MDG.6.1.4_1,FALSE
2011,202,-25.323826,45.702531,MDG.6_1,Toliary,MDG.6.1_1,Androy,MDG.6.1.4_1,Tsiombe,FALSE,6.850213613317914,TRUE,MDG.6.1_1,MDG.6.1.4_1,FALSE
2011,203,-25.173443,46.103053,MDG.6_1,Toliary,MDG.6.1_1,Androy,MDG.6.1.1_1,Ambovombe-Androy,FALSE,9.263176116264594,TRUE,MDG.6.1_1,MDG.6.1.1_1,FALSE
2011,204,-25.18893,46.064809,MDG.6_1,Toliary,MDG.6.1_1,Androy,MDG.6.1.1_1,Ambovombe-Androy,FALSE,8.984563065999602,TRUE,MDG.6.1_1,MDG.6.1.1_1,FALSE
2011,205,-25.211952,46.122989,MDG.6_1,Toliary,MDG.6.1_1,Androy,MDG.6.1.1_1,Ambovombe-Androy,FALSE,4.5555051421762025,TRUE,MDG.6.1_1,MDG.6.1.1_1,TRUE
2011,206,-25.257681,45.985519,MDG.6_1,Toliary,MDG.6.1_1,Androy,MDG.6.1.1_1,Ambovombe-Androy,FALSE,5.268483564453055,TRUE,MDG.6.1_1,MDG.6.1.1_1,FALSE
2011,207,-25.07335,46.163552,MDG.6_1,Toliary,MDG.6.1_1,Androy,MDG.6.1.1_1,Ambovombe-Androy,FALSE,4.440434415312644,TRUE,MDG.6.1_1,MDG.6.1.1_1,TRUE
2011,208,-25.243166,45.956412,MDG.6_1,Toliary,MDG.6.1_1,Androy,MDG.6.1.1_1,Ambovombe-Androy,FALSE,8.001013882222782,TRUE,MDG.6.1_1,MDG.6.1.1_1,FALSE
2011,209,-25.169482,45.975643,MDG.6_1,Toliary,MDG.6.1_1,Androy,MDG.6.1.1_1,Ambovombe-Androy,FALSE,14.542998581609147,TRUE,MDG.6.1_1,MDG.6.1.1_1,FALSE
2011,210,-25.197125,46.137382,MDG.6_1,Toliary,MDG.6.1_1,Androy,MDG.6.1.1_1,Ambovombe-Androy,FALSE,5.486552848574755,TRUE,MDG.6.1_1,MDG.6.1.1_1,FALSE
2011,211,-25.190595,46.216383,MDG.6_1,Toliary,MDG.6.1_1,Androy,MDG.6.1.1_1,Ambovombe-Androy,FALSE,2.8889459022977078,TRUE,MDG.6.1_1,MDG.6.1.1_1,TRUE
2011,212,-25.250972,45.866953,MDG.6_1,Toliary,MDG.6.1_1,Androy,MDG.6.1.1_1,Ambovombe-Androy,FALSE,4.7308219443293105,TRUE,MDG.6.1_1,MDG.6.1.1_1,TRUE
2011,213,-25.362089,45.841655,MDG.6_1,Toliary,MDG.6.1_1,Androy,MDG.6.1.1_1,Ambovombe-Androy,FALSE,2.1359683749308327,TRUE,MDG.6.1_1,MDG.6.1.1_1,TRUE
2011,214,-25.153752,45.828858,MDG.6_1,Toliary,MDG.6.1_1,Androy,MDG.6.1.1_1,Ambovombe-Androy,FALSE,12.32042287521465,TRUE,MDG.6.1_1,MDG.6.1.1_1,FALSE
2011,215,-25.174242,45.636248,MDG.6_1,Toliary,MDG.6.1_1,Androy,MDG.6.1.4_1,Tsiombe,FALSE,2.9551322421375477,FALSE,MDG.6.1_1,MDG.6.1.4_1,TRUE
2011,216,-24.824555,45.651957,MDG.6_1,Toliary,MDG.6.1_1,Androy,MDG.6.1.1_1,Ambovombe-Androy,FALSE,24.142140072324544,TRUE,MDG.6.1_1,MDG.6.1.1_1,FALSE
2011,217,-24.625139,45.555135,MDG.6_1,Toliary,MDG.6.1_1,Androy,MDG.6.1.1_1,Ambovombe-Androy,FALSE,5.885989570430382,TRUE,MDG.6.1_1,MDG.6.1.1_1,FALSE
2011,218,-24.705849,45.535699,MDG.6_1,Toliary,MDG.6.1_1,Androy,MDG.6.1.1_1,Ambovombe-Androy,FALSE,9.51848706353255,TRUE,MDG.6.1_1,MDG.6.1.1_1,FALSE
2011,219,-24.904502,45.549196,MDG.6_1,Toliary,MDG.6.1_1,Androy,MDG.6.1.1_1,Ambovombe-Androy,FALSE,18.324396389673264,TRUE,MDG.6.1_1,MDG.6.1.1_1,FALSE
2011,220,-25.096142,45.567249,MDG.6_1,Toliary,MDG.6.1_1,Androy,MDG.6.1.4_1,Tsiombe,FALSE,1.01891507411448,FALSE,MDG.6.1_1,MDG.6.1.4_1,TRUE
2011,221,-24.455572,45.965669,MDG.6_1,Toliary,MDG.6.1_1,Androy,MDG.6.1.1_1,Ambovombe-Androy,FALSE,2.538133094443881,TRUE,MDG.6.1_1,MDG.6.1.1_1,TRUE
2011,222,-24.301699,45.459283,MDG.6_1,Toliary,MDG.6.1_1,Androy,MDG.6.1.2_1,Bekily,FALSE,24.4845413208733,FALSE,MDG.6.1_1,MDG.6.1.2_1,FALSE
2011,223,-25.028465,46.989476,MDG.6_1,Toliary,MDG.6.2_1,Anosy,MDG.6.2.3_1,Taolagnaro,FALSE,0.42832788584883597,FALSE,MDG.6.2_1,MDG.6.2.3_1,TRUE
2011,224,-25.03248,46.981931,MDG.6_1,Toliary,MDG.6.2_1,Anosy,MDG.6.2.3_1,Taolagnaro,FALSE,0.26727760327763916,FALSE,MDG.6.2_1,MDG.6.2.3_1,TRUE
2011,225,-25.182991,46.661315,MDG.6_1,Toliary,MDG.6.2_1,Anosy,MDG.6.2.3_1,Taolagnaro,FALSE,0.5984084268194667,TRUE,MDG.6.2_1,MDG.6.2.3_1,TRUE
2011,226,-25.168547,46.552792,MDG.6_1,Toliary,MDG.6.2_1,Anosy,MDG.6.2.3_1,Taolagnaro,FALSE,0.8093857102172471,FALSE,MDG.6.2_1,MDG.6.2.3_1,TRUE
2011,227,-24.584541,46.936965,MDG.6_1,Toliary,MDG.6.2_1,Anosy,MDG.6.2.3_1,Taolagnaro,FALSE,13.470862768433213,FALSE,MDG.6.2_1,MDG.6.2.3_1,FALSE
2011,228,-23.279202,46.095242,MDG.6_1,Toliary,MDG.6.2_1,Anosy,MDG.6.2.2_1,Betroka,FALSE,30.268720375149435,FALSE,MDG.6.2_1,MDG.6.2.2_1,FALSE
2011,229,-22.812113,45.737504,MDG.6_1,Toliary,MDG.6.2_1,Anosy,MDG.6.2.2_1,Betroka,FALSE,8.718916943544569,FALSE,MDG.6.2_1,MDG.6.2.2_1,FALSE
2011,230,-25.004016,46.38759,MDG.6_1,Toliary,MDG.6.2_1,Anosy,MDG.6.2.1_1,Amboasary-Sud,FALSE,13.013844261615137,FALSE,MDG.6.2_1,MDG.6.2.1_1,FALSE
2011,231,-25.030748,46.377009,MDG.6_1,Toliary,MDG.6.2_1,Anosy,MDG.6.2.1_1,Amboasary-Sud,FALSE,11.963494783736015,FALSE,MDG.6.2_1,MDG.6.2.1_1,FALSE
2011,232,-24.982191,46.365524,MDG.6_1,Toliary,MDG.6.2_1,Anosy,MDG.6.2.1_1,Amboasary-Sud,FALSE,14.038127264880226,TRUE,MDG.6.2_1,MDG.6.2.1_1,FALSE
2011,233,-25.058228,46.481009,MDG.6_1,Toliary,MDG.6.2_1,Anosy,MDG.6.2.1_1,Amboasary-Sud,FALSE,5.2116858695685755,FALSE,MDG.6.2_1,MDG.6.2.1_1,FALSE
2011,234,-25.179903,46.31169,MDG.6_1,Toliary,MDG.6.2_1,Anosy,MDG.6.2.1_1,Amboasary-Sud,FALSE,1.2805468421725024,TRUE,MDG.6.2_1,MDG.6.2.1_1,TRUE
2011,235,-24.920605,46.214682,MDG.6_1,Toliary,MDG.6.2_1,Anosy,MDG.6.2.1_1,Amboasary-Sud,FALSE,9.22622702420547,TRUE,MDG.6.2_1,MDG.6.2.1_1,FALSE
2011,236,-24.284011,46.578918,MDG.6_1,Toliary,MDG.6.2_1,Anosy,MDG.6.2.1_1,Amboasary-Sud,FALSE,25.076364156723443,TRUE,MDG.6.2_1,MDG.6.2.1_1,FALSE
2011,237,-24.168678,46.851046,MDG.6_1,Toliary,MDG.6.2_1,Anosy,MDG.6.2.1_1,Amboasary-Sud,FALSE,3.187693987928652,FALSE,MDG.6.2_1,MDG.6.2.1_1,TRUE
2011,238,-24.211906,46.378593,MDG.6_1,Toliary,MDG.6.2_1,Anosy,MDG.6.2.1_1,Amboasary-Sud,FALSE,34.21125434868649,TRUE,MDG.6.2_1,MDG.6.2.1_1,FALSE
2011,239,-24.048567,46.080959,MDG.6_1,Toliary,MDG.6.2_1,Anosy,MDG.6.2.1_1,Amboasary-Sud,FALSE,8.38335685317866,FALSE,MDG.6.2_1,MDG.6.2.1_1,FALSE
2011,240,-24.303825,45.97542,MDG.6_1,Toliary,MDG.6.2_1,Anosy,MDG.6.2.1_1,Amboasary-Sud,FALSE,4.030187402463996,TRUE,MDG.6.2_1,MDG.6.2.1_1,TRUE
2011,241,-24.467831,46.158647,MDG.6_1,Toliary,MDG.6.2_1,Anosy,MDG.6.2.1_1,Amboasary-Sud,FALSE,15.046662977149142,TRUE,MDG.6.2_1,MDG.6.2.1_1,FALSE
2011,242,-21.631449,43.781477,MDG.6_1,Toliary,MDG.6.4_1,Menabe,MDG.6.4.3_1,Manja,FALSE,2.3674084699676934,TRUE,MDG.6.4_1,MDG.6.4.3_1,TRUE
2011,243,-20.297609,44.277237,MDG.6_1,Toliary,MDG.6.4_1,Menabe,MDG.6.4.5_1,Morondava,FALSE,0.904561252245264,FALSE,MDG.6.4_1,MDG.6.4.5_1,TRUE
2011,244,-20.306225,44.281187,MDG.6_1,Toliary,MDG.6.4_1,Menabe,MDG.6.4.5_1,Morondava,FALSE,0.5597825541697242,FALSE,MDG.6.4_1,MDG.6.4.5_1,TRUE
2011,245,-20.304271,44.840002,MDG.6_1,Toliary,MDG.6.4_1,Menabe,MDG.6.4.2_1,Mahabo,FALSE,19.994591263586447,FALSE,MDG.6.4_1,MDG.6.4.2_1,FALSE
2011,246,-19.395756,44.630312000000004,MDG.6_1,Toliary,MDG.6.4_1,Menabe,MDG.6.4.1_1,Belon-i Tsiribihina,FALSE,18.036483411441036,FALSE,MDG.6.4_1,MDG.6.4.1_1,FALSE
2011,247,-19.349677,45.455303,MDG.6_1,Toliary,MDG.6.4_1,Menabe,MDG.6.4.4_1,Miandrivazo,FALSE,23.20443803200296,FALSE,MDG.6.4_1,MDG.6.4.4_1,FALSE
2011,248,-12.606411,49.260711,MDG.2_1,Antsiranana,MDG.2.1_1,Diana,MDG.2.1.3_1,Antsiranana Rural,FALSE,30.56467902577327,FALSE,MDG.2.1_1,MDG.2.1.3_1,FALSE
2011,249,-12.287421,49.292925,MDG.2_1,Antsiranana,MDG.2.1_1,Diana,MDG.2.1.3_1,Antsiranana Rural,FALSE,1.0954369575538763,FALSE,MDG.2.1_1,MDG.2.1.3_1,TRUE
2011,250,-12.287285,49.298473,MDG.2_1,Antsiranana,MDG.2.1_1,Diana,MDG.2.1.3_1,Antsiranana Rural,FALSE,1.0858820823210706,FALSE,MDG.2.1_1,MDG.2.1.3_1,TRUE
2011,251,-12.286494,49.312755,MDG.2_1,Antsiranana,MDG.2.1_1,Diana,MDG.2.1.3_1,Antsiranana Rural,FALSE,0.16866599284143005,FALSE,MDG.2.1_1,MDG.2.1.3_1,TRUE
2011,252,-12.316362,49.29402,MDG.2_1,Antsiranana,MDG.2.1_1,Diana,MDG.2.1.3_1,Antsiranana Rural,FALSE,1.2428012006296085,FALSE,MDG.2.1_1,MDG.2.1.3_1,TRUE
2011,253,-13.211192,49.044668,MDG.2_1,Antsiranana,MDG.2.1_1,Diana,MDG.2.1.2_1,Ambilobe,FALSE,20.581410646195888,FALSE,MDG.2.1_1,MDG.2.1.2_1,FALSE
2011,254,-13.692506,48.797599,MDG.2_1,Antsiranana,MDG.2.1_1,Diana,MDG.2.1.2_1,Ambilobe,FALSE,5.190979053043917,FALSE,MDG.2.1_1,MDG.2.1.2_1,FALSE
2011,255,-13.408888,48.262938,MDG.2_1,Antsiranana,MDG.2.1_1,Diana,MDG.2.1.5_1,Nosibe,FALSE,0.22236564047796717,FALSE,MDG.2.1_1,MDG.2.1.5_1,TRUE
2011,256,-13.33698,48.198761,MDG.2_1,Antsiranana,MDG.2.1_1,Diana,MDG.2.1.5_1,Nosibe,FALSE,1.2118468439814492,FALSE,MDG.2.1_1,MDG.2.1.5_1,TRUE
2011,257,-13.689529,48.454315,MDG.2_1,Antsiranana,MDG.2.1_1,Diana,MDG.2.1.1_1,Ambanja,FALSE,11.886430827544178,FALSE,MDG.2.1_1,MDG.2.1.1_1,FALSE
2011,258,-13.605809,48.415976,MDG.2_1,Antsiranana,MDG.2.1_1,Diana,MDG.2.1.1_1,Ambanja,FALSE,3.5319325046327323,TRUE,MDG.2.1_1,MDG.2.1.1_1,TRUE
2011,259,-14.902631,50.272617,MDG.2_1,Antsiranana,MDG.2.2_1,Sava,MDG.2.2.2_1,Antalaha,FALSE,0.9641395207435023,FALSE,MDG.2.2_1,MDG.2.2.2_1,TRUE
2011,260,-14.680007,50.211971,MDG.2_1,Antsiranana,MDG.2.2_1,Sava,MDG.2.2.2_1,Antalaha,FALSE,0.762820924489314,FALSE,MDG.2.2_1,MDG.2.2.2_1,TRUE
2011,261,-14.608716,49.961256,MDG.2_1,Antsiranana,MDG.2.2_1,Sava,MDG.2.2.2_1,Antalaha,FALSE,3.6877257689739102,FALSE,MDG.2.2_1,MDG.2.2.2_1,TRUE
2011,262,-14.268091,50.143075,MDG.2_1,Antsiranana,MDG.2.2_1,Sava,MDG.2.2.3_1,Sambava,FALSE,1.9577108829666494,FALSE,MDG.2.2_1,MDG.2.2.3_1,TRUE
2011,263,-14.464196,50.055314,MDG.2_1,Antsiranana,MDG.2.2_1,Sava,MDG.2.2.3_1,Sambava,FALSE,6.605626444586356,FALSE,MDG.2.2_1,MDG.2.2.3_1,FALSE
2011,264,-14.65117,49.632103,MDG.2_1,Antsiranana,MDG.2.2_1,Sava,MDG.2.2.1_1,Andapa,FALSE,16.30496672473064,FALSE,MDG.2.2_1,MDG.2.2.1_1,FALSE
2011,265,-14.663314,49.659668,MDG.2_1,Antsiranana,MDG.2.2_1,Sava,MDG.2.2.1_1,Andapa,FALSE,15.132835965229482,FALSE,MDG.2.2_1,MDG.2.2.1_1,FALSE
2011,266,-14.37826,49.512245,MDG.2_1,Antsiranana,MDG.2.2_1,Sava,MDG.2.2.1_1,Andapa,FALSE,14.664793325323314,FALSE,MDG.2.2_1,MDG.2.2.1_1,FALSE
2011,267,-13.354909,50.012471,MDG.2_1,Antsiranana,MDG.2.2_1,Sava,MDG.2.2.4_1,Vohimarina (Iharana),FALSE,0.31430351544559165,FALSE,MDG.2.2_1,MDG.2.2.4_1,TRUE
2011,268,-13.903098,49.727993,MDG.2_1,Antsiranana,MDG.2.2_1,Sava,MDG.2.2.4_1,Vohimarina (Iharana),FALSE,5.054465422438669,FALSE,MDG.2.2_1,MDG.2.2.4_1,FALSE
2013,1,-18.845026,47.534988,MDG.1_1,Antananarivo,MDG.1.1_1,Analamanga,MDG.1.1.5_1,Antananarivo-Nord,FALSE,0.8058089561155062,FALSE,MDG.1.1_1,MDG.1.1.5_1,TRUE
2013,2,-18.94601,47.605573,MDG.1_1,Antananarivo,MDG.1.1_1,Analamanga,MDG.1.1.5_1,Antananarivo-Nord,FALSE,3.40179619409591,FALSE,MDG.1.1_1,MDG.1.1.5_1,TRUE
2013,3,-18.863378,47.56636,MDG.1_1,Antananarivo,MDG.1.1_1,Analamanga,MDG.1.1.5_1,Antananarivo-Nord,FALSE,1.8856165395567384,FALSE,MDG.1.1_1,MDG.1.1.5_1,TRUE
2013,4,-18.94827,47.671312,MDG.1_1,Antananarivo,MDG.1.1_1,Analamanga,MDG.1.1.5_1,Antananarivo-Nord,FALSE,0.9516252704668681,FALSE,MDG.1.1_1,MDG.1.1.5_1,TRUE
2013,5,-19.065608,47.680092,MDG.1_1,Antananarivo,MDG.1.1_1,Analamanga,MDG.1.1.5_1,Antananarivo-Nord,FALSE,4.110628383944297,FALSE,MDG.1.1_1,MDG.1.1.5_1,TRUE
2013,6,-18.846055,47.434847,MDG.1_1,Antananarivo,MDG.1.1_1,Analamanga,MDG.1.1.1_1,Ambohidratrimo,FALSE,3.615281984659853,FALSE,MDG.1.1_1,MDG.1.1.1_1,TRUE
2013,7,-18.839895,47.478169,MDG.1_1,Antananarivo,MDG.1.1_1,Analamanga,MDG.1.1.1_1,Ambohidratrimo,FALSE,0.10971277665727361,FALSE,MDG.1.1_1,MDG.1.1.1_1,TRUE
2013,8,-18.824754,47.454456,MDG.1_1,Antananarivo,MDG.1.1_1,Analamanga,MDG.1.1.1_1,Ambohidratrimo,FALSE,3.0847626224474567,FALSE,MDG.1.1_1,MDG.1.1.1_1,TRUE
2013,9,-18.748662,47.37015,MDG.1_1,Antananarivo,MDG.1.1_1,Analamanga,MDG.1.1.1_1,Ambohidratrimo,FALSE,7.082801331433303,FALSE,MDG.1.1_1,MDG.1.1.1_1,FALSE
2013,10,-18.884091,47.409206,MDG.1_1,Antananarivo,MDG.1.1_1,Analamanga,MDG.1.1.1_1,Ambohidratrimo,FALSE,1.368838779500648,TRUE,MDG.1.1_1,MDG.1.1.1_1,TRUE
2013,11,-18.132391,46.991108,MDG.1_1,Antananarivo,MDG.1.1_1,Analamanga,MDG.1.1.4_1,Ankazobe,FALSE,28.639199508472263,FALSE,MDG.1.1_1,MDG.1.1.4_1,FALSE
2013,12,-17.846465,47.085887,MDG.1_1,Antananarivo,MDG.1.1_1,Analamanga,MDG.1.1.4_1,Ankazobe,FALSE,3.506017222158477,FALSE,MDG.1.1_1,MDG.1.1.4_1,TRUE
2013,13,-18.986283,47.772161,MDG.1_1,Antananarivo,MDG.1.1_1,Analamanga,MDG.1.1.8_1,Manjakandriana,FALSE,5.447265253265099,FALSE,MDG.1.1_1,MDG.1.1.8_1,FALSE
2013,14,-19.127849,47.794755,MDG.1_1,Antananarivo,MDG.1.1_1,Analamanga,MDG.1.1.8_1,Manjakandriana,FALSE,1.271971771501891,FALSE,MDG.1.1_1,MDG.1.1.8_1,TRUE
2013,15,-18.747498,47.718757,MDG.1_1,Antananarivo,MDG.1.1_1,Analamanga,MDG.1.1.8_1,Manjakandriana,FALSE,4.653779076249311,FALSE,MDG.1.1_1,MDG.1.1.8_1,TRUE
2013,16,-18.288925,47.821559,MDG.1_1,Antananarivo,MDG.1.1_1,Analamanga,MDG.1.1.3_1,Anjozorobe,FALSE,19.18334301770739,FALSE,MDG.1.1_1,MDG.1.1.3_1,FALSE
2013,17,-18.12047,47.528584,MDG.1_1,Antananarivo,MDG.1.1_1,Analamanga,MDG.1.1.3_1,Anjozorobe,FALSE,1.777354243482404,TRUE,MDG.1.1_1,MDG.1.1.3_1,TRUE
2013,18,-19.156151,47.551067,MDG.1_1,Antananarivo,MDG.1.1_1,Analamanga,MDG.1.1.2_1,Andramasina,FALSE,1.3147468367947017,FALSE,MDG.1.1_1,MDG.1.1.2_1,TRUE
2013,19,-19.175537,47.824287,MDG.1_1,Antananarivo,MDG.1.1_1,Analamanga,MDG.1.1.2_1,Andramasina,FALSE,1.0561337277977285,FALSE,MDG.1.1_1,MDG.1.1.2_1,TRUE
2013,20,-18.964547,47.453758,MDG.1_1,Antananarivo,MDG.1.1_1,Analamanga,MDG.1.1.6_1,Antananarivo-Sud,FALSE,3.5371050306154563,FALSE,MDG.1.1_1,MDG.1.1.6_1,TRUE
2013,21,-18.906744,47.477226,MDG.1_1,Antananarivo,MDG.1.1_1,Analamanga,MDG.1.1.6_1,Antananarivo-Sud,FALSE,2.0824912546687555,FALSE,MDG.1.1_1,MDG.1.1.6_1,TRUE
2013,22,-18.943502,47.444432,MDG.1_1,Antananarivo,MDG.1.1_1,Analamanga,MDG.1.1.6_1,Antananarivo-Sud,FALSE,2.9741677593619293,FALSE,MDG.1.1_1,MDG.1.1.6_1,TRUE
2013,23,-18.954516,47.534995,MDG.1_1,Antananarivo,MDG.1.1_1,Analamanga,MDG.1.1.6_1,Antananarivo-Sud,FALSE,0.11552540716635123,FALSE,MDG.1.1_1,MDG.1.1.6_1,TRUE
2013,24,-18.990883,47.539004,MDG.1_1,Antananarivo,MDG.1.1_1,Analamanga,MDG.1.1.6_1,Antananarivo-Sud,FALSE,3.1458954490620052,FALSE,MDG.1.1_1,MDG.1.1.6_1,TRUE
2013,25,-18.979235,47.484619,MDG.1_1,Antananarivo,MDG.1.1_1,Analamanga,MDG.1.1.6_1,Antananarivo-Sud,FALSE,4.472397974153146,FALSE,MDG.1.1_1,MDG.1.1.6_1,TRUE
2013,26,-18.980392,47.50284,MDG.1_1,Antananarivo,MDG.1.1_1,Analamanga,MDG.1.1.6_1,Antananarivo-Sud,FALSE,3.969903719686378,FALSE,MDG.1.1_1,MDG.1.1.6_1,TRUE
2013,27,-19.078592,47.543702,MDG.1_1,Antananarivo,MDG.1.1_1,Analamanga,MDG.1.1.6_1,Antananarivo-Sud,FALSE,4.7839379286448676,FALSE,MDG.1.1_1,MDG.1.1.6_1,TRUE
2013,28,-19.751916,46.6108,MDG.1_1,Antananarivo,MDG.1.4_1,Vakinankaratra,MDG.1.4.5_1,Betafo,FALSE,25.467003674615793,TRUE,MDG.1.4_1,MDG.1.4.5_1,FALSE
2013,30,-19.413649,46.801779,MDG.1_1,Antananarivo,MDG.1.4_1,Vakinankaratra,MDG.1.4.6_1,Faratsiho,FALSE,12.024501846068532,FALSE,MDG.1.4_1,MDG.1.4.6_1,FALSE
2013,31,-20.047987,47.047816,MDG.1_1,Antananarivo,MDG.1.4_1,Vakinankaratra,MDG.1.4.3_1,Antsirabe Rural,FALSE,9.97547391753835,TRUE,MDG.1.4_1,MDG.1.4.3_1,FALSE
2013,32,-19.560246,46.596471,MDG.1_1,Antananarivo,MDG.1.4_1,Vakinankaratra,MDG.1.4.5_1,Betafo,FALSE,9.988103663144344,TRUE,MDG.1.4_1,MDG.1.4.5_1,FALSE
2013,33,-19.013256,47.169635,MDG.1_1,Antananarivo,MDG.1.3_1,Itasy,MDG.1.3.1_1,Arivonimamo,FALSE,5.885600656008045,FALSE,MDG.1.3_1,MDG.1.3.1_1,FALSE
2013,34,-18.99762,47.222564,MDG.1_1,Antananarivo,MDG.1.3_1,Itasy,MDG.1.3.1_1,Arivonimamo,FALSE,11.619768197406056,FALSE,MDG.1.3_1,MDG.1.3.1_1,FALSE
2013,35,-18.963657,47.330412,MDG.1_1,Antananarivo,MDG.1.3_1,Itasy,MDG.1.3.1_1,Arivonimamo,FALSE,6.328040058443558,FALSE,MDG.1.3_1,MDG.1.3.1_1,FALSE
2013,36,-18.840582,47.200755,MDG.1_1,Antananarivo,MDG.1.3_1,Itasy,MDG.1.3.1_1,Arivonimamo,FALSE,5.980896604948116,FALSE,MDG.1.3_1,MDG.1.3.1_1,FALSE
2013,37,-18.944669,46.921651,MDG.1_1,Antananarivo,MDG.1.3_1,Itasy,MDG.1.3.2_1,Miarinarivo,FALSE,17.593485084469034,FALSE,MDG.1.3_1,MDG.1.3.2_1,FALSE
2013,38,-18.955318,46.903598,MDG.1_1,Antananarivo,MDG.1.3_1,Itasy,MDG.1.3.2_1,Miarinarivo,FALSE,16.392049260667466,FALSE,MDG.1.3_1,MDG.1.3.2_1,FALSE
2013,39,-18.926711,46.965729,MDG.1_1,Antananarivo,MDG.1.3_1,Itasy,MDG.1.3.2_1,Miarinarivo,FALSE,12.670505144795719,FALSE,MDG.1.3_1,MDG.1.3.2_1,FALSE
2013,40,-18.859156,46.629094,MDG.1_1,Antananarivo,MDG.1.3_1,Itasy,MDG.1.3.2_1,Miarinarivo,FALSE,7.164069841936115,TRUE,MDG.1.3_1,MDG.1.3.2_1,FALSE
2013,41,-18.836991,46.737286,MDG.1_1,Antananarivo,MDG.1.3_1,Itasy,MDG.1.3.2_1,Miarinarivo,FALSE,14.19454881807626,FALSE,MDG.1.3_1,MDG.1.3.2_1,FALSE
2013,42,-19.126665,46.67892,MDG.1_1,Antananarivo,MDG.1.3_1,Itasy,MDG.1.3.3_1,Soavinandriana,FALSE,10.90115277960001,FALSE,MDG.1.3_1,MDG.1.3.3_1,FALSE
2013,43,-18.777906,46.050778,MDG.1_1,Antananarivo,MDG.1.2_1,Bongolava,MDG.1.2.2_1,Tsiroanomandidy,FALSE,31.178096963797287,FALSE,MDG.1.2_1,MDG.1.2.2_1,FALSE
2013,44,-18.737724,46.037531,MDG.1_1,Antananarivo,MDG.1.2_1,Bongolava,MDG.1.2.2_1,Tsiroanomandidy,FALSE,26.88956915637266,TRUE,MDG.1.2_1,MDG.1.2.2_1,FALSE
2013,45,-18.739895,46.406195,MDG.1_1,Antananarivo,MDG.1.2_1,Bongolava,MDG.1.2.2_1,Tsiroanomandidy,FALSE,10.31579562179894,TRUE,MDG.1.2_1,MDG.1.2.2_1,FALSE
2013,46,-18.501776,45.880964,MDG.1_1,Antananarivo,MDG.1.2_1,Bongolava,MDG.1.2.2_1,Tsiroanomandidy,FALSE,5.157125705550766,TRUE,MDG.1.2_1,MDG.1.2.2_1,FALSE
2013,47,-18.605051,46.689902,MDG.1_1,Antananarivo,MDG.1.2_1,Bongolava,MDG.1.2.1_1,Fenoarivo-Centre,FALSE,6.286624127133496,TRUE,MDG.1.2_1,MDG.1.2.1_1,FALSE
2013,48,-21.819182,46.937397,MDG.3_1,Fianarantsoa,MDG.3.3_1,Haute matsiatra,MDG.3.3.1_1,Ambalavao,FALSE,8.975391793004448,FALSE,MDG.3.3_1,MDG.3.3.1_1,FALSE
2013,49,-21.844897,46.925648,MDG.3_1,Fianarantsoa,MDG.3.3_1,Haute matsiatra,MDG.3.3.1_1,Ambalavao,FALSE,11.579045147073751,FALSE,MDG.3.3_1,MDG.3.3.1_1,FALSE
2013,50,-21.823495,46.927969,MDG.3_1,Fianarantsoa,MDG.3.3_1,Haute matsiatra,MDG.3.3.1_1,Ambalavao,FALSE,10.011097829011062,FALSE,MDG.3.3_1,MDG.3.3.1_1,FALSE
2013,51,-21.848592,46.982735,MDG.3_1,Fianarantsoa,MDG.3.3_1,Haute matsiatra,MDG.3.3.1_1,Ambalavao,FALSE,7.898050058951446,FALSE,MDG.3.3_1,MDG.3.3.1_1,FALSE
2013,52,-21.932943,46.989851,MDG.3_1,Fianarantsoa,MDG.3.3_1,Haute matsiatra,MDG.3.3.1_1,Ambalavao,FALSE,15.868371479365647,TRUE,MDG.3.3_1,MDG.3.3.1_1,FALSE
2013,53,-21.918183,46.76626,MDG.3_1,Fianarantsoa,MDG.3.3_1,Haute matsiatra,MDG.3.3.1_1,Ambalavao,FALSE,23.723445064565578,TRUE,MDG.3.3_1,MDG.3.3.1_1,FALSE
2013,54,-21.101965,47.22549,MDG.3_1,Fianarantsoa,MDG.3.3_1,Haute matsiatra,MDG.3.3.2_1,Ambohimahasoa,FALSE,12.883108853299508,FALSE,MDG.3.3_1,MDG.3.3.2_1,FALSE
2013,55,-21.112509,47.307341,MDG.3_1,Fianarantsoa,MDG.3.3_1,Haute matsiatra,MDG.3.3.2_1,Ambohimahasoa,FALSE,7.17374966160716,FALSE,MDG.3.3_1,MDG.3.3.2_1,FALSE
2013,56,-20.972638,47.276606,MDG.3_1,Fianarantsoa,MDG.3.3_1,Haute matsiatra,MDG.3.3.2_1,Ambohimahasoa,FALSE,5.938172061357501,FALSE,MDG.3.3_1,MDG.3.3.2_1,FALSE
2013,57,-21.25818,47.114603,MDG.3_1,Fianarantsoa,MDG.3.3_1,Haute matsiatra,MDG.3.3.2_1,Ambohimahasoa,FALSE,0.565178505845371,FALSE,MDG.3.3_1,MDG.3.3.2_1,TRUE
2013,58,-21.498039,46.741858,MDG.3_1,Fianarantsoa,MDG.3.3_1,Haute matsiatra,MDG.3.3.5_1,Ikalamavony,FALSE,1.2599070234754206,TRUE,MDG.3.3_1,MDG.3.3.5_1,TRUE
2013,59,-21.482402,47.177673,MDG.3_1,Fianarantsoa,MDG.3.3_1,Haute matsiatra,MDG.3.3.3_1,Fianarantsoa Rural,FALSE,4.223655231260086,TRUE,MDG.3.3_1,MDG.3.3.3_1,TRUE
2013,60,-21.268517,47.300887,MDG.3_1,Fianarantsoa,MDG.3.3_1,Haute matsiatra,MDG.3.3.3_1,Fianarantsoa Rural,FALSE,1.1262605554970313,FALSE,MDG.3.3_1,MDG.3.3.3_1,TRUE
2013,61,-21.722013,47.261058,MDG.3_1,Fianarantsoa,MDG.3.3_1,Haute matsiatra,MDG.3.3.3_1,Fianarantsoa Rural,FALSE,11.059243363827651,FALSE,MDG.3.3_1,MDG.3.3.3_1,FALSE
2013,62,-21.616396,46.805242,MDG.3_1,Fianarantsoa,MDG.3.3_1,Haute matsiatra,MDG.3.3.3_1,Fianarantsoa Rural,FALSE,6.583202532538495,FALSE,MDG.3.3_1,MDG.3.3.3_1,FALSE
2013,63,-21.716594,47.338581,MDG.3_1,Fianarantsoa,MDG.3.3_1,Haute matsiatra,MDG.3.3.3_1,Fianarantsoa Rural,FALSE,4.388602369442318,FALSE,MDG.3.3_1,MDG.3.3.3_1,TRUE
2013,64,-21.243343,47.021297,MDG.3_1,Fianarantsoa,MDG.3.3_1,Haute matsiatra,MDG.3.3.3_1,Fianarantsoa Rural,FALSE,0.48410625561501536,TRUE,MDG.3.3_1,MDG.3.3.3_1,TRUE
2013,65,-21.12551,46.947777,MDG.3_1,Fianarantsoa,MDG.3.3_1,Haute matsiatra,MDG.3.3.3_1,Fianarantsoa Rural,FALSE,0.8523876420456317,TRUE,MDG.3.3_1,MDG.3.3.3_1,TRUE
2013,66,-20.353474,46.943582,MDG.3_1,Fianarantsoa,MDG.3.1_1,Amoron'i mania,MDG.3.1.1_1,Ambatofinandrahana,FALSE,5.137098523077084,TRUE,MDG.3.1_1,MDG.3.1.1_1,FALSE
2013,68,-20.522764,47.238977,MDG.3_1,Fianarantsoa,MDG.3.1_1,Amoron'i mania,MDG.3.1.2_1,Ambositra,FALSE,6.049658355753918,FALSE,MDG.3.1_1,MDG.3.1.2_1,FALSE
2013,69,-20.527651,47.237563,MDG.3_1,Fianarantsoa,MDG.3.1_1,Amoron'i mania,MDG.3.1.2_1,Ambositra,FALSE,6.45136867705902,FALSE,MDG.3.1_1,MDG.3.1.2_1,FALSE
2013,70,-20.54012,47.25602,MDG.3_1,Fianarantsoa,MDG.3.1_1,Amoron'i mania,MDG.3.1.2_1,Ambositra,FALSE,5.966989627821958,FALSE,MDG.3.1_1,MDG.3.1.2_1,FALSE
2013,71,-20.523693,47.244797,MDG.3_1,Fianarantsoa,MDG.3.1_1,Amoron'i mania,MDG.3.1.2_1,Ambositra,FALSE,5.579287198517899,FALSE,MDG.3.1_1,MDG.3.1.2_1,FALSE
2013,72,-20.554852,47.244751,MDG.3_1,Fianarantsoa,MDG.3.1_1,Amoron'i mania,MDG.3.1.2_1,Ambositra,FALSE,7.977610603429943,FALSE,MDG.3.1_1,MDG.3.1.2_1,FALSE
2013,73,-20.560118,47.217804,MDG.3_1,Fianarantsoa,MDG.3.1_1,Amoron'i mania,MDG.3.1.2_1,Ambositra,FALSE,8.429384773294167,FALSE,MDG.3.1_1,MDG.3.1.2_1,FALSE
2013,74,-20.451086,47.262859,MDG.3_1,Fianarantsoa,MDG.3.1_1,Amoron'i mania,MDG.3.1.2_1,Ambositra,FALSE,0.09441551017084525,TRUE,MDG.3.1_1,MDG.3.1.2_1,TRUE
2013,75,-20.209909,47.054761,MDG.3_1,Fianarantsoa,MDG.3.1_1,Amoron'i mania,MDG.3.1.2_1,Ambositra,FALSE,2.9371792687552634,TRUE,MDG.3.1_1,MDG.3.1.2_1,TRUE
2013,76,-20.284811,47.424541,MDG.3_1,Fianarantsoa,MDG.3.1_1,Amoron'i mania,MDG.3.1.3_1,Fandriana,FALSE,18.747216871795796,FALSE,MDG.3.1_1,MDG.3.1.3_1,FALSE
2013,77,-20.345668,47.268678,MDG.3_1,Fianarantsoa,MDG.3.1_1,Amoron'i mania,MDG.3.1.3_1,Fandriana,FALSE,3.4501002044585407,FALSE,MDG.3.1_1,MDG.3.1.3_1,TRUE
2013,78,-20.467971,47.357167,MDG.3_1,Fianarantsoa,MDG.3.1_1,Amoron'i mania,MDG.3.1.3_1,Fandriana,FALSE,2.4874873976307654,FALSE,MDG.3.1_1,MDG.3.1.3_1,TRUE
2013,79,-20.799203,46.968052,MDG.3_1,Fianarantsoa,MDG.3.1_1,Amoron'i mania,MDG.3.1.4_1,Manandriana,FALSE,4.608361965830677,FALSE,MDG.3.1_1,MDG.3.1.4_1,TRUE
2013,80,-21.542269,47.705496,MDG.3_1,Fianarantsoa,MDG.3.5_1,Vatovavy Fitovinany,MDG.3.5.1_1,Ifanadiana,FALSE,8.483400815656719,TRUE,MDG.3.5_1,MDG.3.5.1_1,FALSE
2013,81,-20.428923,48.361929,MDG.3_1,Fianarantsoa,MDG.3.5_1,Vatovavy Fitovinany,MDG.3.5.5_1,Nosy varika,FALSE,4.437250768745728,TRUE,MDG.3.5_1,MDG.3.5.5_1,TRUE
2013,82,-20.558567,48.21504,MDG.3_1,Fianarantsoa,MDG.3.5_1,Vatovavy Fitovinany,MDG.3.5.5_1,Nosy varika,FALSE,19.416913028442732,TRUE,MDG.3.5_1,MDG.3.5.5_1,FALSE
2013,83,-21.239234,48.313839,MDG.3_1,Fianarantsoa,MDG.3.5_1,Vatovavy Fitovinany,MDG.3.5.4_1,Mananjary,FALSE,3.543513433721008,FALSE,MDG.3.5_1,MDG.3.5.4_1,TRUE
2013,84,-21.394703,48.019961,MDG.3_1,Fianarantsoa,MDG.3.5_1,Vatovavy Fitovinany,MDG.3.5.4_1,Mananjary,FALSE,20.695020802884514,TRUE,MDG.3.5_1,MDG.3.5.4_1,FALSE
2013,85,-20.864168,47.901362,MDG.3_1,Fianarantsoa,MDG.3.5_1,Vatovavy Fitovinany,MDG.3.5.4_1,Mananjary,FALSE,2.2552975989470063,TRUE,MDG.3.5_1,MDG.3.5.4_1,TRUE
2013,86,-22.189423,47.983852,MDG.3_1,Fianarantsoa,MDG.3.5_1,Vatovavy Fitovinany,MDG.3.5.3_1,Manakara-Sud,FALSE,1.8115670535951438,FALSE,MDG.3.5_1,MDG.3.5.3_1,TRUE
2013,87,-21.81063,47.826011,MDG.3_1,Fianarantsoa,MDG.3.5_1,Vatovavy Fitovinany,MDG.3.5.3_1,Manakara-Sud,FALSE,13.479194123746447,TRUE,MDG.3.5_1,MDG.3.5.3_1,FALSE
2013,88,-21.745662,48.046219,MDG.3_1,Fianarantsoa,MDG.3.5_1,Vatovavy Fitovinany,MDG.3.5.3_1,Manakara-Sud,FALSE,3.9155670247388725,TRUE,MDG.3.5_1,MDG.3.5.3_1,TRUE
2013,89,-21.878395,47.450932,MDG.3_1,Fianarantsoa,MDG.3.5_1,Vatovavy Fitovinany,MDG.3.5.2_1,Ikongo,FALSE,13.039973655736548,FALSE,MDG.3.5_1,MDG.3.5.2_1,FALSE
2013,90,-22.156962,47.375384,MDG.3_1,Fianarantsoa,MDG.3.5_1,Vatovavy Fitovinany,MDG.3.5.2_1,Ikongo,FALSE,11.175190107447873,FALSE,MDG.3.5_1,MDG.3.5.2_1,FALSE
2013,91,-22.445429,47.736628,MDG.3_1,Fianarantsoa,MDG.3.5_1,Vatovavy Fitovinany,MDG.3.5.6_1,Vohipeno,FALSE,0.8446394281671697,TRUE,MDG.3.5_1,MDG.3.5.6_1,TRUE
2013,92,-22.393873,46.129511,MDG.3_1,Fianarantsoa,MDG.3.4_1,Ihorombe,MDG.3.4.2_1,Ihosy,FALSE,35.102788752712456,FALSE,MDG.3.4_1,MDG.3.4.2_1,FALSE
2013,93,-22.515479,45.166925,MDG.3_1,Fianarantsoa,MDG.3.4_1,Ihorombe,MDG.3.4.2_1,Ihosy,FALSE,5.908810262223351,FALSE,MDG.3.4_1,MDG.3.4.2_1,FALSE
2013,94,-22.876411,47.726041,MDG.3_1,Fianarantsoa,MDG.3.2_1,Atsimo-Atsinana,MDG.3.2.2_1,Farafangana,FALSE,10.307013182712241,FALSE,MDG.3.2_1,MDG.3.2.2_1,FALSE
2013,95,-22.851781,47.545896,MDG.3_1,Fianarantsoa,MDG.3.2_1,Atsimo-Atsinana,MDG.3.2.2_1,Farafangana,FALSE,5.779439820169156,TRUE,MDG.3.2_1,MDG.3.2.2_1,FALSE
2013,96,-23.336684,47.59908,MDG.3_1,Fianarantsoa,MDG.3.2_1,Atsimo-Atsinana,MDG.3.2.4_1,Vangaindrano,FALSE,9.326590065058276,FALSE,MDG.3.2_1,MDG.3.2.4_1,FALSE
2013,97,-23.413401,47.599876,MDG.3_1,Fianarantsoa,MDG.3.2_1,Atsimo-Atsinana,MDG.3.2.4_1,Vangaindrano,FALSE,6.933322719606284,TRUE,MDG.3.2_1,MDG.3.2.4_1,FALSE
2013,98,-23.55284,47.564996,MDG.3_1,Fianarantsoa,MDG.3.2_1,Atsimo-Atsinana,MDG.3.2.4_1,Vangaindrano,FALSE,2.3536012214021658,TRUE,MDG.3.2_1,MDG.3.2.4_1,TRUE
2013,99,-23.911065,47.146685,MDG.3_1,Fianarantsoa,MDG.3.2_1,Atsimo-Atsinana,MDG.3.2.4_1,Vangaindrano,FALSE,0.8117267946877165,FALSE,MDG.3.2_1,MDG.3.2.4_1,TRUE
2013,100,-22.840058,47.349323,MDG.3_1,Fianarantsoa,MDG.3.2_1,Atsimo-Atsinana,MDG.3.2.5_1,Vondrozo,FALSE,10.964951705943875,FALSE,MDG.3.2_1,MDG.3.2.5_1,FALSE
2013,101,-22.536229,47.510478,MDG.3_1,Fianarantsoa,MDG.3.2_1,Atsimo-Atsinana,MDG.3.2.5_1,Vondrozo,FALSE,3.303427378271957,TRUE,MDG.3.2_1,MDG.3.2.5_1,TRUE
2013,102,-18.167541,49.394547,MDG.5_1,Toamasina,MDG.5.3_1,Atsinanana,MDG.5.3.5_1,Toamasina Rural,FALSE,0.9284101335197713,FALSE,MDG.5.3_1,MDG.5.3.5_1,TRUE
2013,103,-18.160857,49.376987,MDG.5_1,Toamasina,MDG.5.3_1,Atsinanana,MDG.5.3.5_1,Toamasina Rural,FALSE,2.8059053917474226,FALSE,MDG.5.3_1,MDG.5.3.5_1,TRUE
2013,104,-18.15213,49.389829,MDG.5_1,Toamasina,MDG.5.3_1,Atsinanana,MDG.5.3.5_1,Toamasina Rural,FALSE,2.5361996534929983,FALSE,MDG.5.3_1,MDG.5.3.5_1,TRUE
2013,105,-18.178782000000002,49.394556,MDG.5_1,Toamasina,MDG.5.3_1,Atsinanana,MDG.5.3.5_1,Toamasina Rural,FALSE,0.08462126430448043,FALSE,MDG.5.3_1,MDG.5.3.5_1,TRUE
2013,106,-18.155119,49.393042,MDG.5_1,Toamasina,MDG.5.3_1,Atsinanana,MDG.5.3.5_1,Toamasina Rural,FALSE,2.0612676908954017,FALSE,MDG.5.3_1,MDG.5.3.5_1,TRUE
2013,107,-18.129125,49.39699,MDG.5_1,Toamasina,MDG.5.3_1,Atsinanana,MDG.5.3.5_1,Toamasina Rural,FALSE,1.287396026261458,FALSE,MDG.5.3_1,MDG.5.3.5_1,TRUE
2013,108,-18.137492,49.38825,MDG.5_1,Toamasina,MDG.5.3_1,Atsinanana,MDG.5.3.5_1,Toamasina Rural,FALSE,2.4997720774340033,FALSE,MDG.5.3_1,MDG.5.3.5_1,TRUE
2013,109,-18.143727,49.404567,MDG.5_1,Toamasina,MDG.5.3_1,Atsinanana,MDG.5.3.5_1,Toamasina Rural,FALSE,1.3506856834745244,FALSE,MDG.5.3_1,MDG.5.3.5_1,TRUE
2013,110,-18.899808,49.009592,MDG.5_1,Toamasina,MDG.5.3_1,Atsinanana,MDG.5.3.1_1,Ampasimanolotra,FALSE,12.02004603333757,TRUE,MDG.5.3_1,MDG.5.3.1_1,FALSE
2013,111,-18.604323,48.659976,MDG.5_1,Toamasina,MDG.5.3_1,Atsinanana,MDG.5.3.1_1,Ampasimanolotra,FALSE,14.88334735634559,FALSE,MDG.5.3_1,MDG.5.3.1_1,FALSE
2013,112,-19.68655,48.818495,MDG.5_1,Toamasina,MDG.5.3_1,Atsinanana,MDG.5.3.3_1,Mahanoro,FALSE,1.568922296431069,TRUE,MDG.5.3_1,MDG.5.3.3_1,TRUE
2013,113,-20.25725,48.635428,MDG.5_1,Toamasina,MDG.5.3_1,Atsinanana,MDG.5.3.3_1,Mahanoro,FALSE,1.8895999819351366,TRUE,MDG.5.3_1,MDG.5.3.3_1,TRUE
2013,114,-19.829436,48.301136,MDG.5_1,Toamasina,MDG.5.3_1,Atsinanana,MDG.5.3.4_1,Marolambo,FALSE,0.35583207298346853,TRUE,MDG.5.3_1,MDG.5.3.4_1,TRUE
2013,115,-17.903461,49.416422,MDG.5_1,Toamasina,MDG.5.3_1,Atsinanana,MDG.5.3.5_1,Toamasina Rural,FALSE,3.6807124232315727,TRUE,MDG.5.3_1,MDG.5.3.5_1,TRUE
2013,116,-17.756529,49.169104,MDG.5_1,Toamasina,MDG.5.3_1,Atsinanana,MDG.5.3.5_1,Toamasina Rural,FALSE,0.585990160441084,TRUE,MDG.5.3_1,MDG.5.3.5_1,TRUE
2013,117,-16.902175,49.878365,MDG.5_1,Toamasina,MDG.5.2_1,Analanjirofo,MDG.5.2.4_1,Nosy-Boraha (St. Marie),FALSE,0.54281091109735,FALSE,MDG.5.2_1,MDG.5.2.4_1,TRUE
2013,118,-15.43327,49.734964,MDG.5_1,Toamasina,MDG.5.2_1,Analanjirofo,MDG.5.2.3_1,Maroansetra,FALSE,1.2183821541292867,FALSE,MDG.5.2_1,MDG.5.2.3_1,TRUE
2013,119,-15.290077,49.746395,MDG.5_1,Toamasina,MDG.5.2_1,Analanjirofo,MDG.5.2.3_1,Maroansetra,FALSE,13.743317678486617,FALSE,MDG.5.2_1,MDG.5.2.3_1,FALSE
2013,120,-15.689183,49.634039,MDG.5_1,Toamasina,MDG.5.2_1,Analanjirofo,MDG.5.2.3_1,Maroansetra,FALSE,0.1642047752407315,TRUE,MDG.5.2_1,MDG.5.2.3_1,TRUE
2013,121,-16.321535,49.58374,MDG.5_1,Toamasina,MDG.5.2_1,Analanjirofo,MDG.5.2.2_1,Mananara,FALSE,24.633410942455807,TRUE,MDG.5.2_1,MDG.5.2.2_1,FALSE
2013,122,-17.380344,49.399038,MDG.5_1,Toamasina,MDG.5.2_1,Analanjirofo,MDG.5.2.1_1,Fenoarivo Atsinanana,FALSE,1.623042135249868,FALSE,MDG.5.2_1,MDG.5.2.1_1,TRUE
2013,123,-17.579936,49.385821,MDG.5_1,Toamasina,MDG.5.2_1,Analanjirofo,MDG.5.2.1_1,Fenoarivo Atsinanana,FALSE,0.4228760687099106,TRUE,MDG.5.2_1,MDG.5.2.1_1,TRUE
2013,124,-17.123119,49.395356,MDG.5_1,Toamasina,MDG.5.2_1,Analanjirofo,MDG.5.2.1_1,Fenoarivo Atsinanana,FALSE,10.28416624645949,TRUE,MDG.5.2_1,MDG.5.2.1_1,FALSE
2013,125,-17.406731,49.306152,MDG.5_1,Toamasina,MDG.5.2_1,Analanjirofo,MDG.5.2.6_1,Vavatenina,FALSE,2.1627124501363806,TRUE,MDG.5.2_1,MDG.5.2.6_1,TRUE
2013,126,-16.840566,49.630464,MDG.5_1,Toamasina,MDG.5.2_1,Analanjirofo,MDG.5.2.5_1,Soanierana-Ivongo,FALSE,4.721667359683898,TRUE,MDG.5.2_1,MDG.5.2.5_1,TRUE
2013,127,-17.509174,48.313234,MDG.5_1,Toamasina,MDG.5.1_1,Alaotra-Mangoro,MDG.5.1.2_1,Amparafaravola,FALSE,17.613334355842987,FALSE,MDG.5.1_1,MDG.5.1.2_1,FALSE
2013,128,-17.75163048,48.21826009,MDG.5_1,Toamasina,MDG.5.1_1,Alaotra-Mangoro,MDG.5.1.2_1,Amparafaravola,FALSE,5.178992161142555,TRUE,MDG.5.1_1,MDG.5.1.2_1,FALSE
2013,129,-17.247047,48.545312,MDG.5_1,Toamasina,MDG.5.1_1,Alaotra-Mangoro,MDG.5.1.2_1,Amparafaravola,FALSE,1.705176145851756,FALSE,MDG.5.1_1,MDG.5.1.2_1,TRUE
2013,130,-17.818442,48.415593,MDG.5_1,Toamasina,MDG.5.1_1,Alaotra-Mangoro,MDG.5.1.1_1,Ambatondrazaka,FALSE,10.271092860296282,FALSE,MDG.5.1_1,MDG.5.1.1_1,FALSE
2013,131,-17.832952,48.418192,MDG.5_1,Toamasina,MDG.5.1_1,Alaotra-Mangoro,MDG.5.1.1_1,Ambatondrazaka,FALSE,11.833853910409948,FALSE,MDG.5.1_1,MDG.5.1.1_1,FALSE
2013,132,-17.555365,48.514744,MDG.5_1,Toamasina,MDG.5.1_1,Alaotra-Mangoro,MDG.5.1.1_1,Ambatondrazaka,FALSE,3.8456910932060357,FALSE,MDG.5.1_1,MDG.5.1.1_1,TRUE
2013,133,-18.088214,48.38042,MDG.5_1,Toamasina,MDG.5.1_1,Alaotra-Mangoro,MDG.5.1.1_1,Ambatondrazaka,FALSE,7.148282449304495,TRUE,MDG.5.1_1,MDG.5.1.1_1,FALSE
2013,134,-18.95186,48.206223,MDG.5_1,Toamasina,MDG.5.1_1,Alaotra-Mangoro,MDG.5.1.5_1,Moramanga,FALSE,26.94878589874051,FALSE,MDG.5.1_1,MDG.5.1.5_1,FALSE
2013,135,-18.955614,48.229394,MDG.5_1,Toamasina,MDG.5.1_1,Alaotra-Mangoro,MDG.5.1.5_1,Moramanga,FALSE,26.186510769863915,FALSE,MDG.5.1_1,MDG.5.1.5_1,FALSE
2013,136,-18.756821,48.346906,MDG.5_1,Toamasina,MDG.5.1_1,Alaotra-Mangoro,MDG.5.1.5_1,Moramanga,FALSE,17.44382686140651,FALSE,MDG.5.1_1,MDG.5.1.5_1,FALSE
2013,137,-19.222847,47.971834,MDG.5_1,Toamasina,MDG.5.1_1,Alaotra-Mangoro,MDG.5.1.5_1,Moramanga,FALSE,1.5937304552664395,TRUE,MDG.5.1_1,MDG.5.1.5_1,TRUE
2013,138,-17.041022,48.543119,MDG.5_1,Toamasina,MDG.5.1_1,Alaotra-Mangoro,MDG.5.1.3_1,Andilamena,FALSE,17.21048880024627,TRUE,MDG.5.1_1,MDG.5.1.3_1,FALSE
2013,139,-19.355151,48.230374,MDG.5_1,Toamasina,MDG.5.1_1,Alaotra-Mangoro,MDG.5.1.4_1,Anosibe,FALSE,13.789680930199417,TRUE,MDG.5.1_1,MDG.5.1.4_1,FALSE
2013,140,-15.696581,46.3245,MDG.4_1,Mahajanga,MDG.4.2_1,Boeny,MDG.4.2.3_1,Mahajanga Urban,FALSE,0.8543892898649615,FALSE,MDG.4.2_1,MDG.4.2.3_1,TRUE
2013,141,-15.72604724,46.3127017988,MDG.4_1,Mahajanga,MDG.4.2_1,Boeny,MDG.4.2.3_1,Mahajanga Urban,FALSE,0.09134825745752083,FALSE,MDG.4.2_1,MDG.4.2.3_1,TRUE
2013,142,-15.72297,46.314835,MDG.4_1,Mahajanga,MDG.4.2_1,Boeny,MDG.4.2.3_1,Mahajanga Urban,FALSE,0.34474710526462654,FALSE,MDG.4.2_1,MDG.4.2.3_1,TRUE
2013,143,-15.7119726704,46.3103089456,MDG.4_1,Mahajanga,MDG.4.2_1,Boeny,MDG.4.2.3_1,Mahajanga Urban,FALSE,0.7882812982998463,FALSE,MDG.4.2_1,MDG.4.2.3_1,TRUE
2013,144,-15.707928,46.341553,MDG.4_1,Mahajanga,MDG.4.2_1,Boeny,MDG.4.2.3_1,Mahajanga Urban,FALSE,1.6138558563253582,FALSE,MDG.4.2_1,MDG.4.2.3_1,TRUE
2013,145,-15.712159,46.340242,MDG.4_1,Mahajanga,MDG.4.2_1,Boeny,MDG.4.2.3_1,Mahajanga Urban,FALSE,1.1259072891131945,FALSE,MDG.4.2_1,MDG.4.2.3_1,TRUE
2013,146,-15.719457,46.344688,MDG.4_1,Mahajanga,MDG.4.2_1,Boeny,MDG.4.2.3_1,Mahajanga Urban,FALSE,0.6596984521522655,FALSE,MDG.4.2_1,MDG.4.2.3_1,TRUE
2013,147,-16.458185,46.752928,MDG.4_1,Mahajanga,MDG.4.2_1,Boeny,MDG.4.2.1_1,Ambato-Boina,FALSE,12.201133972317601,TRUE,MDG.4.2_1,MDG.4.2.1_1,FALSE
2013,149,-16.100092,46.681529,MDG.4_1,Mahajanga,MDG.4.2_1,Boeny,MDG.4.2.4_1,Marovoay,FALSE,16.044886629432536,FALSE,MDG.4.2_1,MDG.4.2.4_1,FALSE
2013,150,-15.96947,46.947102,MDG.4_1,Mahajanga,MDG.4.2_1,Boeny,MDG.4.2.4_1,Marovoay,FALSE,7.340790151526565,TRUE,MDG.4.2_1,MDG.4.2.4_1,FALSE
2013,151,-15.992475,46.09981,MDG.4_1,Mahajanga,MDG.4.2_1,Boeny,MDG.4.2.5_1,Mitsinjo,FALSE,9.760406563835387,FALSE,MDG.4.2_1,MDG.4.2.5_1,FALSE
2013,152,-15.578036,47.621276,MDG.4_1,Mahajanga,MDG.4.4_1,Sofia,MDG.4.4.7_1,Port Bergé,FALSE,13.067505442902524,FALSE,MDG.4.4_1,MDG.4.4.7_1,FALSE
2013,153,-15.51215,47.459959,MDG.4_1,Mahajanga,MDG.4.4_1,Sofia,MDG.4.4.7_1,Port Bergé,FALSE,6.627414378917034,FALSE,MDG.4.4_1,MDG.4.4.7_1,FALSE
2013,154,-15.470576,47.61551,MDG.4_1,Mahajanga,MDG.4.4_1,Sofia,MDG.4.4.7_1,Port Bergé,FALSE,1.8028910278790582,FALSE,MDG.4.4_1,MDG.4.4.7_1,TRUE
2013,155,-15.853103,48.827532,MDG.4_1,Mahajanga,MDG.4.4_1,Sofia,MDG.4.4.6_1,Mandritsara,FALSE,25.257753366029814,FALSE,MDG.4.4_1,MDG.4.4.6_1,FALSE
2013,156,-15.585127,48.948127,MDG.4_1,Mahajanga,MDG.4.4_1,Sofia,MDG.4.4.6_1,Mandritsara,FALSE,8.069383591883025,TRUE,MDG.4.4_1,MDG.4.4.6_1,FALSE
2013,157,-14.27476,47.853081,MDG.4_1,Mahajanga,MDG.4.4_1,Sofia,MDG.4.4.1_1,Analalava,FALSE,1.748826502293073,FALSE,MDG.4.4_1,MDG.4.4.1_1,TRUE
2013,158,-15.291783,47.093449,MDG.4_1,Mahajanga,MDG.4.4_1,Sofia,MDG.4.4.1_1,Analalava,FALSE,0.3178135804189749,TRUE,MDG.4.4_1,MDG.4.4.1_1,TRUE
2013,159,-14.920047,48.767444,MDG.4_1,Mahajanga,MDG.4.4_1,Sofia,MDG.4.4.4_1,Befandriana-Nord,FALSE,4.75888353389646,TRUE,MDG.4.4_1,MDG.4.4.4_1,TRUE
2013,160,-14.87512,48.000002,MDG.4_1,Mahajanga,MDG.4.4_1,Sofia,MDG.4.4.2_1,Antsihihy,FALSE,7.485108981952118,FALSE,MDG.4.4_1,MDG.4.4.2_1,FALSE
2013,161,-15.035175,48.265393,MDG.4_1,Mahajanga,MDG.4.4_1,Sofia,MDG.4.4.2_1,Antsihihy,FALSE,3.5454565162889726,FALSE,MDG.4.4_1,MDG.4.4.2_1,TRUE
2013,162,-14.643156,48.540701,MDG.4_1,Mahajanga,MDG.4.4_1,Sofia,MDG.4.4.3_1,Bealanana,FALSE,12.849594000784732,TRUE,MDG.4.4_1,MDG.4.4.3_1,FALSE
2013,163,-15.891211,47.601281,MDG.4_1,Mahajanga,MDG.4.4_1,Sofia,MDG.4.4.5_1,Mampikony,FALSE,2.6861952736298753,TRUE,MDG.4.4_1,MDG.4.4.5_1,TRUE
2013,164,-16.94473,46.830159,MDG.4_1,Mahajanga,MDG.4.1_1,Betsiboka,MDG.4.1.2_1,Maevatanana,FALSE,22.373880935811314,FALSE,MDG.4.1_1,MDG.4.1.2_1,FALSE
2013,165,-17.113409,46.583447,MDG.4_1,Mahajanga,MDG.4.1_1,Betsiboka,MDG.4.1.2_1,Maevatanana,FALSE,12.286949404812662,TRUE,MDG.4.1_1,MDG.4.1.2_1,FALSE
2013,166,-16.775499,47.630352,MDG.4_1,Mahajanga,MDG.4.1_1,Betsiboka,MDG.4.1.3_1,Tsaratanana,FALSE,28.13066231297145,TRUE,MDG.4.1_1,MDG.4.1.3_1,FALSE
2013,167,-16.146696,45.35432,MDG.4_1,Mahajanga,MDG.4.2_1,Boeny,MDG.4.2.6_1,Soalala,FALSE,2.4482006077447305,FALSE,MDG.4.2_1,MDG.4.2.6_1,TRUE
2013,168,-18.928474,44.296862,MDG.4_1,Mahajanga,MDG.4.3_1,Melaky,MDG.4.3.2_1,Antsalova,FALSE,4.959997064964898,TRUE,MDG.4.3_1,MDG.4.3.2_1,TRUE
2013,169,-18.07078787,44.02181449,MDG.4_1,Mahajanga,MDG.4.3_1,Melaky,MDG.4.3.4_1,Maintirano,FALSE,0.20692488277555093,FALSE,MDG.4.3_1,MDG.4.3.4_1,TRUE
2013,170,-17.994109,44.544418,MDG.4_1,Mahajanga,MDG.4.3_1,Melaky,MDG.4.3.5_1,Morafanobe,FALSE,0.02012508347971675,TRUE,MDG.4.3_1,MDG.4.3.5_1,TRUE
2013,171,-23.369373,43.685209,MDG.6_1,Toliary,MDG.6.3_1,Atsimo-Andrefana,MDG.6.3.8_1,Toliary Urban,FALSE,0.969433512163688,FALSE,MDG.6.3_1,MDG.6.3.8_1,TRUE
2013,172,-23.354023,43.65761,MDG.6_1,Toliary,MDG.6.3_1,Atsimo-Andrefana,MDG.6.3.8_1,Toliary Urban,FALSE,0.461856832845582,FALSE,MDG.6.3_1,MDG.6.3.8_1,TRUE
2013,173,-23.356108,43.679726,MDG.6_1,Toliary,MDG.6.3_1,Atsimo-Andrefana,MDG.6.3.8_1,Toliary Urban,FALSE,1.2115478336854952,FALSE,MDG.6.3_1,MDG.6.3.8_1,TRUE
2013,174,-23.35719293,43.6871283475,MDG.6_1,Toliary,MDG.6.3_1,Atsimo-Andrefana,MDG.6.3.8_1,Toliary Urban,FALSE,1.7791460488459439,FALSE,MDG.6.3_1,MDG.6.3.8_1,TRUE
2013,175,-23.338483,43.657457,MDG.6_1,Toliary,MDG.6.3_1,Atsimo-Andrefana,MDG.6.3.8_1,Toliary Urban,FALSE,1.6624350731786661,FALSE,MDG.6.3_1,MDG.6.3.8_1,TRUE
2013,176,-22.115629,43.857417,MDG.6_1,Toliary,MDG.6.3_1,Atsimo-Andrefana,MDG.6.3.6_1,Morombe,FALSE,25.853906005806714,TRUE,MDG.6.3_1,MDG.6.3.6_1,FALSE
2013,177,-23.973391,44.639901,MDG.6_1,Toliary,MDG.6.3_1,Atsimo-Andrefana,MDG.6.3.5_1,Betioky-Sud,FALSE,0.9177835886613536,TRUE,MDG.6.3_1,MDG.6.3.5_1,TRUE
2013,178,-23.811152,44.117036,MDG.6_1,Toliary,MDG.6.3_1,Atsimo-Andrefana,MDG.6.3.5_1,Betioky-Sud,FALSE,23.869441245979445,TRUE,MDG.6.3_1,MDG.6.3.5_1,FALSE
2013,179,-23.929885,44.410385,MDG.6_1,Toliary,MDG.6.3_1,Atsimo-Andrefana,MDG.6.3.5_1,Betioky-Sud,FALSE,11.25951740145801,TRUE,MDG.6.3_1,MDG.6.3.5_1,FALSE
2013,180,-23.653366,44.623728,MDG.6_1,Toliary,MDG.6.3_1,Atsimo-Andrefana,MDG.6.3.5_1,Betioky-Sud,FALSE,25.271233475582935,FALSE,MDG.6.3_1,MDG.6.3.5_1,FALSE
2013,181,-23.479073,44.496265,MDG.6_1,Toliary,MDG.6.3_1,Atsimo-Andrefana,MDG.6.3.5_1,Betioky-Sud,FALSE,25.325349516414605,TRUE,MDG.6.3_1,MDG.6.3.5_1,FALSE
2013,182,-23.839103,45.068156,MDG.6_1,Toliary,MDG.6.3_1,Atsimo-Andrefana,MDG.6.3.5_1,Betioky-Sud,FALSE,0.7678119237285154,TRUE,MDG.6.3_1,MDG.6.3.5_1,TRUE
2013,183,-24.704235,44.741801,MDG.6_1,Toliary,MDG.6.3_1,Atsimo-Andrefana,MDG.6.3.1_1,Ampanihy,FALSE,24.98464832818578,TRUE,MDG.6.3_1,MDG.6.3.1_1,FALSE
2013,184,-24.809489,44.487025,MDG.6_1,Toliary,MDG.6.3_1,Atsimo-Andrefana,MDG.6.3.1_1,Ampanihy,FALSE,31.569180151288283,TRUE,MDG.6.3_1,MDG.6.3.1_1,FALSE
2013,185,-24.49173,45.072042,MDG.6_1,Toliary,MDG.6.3_1,Atsimo-Andrefana,MDG.6.3.1_1,Ampanihy,FALSE,1.1295492844874155,TRUE,MDG.6.3_1,MDG.6.3.1_1,TRUE
2013,186,-24.513231,44.674527,MDG.6_1,Toliary,MDG.6.3_1,Atsimo-Andrefana,MDG.6.3.1_1,Ampanihy,FALSE,39.73862491139992,TRUE,MDG.6.3_1,MDG.6.3.1_1,FALSE
2013,187,-24.403108,44.937916,MDG.6_1,Toliary,MDG.6.3_1,Atsimo-Andrefana,MDG.6.3.1_1,Ampanihy,FALSE,11.65291880243546,TRUE,MDG.6.3_1,MDG.6.3.1_1,FALSE
2013,188,-24.522757,44.993108,MDG.6_1,Toliary,MDG.6.3_1,Atsimo-Andrefana,MDG.6.3.1_1,Ampanihy,FALSE,9.337712264401418,TRUE,MDG.6.3_1,MDG.6.3.1_1,FALSE
2013,189,-24.312317,44.525699,MDG.6_1,Toliary,MDG.6.3_1,Atsimo-Andrefana,MDG.6.3.1_1,Ampanihy,FALSE,28.99405939067807,TRUE,MDG.6.3_1,MDG.6.3.1_1,FALSE
2013,190,-24.472926,44.462381,MDG.6_1,Toliary,MDG.6.3_1,Atsimo-Andrefana,MDG.6.3.1_1,Ampanihy,FALSE,45.445974155517504,TRUE,MDG.6.3_1,MDG.6.3.1_1,FALSE
2013,191,-24.056207,44.436316,MDG.6_1,Toliary,MDG.6.3_1,Atsimo-Andrefana,MDG.6.3.1_1,Ampanihy,FALSE,1.2988809312634662,TRUE,MDG.6.3_1,MDG.6.3.1_1,TRUE
2013,192,-24.266784,44.741215,MDG.6_1,Toliary,MDG.6.3_1,Atsimo-Andrefana,MDG.6.3.1_1,Ampanihy,FALSE,32.225347571308795,TRUE,MDG.6.3_1,MDG.6.3.1_1,FALSE
2013,193,-25.009084,44.193752,MDG.6_1,Toliary,MDG.6.3_1,Atsimo-Andrefana,MDG.6.3.1_1,Ampanihy,FALSE,7.158353174906922,TRUE,MDG.6.3_1,MDG.6.3.1_1,FALSE
2013,194,-25.151549,44.412006,MDG.6_1,Toliary,MDG.6.3_1,Atsimo-Andrefana,MDG.6.3.1_1,Ampanihy,FALSE,5.497926311502414,TRUE,MDG.6.3_1,MDG.6.3.1_1,FALSE
2013,195,-24.008465,44.682453,MDG.6_1,Toliary,MDG.6.3_1,Atsimo-Andrefana,MDG.6.3.1_1,Ampanihy,FALSE,4.570861408829938,TRUE,MDG.6.3_1,MDG.6.3.1_1,TRUE
2013,196,-24.049239,45.12731,MDG.6_1,Toliary,MDG.6.3_1,Atsimo-Andrefana,MDG.6.3.1_1,Ampanihy,FALSE,2.8512417584021126,TRUE,MDG.6.3_1,MDG.6.3.1_1,TRUE
2013,197,-24.11911,45.000905,MDG.6_1,Toliary,MDG.6.3_1,Atsimo-Andrefana,MDG.6.3.1_1,Ampanihy,FALSE,14.941748128014277,TRUE,MDG.6.3_1,MDG.6.3.1_1,FALSE
2013,198,-24.39032087,43.7637632256,MDG.6_1,Toliary,MDG.6.3_1,Atsimo-Andrefana,MDG.6.3.1_1,Ampanihy,FALSE,5.726896668930243,TRUE,MDG.6.3_1,MDG.6.3.1_1,FALSE
2013,199,-24.8357761231,44.0324024896,MDG.6_1,Toliary,MDG.6.3_1,Atsimo-Andrefana,MDG.6.3.1_1,Ampanihy,FALSE,3.5467774048158325,TRUE,MDG.6.3_1,MDG.6.3.1_1,TRUE
2013,200,-24.460987,44.219553,MDG.6_1,Toliary,MDG.6.3_1,Atsimo-Andrefana,MDG.6.3.1_1,Ampanihy,FALSE,33.15038561764273,TRUE,MDG.6.3_1,MDG.6.3.1_1,FALSE
2013,201,-22.58391,44.290389,MDG.6_1,Toliary,MDG.6.3_1,Atsimo-Andrefana,MDG.6.3.7_1,Sakaraha,FALSE,10.76112739340131,TRUE,MDG.6.3_1,MDG.6.3.7_1,FALSE
2013,202,-23.447978,43.956875,MDG.6_1,Toliary,MDG.6.3_1,Atsimo-Andrefana,MDG.6.3.9_1,Toliary,FALSE,15.998119395876332,FALSE,MDG.6.3_1,MDG.6.3.9_1,FALSE
2013,203,-22.8275,43.552156,MDG.6_1,Toliary,MDG.6.3_1,Atsimo-Andrefana,MDG.6.3.9_1,Toliary,FALSE,12.43362039209881,FALSE,MDG.6.3_1,MDG.6.3.9_1,FALSE
2013,204,-25.14438,45.028223,MDG.6_1,Toliary,MDG.6.1_1,Androy,MDG.6.1.3_1,Beloha,FALSE,24.892551452736157,TRUE,MDG.6.1_1,MDG.6.1.3_1,FALSE
2013,205,-25.25324,44.985263,MDG.6_1,Toliary,MDG.6.1_1,Androy,MDG.6.1.3_1,Beloha,FALSE,17.57756042778485,TRUE,MDG.6.1_1,MDG.6.1.3_1,FALSE
2013,206,-25.239563,45.216061,MDG.6_1,Toliary,MDG.6.1_1,Androy,MDG.6.1.3_1,Beloha,FALSE,6.624768350952471,TRUE,MDG.6.1_1,MDG.6.1.3_1,FALSE
2013,207,-25.120618,44.639728,MDG.6_1,Toliary,MDG.6.1_1,Androy,MDG.6.1.3_1,Beloha,FALSE,2.4646116084886285,TRUE,MDG.6.1_1,MDG.6.1.3_1,TRUE
2013,208,-24.739639,45.329504,MDG.6_1,Toliary,MDG.6.1_1,Androy,MDG.6.1.3_1,Beloha,FALSE,1.671358820805301,TRUE,MDG.6.1_1,MDG.6.1.3_1,TRUE
2013,209,-24.900341,45.32713,MDG.6_1,Toliary,MDG.6.1_1,Androy,MDG.6.1.3_1,Beloha,FALSE,1.8572304806953337,TRUE,MDG.6.1_1,MDG.6.1.3_1,TRUE
2013,210,-25.366981,45.316298,MDG.6_1,Toliary,MDG.6.1_1,Androy,MDG.6.1.4_1,Tsiombe,FALSE,3.129347446998234,TRUE,MDG.6.1_1,MDG.6.1.4_1,TRUE
2013,211,-25.383831,45.394779,MDG.6_1,Toliary,MDG.6.1_1,Androy,MDG.6.1.4_1,Tsiombe,FALSE,9.196231845004418,TRUE,MDG.6.1_1,MDG.6.1.4_1,FALSE
2013,212,-25.55638,45.450044,MDG.6_1,Toliary,MDG.6.1_1,Androy,MDG.6.1.4_1,Tsiombe,FALSE,2.589024043648759,TRUE,MDG.6.1_1,MDG.6.1.4_1,TRUE
2013,213,-25.46953,45.653351,MDG.6_1,Toliary,MDG.6.1_1,Androy,MDG.6.1.4_1,Tsiombe,FALSE,3.8428875179278394,TRUE,MDG.6.1_1,MDG.6.1.4_1,TRUE
2013,214,-25.316454,45.679449,MDG.6_1,Toliary,MDG.6.1_1,Androy,MDG.6.1.4_1,Tsiombe,FALSE,7.070755578373562,TRUE,MDG.6.1_1,MDG.6.1.4_1,FALSE
2013,215,-25.274525,45.739015,MDG.6_1,Toliary,MDG.6.1_1,Androy,MDG.6.1.4_1,Tsiombe,FALSE,0.7999970933181033,TRUE,MDG.6.1_1,MDG.6.1.4_1,TRUE
2013,216,-25.161603,46.055453,MDG.6_1,Toliary,MDG.6.1_1,Androy,MDG.6.1.1_1,Ambovombe-Androy,FALSE,12.154058210907397,TRUE,MDG.6.1_1,MDG.6.1.1_1,FALSE
2013,217,-25.18504,46.075097,MDG.6_1,Toliary,MDG.6.1_1,Androy,MDG.6.1.1_1,Ambovombe-Androy,FALSE,9.068627024914381,TRUE,MDG.6.1_1,MDG.6.1.1_1,FALSE
2013,218,-25.22894,46.116352,MDG.6_1,Toliary,MDG.6.1_1,Androy,MDG.6.1.1_1,Ambovombe-Androy,FALSE,3.0696693358643747,TRUE,MDG.6.1_1,MDG.6.1.1_1,TRUE
2013,219,-25.223385,45.996847,MDG.6_1,Toliary,MDG.6.1_1,Androy,MDG.6.1.1_1,Ambovombe-Androy,FALSE,8.220059338335668,TRUE,MDG.6.1_1,MDG.6.1.1_1,FALSE
2013,220,-25.054522,46.178924,MDG.6_1,Toliary,MDG.6.1_1,Androy,MDG.6.1.1_1,Ambovombe-Androy,FALSE,2.281794135599611,TRUE,MDG.6.1_1,MDG.6.1.1_1,TRUE
2013,221,-25.164518,46.015156,MDG.6_1,Toliary,MDG.6.1_1,Androy,MDG.6.1.1_1,Ambovombe-Androy,FALSE,13.391672950086377,TRUE,MDG.6.1_1,MDG.6.1.1_1,FALSE
2013,222,-25.058776,45.983544,MDG.6_1,Toliary,MDG.6.1_1,Androy,MDG.6.1.1_1,Ambovombe-Androy,FALSE,14.797056540259392,TRUE,MDG.6.1_1,MDG.6.1.1_1,FALSE
2013,223,-25.177017,46.137231,MDG.6_1,Toliary,MDG.6.1_1,Androy,MDG.6.1.1_1,Ambovombe-Androy,FALSE,7.521029660712338,TRUE,MDG.6.1_1,MDG.6.1.1_1,FALSE
2013,224,-25.106148,46.218171,MDG.6_1,Toliary,MDG.6.1_1,Androy,MDG.6.1.1_1,Ambovombe-Androy,FALSE,5.131050504556707,TRUE,MDG.6.1_1,MDG.6.1.1_1,FALSE
2013,225,-25.188909,45.850204,MDG.6_1,Toliary,MDG.6.1_1,Androy,MDG.6.1.1_1,Ambovombe-Androy,FALSE,8.871542342799202,TRUE,MDG.6.1_1,MDG.6.1.1_1,FALSE
2013,226,-25.31957,45.895315,MDG.6_1,Toliary,MDG.6.1_1,Androy,MDG.6.1.1_1,Ambovombe-Androy,FALSE,3.4109750509630405,TRUE,MDG.6.1_1,MDG.6.1.1_1,TRUE
2013,227,-25.16493,45.812127,MDG.6_1,Toliary,MDG.6.1_1,Androy,MDG.6.1.1_1,Ambovombe-Androy,FALSE,11.100368194467993,TRUE,MDG.6.1_1,MDG.6.1.1_1,FALSE
2013,228,-25.114242,45.618261,MDG.6_1,Toliary,MDG.6.1_1,Androy,MDG.6.1.4_1,Tsiombe,FALSE,3.283681869380638,TRUE,MDG.6.1_1,MDG.6.1.4_1,TRUE
2013,230,-25.002375,45.693438,MDG.6_1,Toliary,MDG.6.1_1,Androy,MDG.6.1.1_1,Ambovombe-Androy,FALSE,9.794337041823177,TRUE,MDG.6.1_1,MDG.6.1.1_1,FALSE
2013,231,-24.514379,45.74139,MDG.6_1,Toliary,MDG.6.1_1,Androy,MDG.6.1.1_1,Ambovombe-Androy,FALSE,8.531626506744137,TRUE,MDG.6.1_1,MDG.6.1.1_1,FALSE
2013,232,-24.78182,45.515298,MDG.6_1,Toliary,MDG.6.1_1,Androy,MDG.6.1.1_1,Ambovombe-Androy,FALSE,9.80446889159573,TRUE,MDG.6.1_1,MDG.6.1.1_1,FALSE
2013,233,-24.98702,45.567421,MDG.6_1,Toliary,MDG.6.1_1,Androy,MDG.6.1.1_1,Ambovombe-Androy,FALSE,9.48420782873641,TRUE,MDG.6.1_1,MDG.6.1.1_1,FALSE
2013,234,-25.020963,45.389981,MDG.6_1,Toliary,MDG.6.1_1,Androy,MDG.6.1.1_1,Ambovombe-Androy,FALSE,3.9229954770469098,TRUE,MDG.6.1_1,MDG.6.1.1_1,TRUE
2013,235,-24.253403,45.196455,MDG.6_1,Toliary,MDG.6.1_1,Androy,MDG.6.1.2_1,Bekily,FALSE,8.443213886711435,TRUE,MDG.6.1_1,MDG.6.1.2_1,FALSE
2013,236,-24.027757,45.512107,MDG.6_1,Toliary,MDG.6.1_1,Androy,MDG.6.1.2_1,Bekily,FALSE,3.2689255877197723,TRUE,MDG.6.1_1,MDG.6.1.2_1,TRUE
2013,237,-25.014545,46.988135,MDG.6_1,Toliary,MDG.6.2_1,Anosy,MDG.6.2.3_1,Taolagnaro,FALSE,0.31438992197678595,FALSE,MDG.6.2_1,MDG.6.2.3_1,TRUE
2013,238,-25.071463,46.833847,MDG.6_1,Toliary,MDG.6.2_1,Anosy,MDG.6.2.3_1,Taolagnaro,FALSE,2.887791836288432,FALSE,MDG.6.2_1,MDG.6.2.3_1,TRUE
2013,239,-24.876714,46.687851,MDG.6_1,Toliary,MDG.6.2_1,Anosy,MDG.6.2.3_1,Taolagnaro,FALSE,13.119681989646889,FALSE,MDG.6.2_1,MDG.6.2.3_1,FALSE
2013,240,-24.685843,46.819313,MDG.6_1,Toliary,MDG.6.2_1,Anosy,MDG.6.2.3_1,Taolagnaro,FALSE,12.772212529769392,FALSE,MDG.6.2_1,MDG.6.2.3_1,FALSE
2013,241,-24.335363,47.198748,MDG.6_1,Toliary,MDG.6.2_1,Anosy,MDG.6.2.3_1,Taolagnaro,FALSE,12.113350474532885,TRUE,MDG.6.2_1,MDG.6.2.3_1,FALSE
2013,242,-23.272701,46.102975,MDG.6_1,Toliary,MDG.6.2_1,Anosy,MDG.6.2.2_1,Betroka,FALSE,29.217259537700958,FALSE,MDG.6.2_1,MDG.6.2.2_1,FALSE
2013,243,-23.819129,45.733936,MDG.6_1,Toliary,MDG.6.2_1,Anosy,MDG.6.2.2_1,Betroka,FALSE,12.571121596106979,TRUE,MDG.6.2_1,MDG.6.2.2_1,FALSE
2013,244,-25.063942,46.358044,MDG.6_1,Toliary,MDG.6.2_1,Anosy,MDG.6.2.1_1,Amboasary-Sud,FALSE,8.797462939724786,FALSE,MDG.6.2_1,MDG.6.2.1_1,FALSE
2013,245,-25.068045,46.395,MDG.6_1,Toliary,MDG.6.2_1,Anosy,MDG.6.2.1_1,Amboasary-Sud,FALSE,11.946458492389718,FALSE,MDG.6.2_1,MDG.6.2.1_1,FALSE
2013,246,-24.938946,46.422953,MDG.6_1,Toliary,MDG.6.2_1,Anosy,MDG.6.2.1_1,Amboasary-Sud,FALSE,11.713044987711957,FALSE,MDG.6.2_1,MDG.6.2.1_1,FALSE
2013,247,-25.14245269,46.4940718684,MDG.6_1,Toliary,MDG.6.2_1,Anosy,MDG.6.2.1_1,Amboasary-Sud,FALSE,1.5381591684078224,FALSE,MDG.6.2_1,MDG.6.2.1_1,TRUE
2013,248,-24.81631,46.171911,MDG.6_1,Toliary,MDG.6.2_1,Anosy,MDG.6.2.1_1,Amboasary-Sud,FALSE,13.34194442276648,FALSE,MDG.6.2_1,MDG.6.2.1_1,FALSE
2013,249,-24.580046,46.435678,MDG.6_1,Toliary,MDG.6.2_1,Anosy,MDG.6.2.1_1,Amboasary-Sud,FALSE,18.3112335661662,TRUE,MDG.6.2_1,MDG.6.2.1_1,FALSE
2013,256,-20.295512,44.293942,MDG.6_1,Toliary,MDG.6.4_1,Menabe,MDG.6.4.5_1,Morondava,FALSE,1.6855934429370591,FALSE,MDG.6.4_1,MDG.6.4.5_1,TRUE
2013,257,-20.295407,44.27562,MDG.6_1,Toliary,MDG.6.4_1,Menabe,MDG.6.4.5_1,Morondava,FALSE,0.6280784626322281,FALSE,MDG.6.4_1,MDG.6.4.5_1,TRUE
2013,258,-20.161831,44.437187,MDG.6_1,Toliary,MDG.6.4_1,Menabe,MDG.6.4.5_1,Morondava,FALSE,4.709485382505797,FALSE,MDG.6.4_1,MDG.6.4.5_1,TRUE
2013,259,-20.368149,45.024289,MDG.6_1,Toliary,MDG.6.4_1,Menabe,MDG.6.4.2_1,Mahabo,FALSE,24.886183827944585,TRUE,MDG.6.4_1,MDG.6.4.2_1,FALSE
2013,260,-19.918219,44.61122,MDG.6_1,Toliary,MDG.6.4_1,Menabe,MDG.6.4.1_1,Belon-i Tsiribihina,FALSE,6.101874286932352,FALSE,MDG.6.4_1,MDG.6.4.1_1,FALSE
2013,261,-19.704837,45.37559,MDG.6_1,Toliary,MDG.6.4_1,Menabe,MDG.6.4.4_1,Miandrivazo,FALSE,10.079201243437012,TRUE,MDG.6.4_1,MDG.6.4.4_1,FALSE
2013,262,-12.13444487,49.1948137206,MDG.2_1,Antsiranana,MDG.2.1_1,Diana,MDG.2.1.3_1,Antsiranana Rural,FALSE,1.014847929307985,TRUE,MDG.2.1_1,MDG.2.1.3_1,TRUE
2013,263,-12.276815,49.292656,MDG.2_1,Antsiranana,MDG.2.1_1,Diana,MDG.2.1.3_1,Antsiranana Rural,FALSE,0.42136150691338964,FALSE,MDG.2.1_1,MDG.2.1.3_1,TRUE
2013,264,-12.285586,49.285492,MDG.2_1,Antsiranana,MDG.2.1_1,Diana,MDG.2.1.3_1,Antsiranana Rural,FALSE,0.43075679674313433,FALSE,MDG.2.1_1,MDG.2.1.3_1,TRUE
2013,265,-12.298772,49.301532,MDG.2_1,Antsiranana,MDG.2.1_1,Diana,MDG.2.1.3_1,Antsiranana Rural,FALSE,0.21137254968711572,FALSE,MDG.2.1_1,MDG.2.1.3_1,TRUE
2013,266,-12.315828,49.287575,MDG.2_1,Antsiranana,MDG.2.1_1,Diana,MDG.2.1.3_1,Antsiranana Rural,FALSE,1.80723259299919,FALSE,MDG.2.1_1,MDG.2.1.3_1,TRUE
2013,267,-13.188616,49.049364,MDG.2_1,Antsiranana,MDG.2.1_1,Diana,MDG.2.1.2_1,Ambilobe,FALSE,21.91926171982939,FALSE,MDG.2.1_1,MDG.2.1.2_1,FALSE
2013,268,-13.265704,49.114451,MDG.2_1,Antsiranana,MDG.2.1_1,Diana,MDG.2.1.2_1,Ambilobe,FALSE,27.16496072563179,TRUE,MDG.2.1_1,MDG.2.1.2_1,FALSE
2013,269,-13.626146,48.755496,MDG.2_1,Antsiranana,MDG.2.1_1,Diana,MDG.2.1.2_1,Ambilobe,FALSE,7.607440578285891,TRUE,MDG.2.1_1,MDG.2.1.2_1,FALSE
2013,270,-13.401309,48.256749,MDG.2_1,Antsiranana,MDG.2.1_1,Diana,MDG.2.1.5_1,Nosibe,FALSE,1.0847709941255943,FALSE,MDG.2.1_1,MDG.2.1.5_1,TRUE
2013,271,-13.406502,48.274968,MDG.2_1,Antsiranana,MDG.2.1_1,Diana,MDG.2.1.5_1,Nosibe,FALSE,0.15672827642586798,FALSE,MDG.2.1_1,MDG.2.1.5_1,TRUE
2013,272,-13.357744,48.205659,MDG.2_1,Antsiranana,MDG.2.1_1,Diana,MDG.2.1.5_1,Nosibe,FALSE,1.6644114110334003,FALSE,MDG.2.1_1,MDG.2.1.5_1,TRUE
2013,273,-13.673799,48.444825,MDG.2_1,Antsiranana,MDG.2.1_1,Diana,MDG.2.1.1_1,Ambanja,FALSE,11.018284760969228,FALSE,MDG.2.1_1,MDG.2.1.1_1,FALSE
2013,274,-13.967412,48.526624,MDG.2_1,Antsiranana,MDG.2.1_1,Diana,MDG.2.1.1_1,Ambanja,FALSE,23.64606867701386,FALSE,MDG.2.1_1,MDG.2.1.1_1,FALSE
2013,275,-14.90546,50.267837,MDG.2_1,Antsiranana,MDG.2.2_1,Sava,MDG.2.2.2_1,Antalaha,FALSE,1.5529222433545553,FALSE,MDG.2.2_1,MDG.2.2.2_1,TRUE
2013,276,-14.865616,50.186675,MDG.2_1,Antsiranana,MDG.2.2_1,Sava,MDG.2.2.2_1,Antalaha,FALSE,8.207206192851006,TRUE,MDG.2.2_1,MDG.2.2.2_1,FALSE
2013,277,-14.279263,50.140817,MDG.2_1,Antsiranana,MDG.2.2_1,Sava,MDG.2.2.3_1,Sambava,FALSE,3.1862279552773645,FALSE,MDG.2.2_1,MDG.2.2.3_1,TRUE
2013,278,-14.368621,50.018214,MDG.2_1,Antsiranana,MDG.2.2_1,Sava,MDG.2.2.3_1,Sambava,FALSE,17.650835588023917,TRUE,MDG.2.2_1,MDG.2.2.3_1,FALSE
2013,279,-14.217852,49.684551,MDG.2_1,Antsiranana,MDG.2.2_1,Sava,MDG.2.2.3_1,Sambava,FALSE,4.9703997042075585,FALSE,MDG.2.2_1,MDG.2.2.3_1,TRUE
2013,280,-14.651695,49.628413,MDG.2_1,Antsiranana,MDG.2.2_1,Sava,MDG.2.2.1_1,Andapa,FALSE,16.46947153829025,FALSE,MDG.2.2_1,MDG.2.2.1_1,FALSE
2013,281,-14.778115,49.57536,MDG.2_1,Antsiranana,MDG.2.2_1,Sava,MDG.2.2.1_1,Andapa,FALSE,10.136995321888492,FALSE,MDG.2.2_1,MDG.2.2.1_1,FALSE
2013,282,-13.361176,50.016658,MDG.2_1,Antsiranana,MDG.2.2_1,Sava,MDG.2.2.4_1,Vohimarina (Iharana),FALSE,0.13693561643803043,FALSE,MDG.2.2_1,MDG.2.2.4_1,TRUE
2013,283,-13.2596,49.831255,MDG.2_1,Antsiranana,MDG.2.2_1,Sava,MDG.2.2.4_1,Vohimarina (Iharana),FALSE,11.589759255937246,TRUE,MDG.2.2_1,MDG.2.2.4_1,FALSE
2013,284,-13.917982,49.739343,MDG.2_1,Antsiranana,MDG.2.2_1,Sava,MDG.2.2.4_1,Vohimarina (Iharana),FALSE,5.9091838492939415,TRUE,MDG.2.2_1,MDG.2.2.4_1,FALSE
2016,1,-18.9699500119,47.5679848294,MDG.1_1,Antananarivo,MDG.1.1_1,Analamanga,MDG.1.1.6_1,Antananarivo-Sud,FALSE,0.008670342486067635,FALSE,MDG.1.1_1,MDG.1.1.6_1,TRUE
2016,2,-18.8335094467,47.5715872726,MDG.1_1,Antananarivo,MDG.1.1_1,Analamanga,MDG.1.1.5_1,Antananarivo-Nord,FALSE,4.556520686078437,FALSE,MDG.1.1_1,MDG.1.1.5_1,TRUE
2016,3,-18.8429867281,47.6307180876,MDG.1_1,Antananarivo,MDG.1.1_1,Analamanga,MDG.1.1.5_1,Antananarivo-Nord,FALSE,4.009468280226764,FALSE,MDG.1.1_1,MDG.1.1.5_1,TRUE
2016,4,-18.8330240693,47.4119234487,MDG.1_1,Antananarivo,MDG.1.1_1,Analamanga,MDG.1.1.1_1,Ambohidratrimo,FALSE,5.861890318487774,FALSE,MDG.1.1_1,MDG.1.1.1_1,FALSE
2016,5,-18.8241216458,47.4478315922,MDG.1_1,Antananarivo,MDG.1.1_1,Analamanga,MDG.1.1.1_1,Ambohidratrimo,FALSE,3.7271628230445937,FALSE,MDG.1.1_1,MDG.1.1.1_1,TRUE
2016,6,-18.7568539804,47.5583529812,MDG.1_1,Antananarivo,MDG.1.1_1,Analamanga,MDG.1.1.5_1,Antananarivo-Nord,FALSE,1.0036356685255818,FALSE,MDG.1.1_1,MDG.1.1.5_1,TRUE
2016,7,-18.3170227088,47.0728333539,MDG.1_1,Antananarivo,MDG.1.1_1,Analamanga,MDG.1.1.4_1,Ankazobe,FALSE,22.95914477786838,FALSE,MDG.1.1_1,MDG.1.1.4_1,FALSE
2016,8,-18.0137104417,46.9816691324,MDG.1_1,Antananarivo,MDG.1.1_1,Analamanga,MDG.1.1.4_1,Ankazobe,FALSE,16.245902859318548,FALSE,MDG.1.1_1,MDG.1.1.4_1,FALSE
2016,9,-18.9226708175,47.6597796493,MDG.1_1,Antananarivo,MDG.1.1_1,Analamanga,MDG.1.1.5_1,Antananarivo-Nord,FALSE,1.7716430824432723,FALSE,MDG.1.1_1,MDG.1.1.5_1,TRUE
2016,10,-18.4875428221,47.8041023384,MDG.1_1,Antananarivo,MDG.1.1_1,Analamanga,MDG.1.1.3_1,Anjozorobe,FALSE,6.738183104575366,FALSE,MDG.1.1_1,MDG.1.1.3_1,FALSE
2016,11,-18.2237472012,47.6267969192,MDG.1_1,Antananarivo,MDG.1.1_1,Analamanga,MDG.1.1.3_1,Anjozorobe,FALSE,16.74145109191372,FALSE,MDG.1.1_1,MDG.1.1.3_1,FALSE
2016,12,-18.93593518,47.47958505,MDG.1_1,Antananarivo,MDG.1.1_1,Analamanga,MDG.1.1.6_1,Antananarivo-Sud,FALSE,1.7763763060264433,FALSE,MDG.1.1_1,MDG.1.1.6_1,TRUE
2016,13,-18.907819377,47.4754945474,MDG.1_1,Antananarivo,MDG.1.1_1,Analamanga,MDG.1.1.6_1,Antananarivo-Sud,FALSE,2.278444537810173,FALSE,MDG.1.1_1,MDG.1.1.6_1,TRUE
2016,14,-18.9090945101,47.4738494149,MDG.1_1,Antananarivo,MDG.1.1_1,Analamanga,MDG.1.1.6_1,Antananarivo-Sud,FALSE,2.3555138625861685,FALSE,MDG.1.1_1,MDG.1.1.6_1,TRUE
2016,15,-18.9636685653,47.5320868891,MDG.1_1,Antananarivo,MDG.1.1_1,Analamanga,MDG.1.1.6_1,Antananarivo-Sud,FALSE,0.9746895832122858,FALSE,MDG.1.1_1,MDG.1.1.6_1,TRUE
2016,16,-18.98731972,47.4892307566,MDG.1_1,Antananarivo,MDG.1.1_1,Analamanga,MDG.1.1.6_1,Antananarivo-Sud,FALSE,5.154178258867963,FALSE,MDG.1.1_1,MDG.1.1.6_1,FALSE
2016,17,-19.83218668,46.85681212,MDG.1_1,Antananarivo,MDG.1.4_1,Vakinankaratra,MDG.1.4.5_1,Betafo,FALSE,8.065595473305013,FALSE,MDG.1.4_1,MDG.1.4.5_1,FALSE
2016,18,-19.7869835482,46.7343350033,MDG.1_1,Antananarivo,MDG.1.4_1,Vakinankaratra,MDG.1.4.5_1,Betafo,FALSE,19.393214341282846,FALSE,MDG.1.4_1,MDG.1.4.5_1,FALSE
2016,19,-19.7464676168,46.6174659548,MDG.1_1,Antananarivo,MDG.1.4_1,Vakinankaratra,MDG.1.4.5_1,Betafo,FALSE,24.548929317340676,FALSE,MDG.1.4_1,MDG.1.4.5_1,FALSE
2016,20,-19.6027988044,46.7391351475,MDG.1_1,Antananarivo,MDG.1.4_1,Vakinankaratra,MDG.1.4.5_1,Betafo,FALSE,6.419332398294812,FALSE,MDG.1.4_1,MDG.1.4.5_1,FALSE
2016,21,-19.6597465399,46.6502388167,MDG.1_1,Antananarivo,MDG.1.4_1,Vakinankaratra,MDG.1.4.5_1,Betafo,FALSE,16.382827237935913,FALSE,MDG.1.4_1,MDG.1.4.5_1,FALSE
2016,23,-19.2418448577,47.4509864125,MDG.1_1,Antananarivo,MDG.1.4_1,Vakinankaratra,MDG.1.4.1_1,Ambatolampy,FALSE,0.4291096762939856,FALSE,MDG.1.4_1,MDG.1.4.1_1,TRUE
2016,24,-19.2674582954,46.9753462223,MDG.1_1,Antananarivo,MDG.1.4_1,Vakinankaratra,MDG.1.4.6_1,Faratsiho,FALSE,7.5365026976571405,FALSE,MDG.1.4_1,MDG.1.4.6_1,FALSE
2016,25,-19.4573259213,46.7051996074,MDG.1_1,Antananarivo,MDG.1.4_1,Vakinankaratra,MDG.1.4.6_1,Faratsiho,FALSE,4.1037567685736125,FALSE,MDG.1.4_1,MDG.1.4.6_1,TRUE
2016,26,-19.96428808,47.03110237,MDG.1_1,Antananarivo,MDG.1.4_1,Vakinankaratra,MDG.1.4.3_1,Antsirabe Rural,FALSE,2.8959132769799316,FALSE,MDG.1.4_1,MDG.1.4.3_1,TRUE
2016,27,-20.125303,47.085415,MDG.1_1,Antananarivo,MDG.1.4_1,Vakinankaratra,MDG.1.4.3_1,Antsirabe Rural,FALSE,3.6727354821385383,TRUE,MDG.1.4_1,MDG.1.4.3_1,TRUE
2016,28,-19.5811547387,46.2869601916,MDG.1_1,Antananarivo,MDG.1.4_1,Vakinankaratra,MDG.1.4.5_1,Betafo,FALSE,17.885237918676328,FALSE,MDG.1.4_1,MDG.1.4.5_1,FALSE
2016,29,-19.5044545027,46.2590903173,MDG.1_1,Antananarivo,MDG.1.4_1,Vakinankaratra,MDG.1.4.5_1,Betafo,FALSE,9.053956284613324,FALSE,MDG.1.4_1,MDG.1.4.5_1,FALSE
2016,30,-19.67394929,46.52395388,MDG.1_1,Antananarivo,MDG.1.4_1,Vakinankaratra,MDG.1.4.5_1,Betafo,FALSE,24.443578284544856,FALSE,MDG.1.4_1,MDG.1.4.5_1,FALSE
2016,31,-19.4580408139,46.5299286292,MDG.1_1,Antananarivo,MDG.1.4_1,Vakinankaratra,MDG.1.4.5_1,Betafo,FALSE,6.076667688209766,FALSE,MDG.1.4_1,MDG.1.4.5_1,FALSE
2016,32,-19.6605559266,46.2475650745,MDG.1_1,Antananarivo,MDG.1.4_1,Vakinankaratra,MDG.1.4.5_1,Betafo,FALSE,26.073525187085455,FALSE,MDG.1.4_1,MDG.1.4.5_1,FALSE
2016,33,-18.9974759056,47.1982959811,MDG.1_1,Antananarivo,MDG.1.3_1,Itasy,MDG.1.3.1_1,Arivonimamo,FALSE,9.113330029933916,FALSE,MDG.1.3_1,MDG.1.3.1_1,FALSE
2016,34,-18.9206674001,47.1997918677,MDG.1_1,Antananarivo,MDG.1.3_1,Itasy,MDG.1.3.1_1,Arivonimamo,FALSE,10.504550965267233,FALSE,MDG.1.3_1,MDG.1.3.1_1,FALSE
2016,35,-18.97137357,47.3348608545,MDG.1_1,Antananarivo,MDG.1.3_1,Itasy,MDG.1.3.1_1,Arivonimamo,FALSE,7.0208321077837175,FALSE,MDG.1.3_1,MDG.1.3.1_1,FALSE
2016,36,-18.9168632731,47.3018433903,MDG.1_1,Antananarivo,MDG.1.3_1,Itasy,MDG.1.3.1_1,Arivonimamo,FALSE,4.077032387211096,FALSE,MDG.1.3_1,MDG.1.3.1_1,TRUE
2016,37,-19.0538912514,47.4268144435,MDG.1_1,Antananarivo,MDG.1.3_1,Itasy,MDG.1.3.1_1,Arivonimamo,FALSE,1.4944941406930243,FALSE,MDG.1.3_1,MDG.1.3.1_1,TRUE
2016,38,-19.1383609,47.36031362,MDG.1_1,Antananarivo,MDG.1.3_1,Itasy,MDG.1.3.1_1,Arivonimamo,FALSE,10.15545428685126,FALSE,MDG.1.3_1,MDG.1.3.1_1,FALSE
2016,39,-18.9593028095,46.8865598158,MDG.1_1,Antananarivo,MDG.1.3_1,Itasy,MDG.1.3.2_1,Miarinarivo,FALSE,14.68356795144068,FALSE,MDG.1.3_1,MDG.1.3.2_1,FALSE
2016,40,-18.7403208455,46.8198758602,MDG.1_1,Antananarivo,MDG.1.3_1,Itasy,MDG.1.3.2_1,Miarinarivo,FALSE,3.354174619094888,FALSE,MDG.1.3_1,MDG.1.3.2_1,TRUE
2016,41,-19.1152286113,46.9372772644,MDG.1_1,Antananarivo,MDG.1.3_1,Itasy,MDG.1.3.2_1,Miarinarivo,FALSE,5.605241624848575,FALSE,MDG.1.3_1,MDG.1.3.2_1,FALSE
2016,42,-18.9851482141,46.7352361032,MDG.1_1,Antananarivo,MDG.1.3_1,Itasy,MDG.1.3.2_1,Miarinarivo,FALSE,4.55322980455673,FALSE,MDG.1.3_1,MDG.1.3.2_1,TRUE
2016,43,-18.881165732,46.7322026339,MDG.1_1,Antananarivo,MDG.1.3_1,Itasy,MDG.1.3.2_1,Miarinarivo,FALSE,15.669556699547215,FALSE,MDG.1.3_1,MDG.1.3.2_1,FALSE
2016,44,-18.782485508,47.0761918819,MDG.1_1,Antananarivo,MDG.1.3_1,Itasy,MDG.1.3.2_1,Miarinarivo,FALSE,1.9402152211250503,FALSE,MDG.1.3_1,MDG.1.3.2_1,TRUE
2016,45,-19.096991997,46.6830619957,MDG.1_1,Antananarivo,MDG.1.3_1,Itasy,MDG.1.3.3_1,Soavinandriana,FALSE,7.589437425442814,FALSE,MDG.1.3_1,MDG.1.3.3_1,FALSE
2016,46,-19.04495838,46.75447952,MDG.1_1,Antananarivo,MDG.1.3_1,Itasy,MDG.1.3.3_1,Soavinandriana,FALSE,1.1645282647529762,FALSE,MDG.1.3_1,MDG.1.3.3_1,TRUE
2016,47,-19.04369135,46.63281068,MDG.1_1,Antananarivo,MDG.1.3_1,Itasy,MDG.1.3.3_1,Soavinandriana,FALSE,2.9272863504450366,FALSE,MDG.1.3_1,MDG.1.3.3_1,TRUE
2016,48,-19.1313766644,46.4298575879,MDG.1_1,Antananarivo,MDG.1.3_1,Itasy,MDG.1.3.3_1,Soavinandriana,FALSE,2.452806732492565,FALSE,MDG.1.3_1,MDG.1.3.3_1,TRUE
2016,49,-18.7733942689,46.0434868141,MDG.1_1,Antananarivo,MDG.1.2_1,Bongolava,MDG.1.2.2_1,Tsiroanomandidy,FALSE,30.74236222100434,FALSE,MDG.1.2_1,MDG.1.2.2_1,FALSE
2016,50,-18.794814541,46.0569315268,MDG.1_1,Antananarivo,MDG.1.2_1,Bongolava,MDG.1.2.2_1,Tsiroanomandidy,FALSE,33.010183922669576,FALSE,MDG.1.2_1,MDG.1.2.2_1,FALSE
2016,51,-18.8275723916,46.0959972716,MDG.1_1,Antananarivo,MDG.1.2_1,Bongolava,MDG.1.2.2_1,Tsiroanomandidy,FALSE,36.24993626117401,FALSE,MDG.1.2_1,MDG.1.2.2_1,FALSE
2016,52,-18.67556007,46.325381083,MDG.1_1,Antananarivo,MDG.1.2_1,Bongolava,MDG.1.2.2_1,Tsiroanomandidy,FALSE,9.431231477552473,TRUE,MDG.1.2_1,MDG.1.2.2_1,FALSE
2016,53,-18.999259811600002,46.4591715072,MDG.1_1,Antananarivo,MDG.1.2_1,Bongolava,MDG.1.2.2_1,Tsiroanomandidy,FALSE,3.595424339356465,FALSE,MDG.1.2_1,MDG.1.2.2_1,TRUE
2016,54,-18.8836225937,45.871876035,MDG.1_1,Antananarivo,MDG.1.2_1,Bongolava,MDG.1.2.2_1,Tsiroanomandidy,FALSE,33.82874296768251,TRUE,MDG.1.2_1,MDG.1.2.2_1,FALSE
2016,55,-18.5255751526,46.2974585051,MDG.1_1,Antananarivo,MDG.1.2_1,Bongolava,MDG.1.2.2_1,Tsiroanomandidy,FALSE,3.6536361891043874,TRUE,MDG.1.2_1,MDG.1.2.2_1,TRUE
2016,56,-18.9178985496,45.7110288342,MDG.1_1,Antananarivo,MDG.1.2_1,Bongolava,MDG.1.2.2_1,Tsiroanomandidy,FALSE,18.160067214909144,TRUE,MDG.1.2_1,MDG.1.2.2_1,FALSE
2016,57,-18.7717798,46.53051965,MDG.1_1,Antananarivo,MDG.1.2_1,Bongolava,MDG.1.2.2_1,Tsiroanomandidy,FALSE,5.051201686961957,FALSE,MDG.1.2_1,MDG.1.2.2_1,FALSE
2016,58,-19.1370167273,46.3435317373,MDG.1_1,Antananarivo,MDG.1.2_1,Bongolava,MDG.1.2.2_1,Tsiroanomandidy,FALSE,3.4101840968898047,FALSE,MDG.1.2_1,MDG.1.2.2_1,TRUE
2016,59,-19.1375779645,45.9762803762,MDG.1_1,Antananarivo,MDG.1.2_1,Bongolava,MDG.1.2.2_1,Tsiroanomandidy,FALSE,19.649665906870688,TRUE,MDG.1.2_1,MDG.1.2.2_1,FALSE
2016,60,-19.2714893991,46.1481952609,MDG.1_1,Antananarivo,MDG.1.2_1,Bongolava,MDG.1.2.2_1,Tsiroanomandidy,FALSE,10.03263618583125,FALSE,MDG.1.2_1,MDG.1.2.2_1,FALSE
2016,61,-18.5076888766,46.9139234305,MDG.1_1,Antananarivo,MDG.1.2_1,Bongolava,MDG.1.2.1_1,Fenoarivo-Centre,FALSE,2.43516012335734,TRUE,MDG.1.2_1,MDG.1.2.1_1,TRUE
2016,62,-18.6444038543,46.8921673133,MDG.1_1,Antananarivo,MDG.1.2_1,Bongolava,MDG.1.2.1_1,Fenoarivo-Centre,FALSE,5.981340630641587,FALSE,MDG.1.2_1,MDG.1.2.1_1,FALSE
2016,63,-18.287535227,46.0600052658,MDG.1_1,Antananarivo,MDG.1.2_1,Bongolava,MDG.1.2.1_1,Fenoarivo-Centre,FALSE,20.717037802301054,TRUE,MDG.1.2_1,MDG.1.2.1_1,FALSE
2016,64,-17.9944291102,46.4517963221,MDG.1_1,Antananarivo,MDG.1.2_1,Bongolava,MDG.1.2.1_1,Fenoarivo-Centre,FALSE,14.68293810205622,TRUE,MDG.1.2_1,MDG.1.2.1_1,FALSE
2016,65,-21.8336134024,46.9340048389,MDG.3_1,Fianarantsoa,MDG.3.3_1,Haute matsiatra,MDG.3.3.1_1,Ambalavao,FALSE,10.145702991138632,FALSE,MDG.3.3_1,MDG.3.3.1_1,FALSE
2016,66,-21.8263798725,46.8442117409,MDG.3_1,Fianarantsoa,MDG.3.3_1,Haute matsiatra,MDG.3.3.1_1,Ambalavao,FALSE,11.563405650751928,FALSE,MDG.3.3_1,MDG.3.3.1_1,FALSE
2016,67,-21.8501885955,46.79553612,MDG.3_1,Fianarantsoa,MDG.3.3_1,Haute matsiatra,MDG.3.3.1_1,Ambalavao,FALSE,15.612819723716138,FALSE,MDG.3.3_1,MDG.3.3.1_1,FALSE
2016,68,-21.9955970395,46.4464916389,MDG.3_1,Fianarantsoa,MDG.3.3_1,Haute matsiatra,MDG.3.3.1_1,Ambalavao,FALSE,0.9219625284488505,FALSE,MDG.3.3_1,MDG.3.3.1_1,TRUE
2016,69,-21.1073252381,47.2078066226,MDG.3_1,Fianarantsoa,MDG.3.3_1,Haute matsiatra,MDG.3.3.2_1,Ambohimahasoa,FALSE,14.08040779764655,FALSE,MDG.3.3_1,MDG.3.3.2_1,FALSE
2016,70,-21.1759760754,47.2486599523,MDG.3_1,Fianarantsoa,MDG.3.3_1,Haute matsiatra,MDG.3.3.2_1,Ambohimahasoa,FALSE,8.693551244575108,FALSE,MDG.3.3_1,MDG.3.3.2_1,FALSE
2016,71,-21.0051151557,47.253766494,MDG.3_1,Fianarantsoa,MDG.3.3_1,Haute matsiatra,MDG.3.3.2_1,Ambohimahasoa,FALSE,8.105897192553464,FALSE,MDG.3.3_1,MDG.3.3.2_1,FALSE
2016,72,-21.257285277,47.0892010494,MDG.3_1,Fianarantsoa,MDG.3.3_1,Haute matsiatra,MDG.3.3.2_1,Ambohimahasoa,FALSE,2.2379709530236913,FALSE,MDG.3.3_1,MDG.3.3.2_1,TRUE
2016,73,-21.3704268826,46.8193607852,MDG.3_1,Fianarantsoa,MDG.3.3_1,Haute matsiatra,MDG.3.3.3_1,Fianarantsoa Rural,FALSE,2.0651092863451774,FALSE,MDG.3.3_1,MDG.3.3.3_1,TRUE
2016,74,-21.40716287,47.21198954,MDG.3_1,Fianarantsoa,MDG.3.3_1,Haute matsiatra,MDG.3.3.3_1,Fianarantsoa Rural,FALSE,8.360492954344956,FALSE,MDG.3.3_1,MDG.3.3.3_1,FALSE
2016,75,-21.2497689057,47.1802521932,MDG.3_1,Fianarantsoa,MDG.3.3_1,Haute matsiatra,MDG.3.3.2_1,Ambohimahasoa,FALSE,0.7755536030376388,FALSE,MDG.3.3_1,MDG.3.3.2_1,TRUE
2016,76,-21.41119421,47.13487653,MDG.3_1,Fianarantsoa,MDG.3.3_1,Haute matsiatra,MDG.3.3.3_1,Fianarantsoa Rural,FALSE,1.3566463518915448,FALSE,MDG.3.3_1,MDG.3.3.3_1,TRUE
2016,77,-21.5667859567,47.0253987733,MDG.3_1,Fianarantsoa,MDG.3.3_1,Haute matsiatra,MDG.3.3.3_1,Fianarantsoa Rural,FALSE,8.190202616287305,FALSE,MDG.3.3_1,MDG.3.3.3_1,FALSE
2016,78,-21.6495780969,46.9544430004,MDG.3_1,Fianarantsoa,MDG.3.3_1,Haute matsiatra,MDG.3.3.3_1,Fianarantsoa Rural,FALSE,6.284787335672705,FALSE,MDG.3.3_1,MDG.3.3.3_1,FALSE
2016,79,-21.3179567438,46.973382049,MDG.3_1,Fianarantsoa,MDG.3.3_1,Haute matsiatra,MDG.3.3.3_1,Fianarantsoa Rural,FALSE,7.538279608407885,FALSE,MDG.3.3_1,MDG.3.3.3_1,FALSE
2016,80,-21.3879949918,46.918416949,MDG.3_1,Fianarantsoa,MDG.3.3_1,Haute matsiatra,MDG.3.3.3_1,Fianarantsoa Rural,FALSE,10.856933144872672,FALSE,MDG.3.3_1,MDG.3.3.3_1,FALSE
2016,81,-20.3342036022,46.7490475698,MDG.3_1,Fianarantsoa,MDG.3.1_1,Amoron'i mania,MDG.3.1.1_1,Ambatofinandrahana,FALSE,7.074292623476815,FALSE,MDG.3.1_1,MDG.3.1.1_1,FALSE
2016,82,-20.8662186494,46.8585076767,MDG.3_1,Fianarantsoa,MDG.3.1_1,Amoron'i mania,MDG.3.1.1_1,Ambatofinandrahana,FALSE,4.712221847285363,FALSE,MDG.3.1_1,MDG.3.1.1_1,TRUE
2016,83,-20.3641942351,46.9064801968,MDG.3_1,Fianarantsoa,MDG.3.1_1,Amoron'i mania,MDG.3.1.1_1,Ambatofinandrahana,FALSE,7.7388410371282585,FALSE,MDG.3.1_1,MDG.3.1.1_1,FALSE
2016,84,-20.6070440537,45.9992001883,MDG.3_1,Fianarantsoa,MDG.3.1_1,Amoron'i mania,MDG.3.1.1_1,Ambatofinandrahana,FALSE,17.66312003130049,TRUE,MDG.3.1_1,MDG.3.1.1_1,FALSE
2016,85,-20.5295637161,47.2448603173,MDG.3_1,Fianarantsoa,MDG.3.1_1,Amoron'i mania,MDG.3.1.2_1,Ambositra,FALSE,5.948532965448372,FALSE,MDG.3.1_1,MDG.3.1.2_1,FALSE
2016,86,-20.5431630476,47.2408470224,MDG.3_1,Fianarantsoa,MDG.3.1_1,Amoron'i mania,MDG.3.1.2_1,Ambositra,FALSE,7.260463738975198,FALSE,MDG.3.1_1,MDG.3.1.2_1,FALSE
2016,87,-20.5126499897,47.1359998876,MDG.3_1,Fianarantsoa,MDG.3.1_1,Amoron'i mania,MDG.3.1.2_1,Ambositra,FALSE,5.567184439888405,FALSE,MDG.3.1_1,MDG.3.1.2_1,FALSE
2016,88,-20.4603509429,47.173521727,MDG.3_1,Fianarantsoa,MDG.3.1_1,Amoron'i mania,MDG.3.1.2_1,Ambositra,FALSE,8.090803163548808,FALSE,MDG.3.1_1,MDG.3.1.2_1,FALSE
2016,89,-20.61615784,47.3915772,MDG.3_1,Fianarantsoa,MDG.3.1_1,Amoron'i mania,MDG.3.1.2_1,Ambositra,FALSE,9.563648149802157,FALSE,MDG.3.1_1,MDG.3.1.2_1,FALSE
2016,90,-20.8041031632,47.4084458163,MDG.3_1,Fianarantsoa,MDG.3.1_1,Amoron'i mania,MDG.3.1.2_1,Ambositra,FALSE,5.420534523454,FALSE,MDG.3.1_1,MDG.3.1.2_1,FALSE
2016,91,-20.2680539552,47.3336332674,MDG.3_1,Fianarantsoa,MDG.3.1_1,Amoron'i mania,MDG.3.1.3_1,Fandriana,FALSE,11.58209441401541,FALSE,MDG.3.1_1,MDG.3.1.3_1,FALSE
2016,92,-20.1152273939,47.3576416991,MDG.3_1,Fianarantsoa,MDG.3.1_1,Amoron'i mania,MDG.3.1.3_1,Fandriana,FALSE,6.519735440278311,FALSE,MDG.3.1_1,MDG.3.1.3_1,FALSE
2016,93,-20.3477814691,47.301012450100004,MDG.3_1,Fianarantsoa,MDG.3.1_1,Amoron'i mania,MDG.3.1.3_1,Fandriana,FALSE,6.762181542876827,FALSE,MDG.3.1_1,MDG.3.1.3_1,FALSE
2016,94,-20.2376645697,47.4557177135,MDG.3_1,Fianarantsoa,MDG.3.1_1,Amoron'i mania,MDG.3.1.3_1,Fandriana,FALSE,17.08987783803878,FALSE,MDG.3.1_1,MDG.3.1.3_1,FALSE
2016,95,-20.7669368733,47.0424530753,MDG.3_1,Fianarantsoa,MDG.3.1_1,Amoron'i mania,MDG.3.1.4_1,Manandriana,FALSE,6.533348368657203,FALSE,MDG.3.1_1,MDG.3.1.4_1,FALSE
2016,96,-20.8646982434,46.9870865716,MDG.3_1,Fianarantsoa,MDG.3.1_1,Amoron'i mania,MDG.3.1.4_1,Manandriana,FALSE,6.565705986633274,FALSE,MDG.3.1_1,MDG.3.1.4_1,FALSE
2016,97,-21.5394218698,47.749263887,MDG.3_1,Fianarantsoa,MDG.3.5_1,Vatovavy Fitovinany,MDG.3.5.1_1,Ifanadiana,FALSE,4.796811945224691,TRUE,MDG.3.5_1,MDG.3.5.1_1,TRUE
2016,98,-20.4398718668,48.353611205199996,MDG.3_1,Fianarantsoa,MDG.3.5_1,Vatovavy Fitovinany,MDG.3.5.5_1,Nosy varika,FALSE,5.928361117241683,TRUE,MDG.3.5_1,MDG.3.5.5_1,FALSE
2016,99,-20.5120631536,48.2015860168,MDG.3_1,Fianarantsoa,MDG.3.5_1,Vatovavy Fitovinany,MDG.3.5.5_1,Nosy varika,FALSE,15.489553330022044,TRUE,MDG.3.5_1,MDG.3.5.5_1,FALSE
2016,100,-21.2210865588,48.3516954932,MDG.3_1,Fianarantsoa,MDG.3.5_1,Vatovavy Fitovinany,MDG.3.5.4_1,Mananjary,FALSE,0.24029700271495097,FALSE,MDG.3.5_1,MDG.3.5.4_1,TRUE
2016,101,-21.1252103503,48.1605207607,MDG.3_1,Fianarantsoa,MDG.3.5_1,Vatovavy Fitovinany,MDG.3.5.4_1,Mananjary,FALSE,22.466739084729166,TRUE,MDG.3.5_1,MDG.3.5.4_1,FALSE
2016,102,-20.9299660773,48.1514282692,MDG.3_1,Fianarantsoa,MDG.3.5_1,Vatovavy Fitovinany,MDG.3.5.4_1,Mananjary,FALSE,13.912874814594206,TRUE,MDG.3.5_1,MDG.3.5.4_1,FALSE
2016,103,-22.1373588097,48.0152985898,MDG.3_1,Fianarantsoa,MDG.3.5_1,Vatovavy Fitovinany,MDG.3.5.3_1,Manakara-Sud,FALSE,0.843844912535449,FALSE,MDG.3.5_1,MDG.3.5.3_1,TRUE
2016,104,-21.906399794,47.9050997285,MDG.3_1,Fianarantsoa,MDG.3.5_1,Vatovavy Fitovinany,MDG.3.5.3_1,Manakara-Sud,FALSE,15.989597553963762,TRUE,MDG.3.5_1,MDG.3.5.3_1,FALSE
2016,105,-22.069968677,47.7343841254,MDG.3_1,Fianarantsoa,MDG.3.5_1,Vatovavy Fitovinany,MDG.3.5.3_1,Manakara-Sud,FALSE,8.073016336871898,TRUE,MDG.3.5_1,MDG.3.5.3_1,FALSE
2016,106,-21.6807694586,47.8328123164,MDG.3_1,Fianarantsoa,MDG.3.5_1,Vatovavy Fitovinany,MDG.3.5.3_1,Manakara-Sud,FALSE,5.3279269981313115,TRUE,MDG.3.5_1,MDG.3.5.3_1,FALSE
2016,107,-21.5135604063,47.4284146092,MDG.3_1,Fianarantsoa,MDG.3.5_1,Vatovavy Fitovinany,MDG.3.5.2_1,Ikongo,FALSE,0.6767677099088824,FALSE,MDG.3.5_1,MDG.3.5.2_1,TRUE
2016,108,-22.3527157994,47.8405194586,MDG.3_1,Fianarantsoa,MDG.3.5_1,Vatovavy Fitovinany,MDG.3.5.6_1,Vohipeno,FALSE,9.704519521022284,TRUE,MDG.3.5_1,MDG.3.5.6_1,FALSE
2016,109,-22.4580427949,47.8402447683,MDG.3_1,Fianarantsoa,MDG.3.5_1,Vatovavy Fitovinany,MDG.3.5.6_1,Vohipeno,FALSE,3.8469906468848096,FALSE,MDG.3.5_1,MDG.3.5.6_1,TRUE
2016,110,-22.3205090731,47.7620469438,MDG.3_1,Fianarantsoa,MDG.3.5_1,Vatovavy Fitovinany,MDG.3.5.6_1,Vohipeno,FALSE,7.7973138733075915,TRUE,MDG.3.5_1,MDG.3.5.6_1,FALSE
2016,111,-22.3143215144,47.8118785791,MDG.3_1,Fianarantsoa,MDG.3.5_1,Vatovavy Fitovinany,MDG.3.5.6_1,Vohipeno,FALSE,7.195382073593869,TRUE,MDG.3.5_1,MDG.3.5.6_1,FALSE
2016,112,-22.2986099501,47.7170808597,MDG.3_1,Fianarantsoa,MDG.3.5_1,Vatovavy Fitovinany,MDG.3.5.6_1,Vohipeno,FALSE,5.1831926602366085,TRUE,MDG.3.5_1,MDG.3.5.6_1,FALSE
2016,113,-22.3555184001,47.5981078859,MDG.3_1,Fianarantsoa,MDG.3.5_1,Vatovavy Fitovinany,MDG.3.5.6_1,Vohipeno,FALSE,8.83667376387134,TRUE,MDG.3.5_1,MDG.3.5.6_1,FALSE
2016,114,-22.2728527723,47.5089489319,MDG.3_1,Fianarantsoa,MDG.3.5_1,Vatovavy Fitovinany,MDG.3.5.6_1,Vohipeno,FALSE,1.1973170548770984,TRUE,MDG.3.5_1,MDG.3.5.6_1,TRUE
2016,115,-22.4048203107,46.1297849943,MDG.3_1,Fianarantsoa,MDG.3.4_1,Ihorombe,MDG.3.4.2_1,Ihosy,FALSE,34.028895674865844,FALSE,MDG.3.4_1,MDG.3.4.2_1,FALSE
2016,116,-22.4003329177,46.1253220869,MDG.3_1,Fianarantsoa,MDG.3.4_1,Ihorombe,MDG.3.4.2_1,Ihosy,FALSE,34.27122887660529,FALSE,MDG.3.4_1,MDG.3.4.2_1,FALSE
2016,117,-22.3816650097,46.2719665066,MDG.3_1,Fianarantsoa,MDG.3.4_1,Ihorombe,MDG.3.4.2_1,Ihosy,FALSE,29.03984011987375,TRUE,MDG.3.4_1,MDG.3.4.2_1,FALSE
2016,118,-22.2111497593,46.0868002365,MDG.3_1,Fianarantsoa,MDG.3.4_1,Ihorombe,MDG.3.4.2_1,Ihosy,FALSE,39.85743313539509,TRUE,MDG.3.4_1,MDG.3.4.2_1,FALSE
2016,119,-22.6389858456,45.893217362,MDG.3_1,Fianarantsoa,MDG.3.4_1,Ihorombe,MDG.3.4.2_1,Ihosy,FALSE,4.262654388869211,TRUE,MDG.3.4_1,MDG.3.4.2_1,TRUE
2016,120,-22.3616235364,46.5489362052,MDG.3_1,Fianarantsoa,MDG.3.4_1,Ihorombe,MDG.3.4.2_1,Ihosy,FALSE,1.816578218781888,TRUE,MDG.3.4_1,MDG.3.4.2_1,TRUE
2016,121,-22.396358823,45.5021327144,MDG.3_1,Fianarantsoa,MDG.3.4_1,Ihorombe,MDG.3.4.2_1,Ihosy,FALSE,27.823617307279182,TRUE,MDG.3.4_1,MDG.3.4.2_1,FALSE
2016,122,-22.5969375517,45.4002127346,MDG.3_1,Fianarantsoa,MDG.3.4_1,Ihorombe,MDG.3.4.2_1,Ihosy,FALSE,25.542506138784226,FALSE,MDG.3.4_1,MDG.3.4.2_1,FALSE
2016,123,-22.6716834764,45.2306233904,MDG.3_1,Fianarantsoa,MDG.3.4_1,Ihorombe,MDG.3.4.2_1,Ihosy,FALSE,17.27391873436261,FALSE,MDG.3.4_1,MDG.3.4.2_1,FALSE
2016,124,-22.8556431277,45.0459946215,MDG.3_1,Fianarantsoa,MDG.3.4_1,Ihorombe,MDG.3.4.2_1,Ihosy,FALSE,3.809658438345948,TRUE,MDG.3.4_1,MDG.3.4.2_1,TRUE
2016,125,-22.4861914481,46.9132792697,MDG.3_1,Fianarantsoa,MDG.3.4_1,Ihorombe,MDG.3.4.3_1,Ivohibe,FALSE,19.609399296012352,FALSE,MDG.3.4_1,MDG.3.4.3_1,FALSE
2016,129,-22.7929220071,46.6157727267,MDG.3_1,Fianarantsoa,MDG.3.4_1,Ihorombe,MDG.3.4.1_1,Iakora,FALSE,11.637721438411981,TRUE,MDG.3.4_1,MDG.3.4.1_1,FALSE
2016,131,-22.8270930621,47.8236520846,MDG.3_1,Fianarantsoa,MDG.3.2_1,Atsimo-Atsinana,MDG.3.2.2_1,Farafangana,FALSE,1.4359755269832073,FALSE,MDG.3.2_1,MDG.3.2.2_1,TRUE
2016,132,-22.8280091778,47.8315879581,MDG.3_1,Fianarantsoa,MDG.3.2_1,Atsimo-Atsinana,MDG.3.2.2_1,Farafangana,FALSE,0.6274238370744182,FALSE,MDG.3.2_1,MDG.3.2.2_1,TRUE
2016,133,-22.7468785681,47.8061082895,MDG.3_1,Fianarantsoa,MDG.3.2_1,Atsimo-Atsinana,MDG.3.2.2_1,Farafangana,FALSE,4.984524228472955,FALSE,MDG.3.2_1,MDG.3.2.2_1,TRUE
2016,134,-22.903284427,47.6637939648,MDG.3_1,Fianarantsoa,MDG.3.2_1,Atsimo-Atsinana,MDG.3.2.2_1,Farafangana,FALSE,15.853258064654254,FALSE,MDG.3.2_1,MDG.3.2.2_1,FALSE
2016,135,-22.7920350424,47.4924311652,MDG.3_1,Fianarantsoa,MDG.3.2_1,Atsimo-Atsinana,MDG.3.2.5_1,Vondrozo,FALSE,1.5241494124157733,TRUE,MDG.3.2_1,MDG.3.2.5_1,TRUE
2016,136,-23.1643679346,47.5991760012,MDG.3_1,Fianarantsoa,MDG.3.2_1,Atsimo-Atsinana,MDG.3.2.4_1,Vangaindrano,FALSE,0.8299869040625635,TRUE,MDG.3.2_1,MDG.3.2.4_1,TRUE
2016,137,-23.0050631029,47.5721191431,MDG.3_1,Fianarantsoa,MDG.3.2_1,Atsimo-Atsinana,MDG.3.2.2_1,Farafangana,FALSE,12.13240973347772,TRUE,MDG.3.2_1,MDG.3.2.2_1,FALSE
2016,138,-23.3466733465,47.6055023753,MDG.3_1,Fianarantsoa,MDG.3.2_1,Atsimo-Atsinana,MDG.3.2.4_1,Vangaindrano,FALSE,8.631935618121636,FALSE,MDG.3.2_1,MDG.3.2.4_1,FALSE
2016,139,-23.3025978169,47.6242518215,MDG.3_1,Fianarantsoa,MDG.3.2_1,Atsimo-Atsinana,MDG.3.2.4_1,Vangaindrano,FALSE,8.128990012596523,TRUE,MDG.3.2_1,MDG.3.2.4_1,FALSE
2016,140,-23.3398119289,47.4478067111,MDG.3_1,Fianarantsoa,MDG.3.2_1,Atsimo-Atsinana,MDG.3.2.4_1,Vangaindrano,FALSE,22.930325320002684,TRUE,MDG.3.2_1,MDG.3.2.4_1,FALSE
2016,141,-23.4299978429,47.2991938318,MDG.3_1,Fianarantsoa,MDG.3.2_1,Atsimo-Atsinana,MDG.3.2.4_1,Vangaindrano,FALSE,11.715086877634887,FALSE,MDG.3.2_1,MDG.3.2.4_1,FALSE
2016,142,-23.8119764413,47.5334139033,MDG.3_1,Fianarantsoa,MDG.3.2_1,Atsimo-Atsinana,MDG.3.2.4_1,Vangaindrano,FALSE,4.213293577189802,TRUE,MDG.3.2_1,MDG.3.2.4_1,TRUE
2016,144,-22.8299105276,47.3161786974,MDG.3_1,Fianarantsoa,MDG.3.2_1,Atsimo-Atsinana,MDG.3.2.5_1,Vondrozo,FALSE,10.689857028416677,FALSE,MDG.3.2_1,MDG.3.2.5_1,FALSE
2016,145,-22.6658936967,47.4139590598,MDG.3_1,Fianarantsoa,MDG.3.2_1,Atsimo-Atsinana,MDG.3.2.5_1,Vondrozo,FALSE,5.469589469552276,TRUE,MDG.3.2_1,MDG.3.2.5_1,FALSE
2016,146,-22.3325800881,47.3883661894,MDG.3_1,Fianarantsoa,MDG.3.2_1,Atsimo-Atsinana,MDG.3.2.5_1,Vondrozo,FALSE,1.5417953794271826,TRUE,MDG.3.2_1,MDG.3.2.5_1,TRUE
2016,148,-18.1545987882,49.4115755851,MDG.5_1,Toamasina,MDG.5.3_1,Atsinanana,MDG.5.3.5_1,Toamasina Rural,FALSE,0.6742159879839691,FALSE,MDG.5.3_1,MDG.5.3.5_1,TRUE
2016,149,-18.1662539775,49.3900254817,MDG.5_1,Toamasina,MDG.5.3_1,Atsinanana,MDG.5.3.5_1,Toamasina Rural,FALSE,1.3714201487212803,FALSE,MDG.5.3_1,MDG.5.3.5_1,TRUE
2016,150,-18.1390555223,49.3913659382,MDG.5_1,Toamasina,MDG.5.3_1,Atsinanana,MDG.5.3.5_1,Toamasina Rural,FALSE,2.289754292205408,FALSE,MDG.5.3_1,MDG.5.3.5_1,TRUE
2016,151,-18.86398842,49.0666748714,MDG.5_1,Toamasina,MDG.5.3_1,Atsinanana,MDG.5.3.1_1,Ampasimanolotra,FALSE,7.945754331862753,TRUE,MDG.5.3_1,MDG.5.3.1_1,FALSE
2016,152,-18.644129148,48.961430349,MDG.5_1,Toamasina,MDG.5.3_1,Atsinanana,MDG.5.3.1_1,Ampasimanolotra,FALSE,26.66028257004677,TRUE,MDG.5.3_1,MDG.5.3.1_1,FALSE
2016,153,-18.4601843186,49.1134519399,MDG.5_1,Toamasina,MDG.5.3_1,Atsinanana,MDG.5.3.1_1,Ampasimanolotra,FALSE,4.822620341526293,TRUE,MDG.5.3_1,MDG.5.3.1_1,TRUE
2016,154,-18.3272102949,48.9907048573,MDG.5_1,Toamasina,MDG.5.3_1,Atsinanana,MDG.5.3.5_1,Toamasina Rural,FALSE,0.0518589637201861,FALSE,MDG.5.3_1,MDG.5.3.5_1,TRUE
2016,155,-19.5643725752,48.8528449707,MDG.5_1,Toamasina,MDG.5.3_1,Atsinanana,MDG.5.3.6_1,Vatomandry,FALSE,2.9320273355177418,FALSE,MDG.5.3_1,MDG.5.3.6_1,TRUE
2016,156,-19.9462210424,48.6879081759,MDG.5_1,Toamasina,MDG.5.3_1,Atsinanana,MDG.5.3.3_1,Mahanoro,FALSE,9.49758889237627,TRUE,MDG.5.3_1,MDG.5.3.3_1,FALSE
2016,157,-20.2021485323,48.5069003638,MDG.5_1,Toamasina,MDG.5.3_1,Atsinanana,MDG.5.3.3_1,Mahanoro,FALSE,15.558966021448951,TRUE,MDG.5.3_1,MDG.5.3.3_1,FALSE
2016,158,-20.2506525719,48.3077650446,MDG.5_1,Toamasina,MDG.5.3_1,Atsinanana,MDG.5.3.3_1,Mahanoro,FALSE,5.1157362189826445,TRUE,MDG.5.3_1,MDG.5.3.3_1,FALSE
2016,159,-20.0979138499,47.8752652615,MDG.5_1,Toamasina,MDG.5.3_1,Atsinanana,MDG.5.3.4_1,Marolambo,FALSE,13.86279197469843,TRUE,MDG.5.3_1,MDG.5.3.4_1,FALSE
2016,160,-18.252824551,49.2678057499,MDG.5_1,Toamasina,MDG.5.3_1,Atsinanana,MDG.5.3.5_1,Toamasina Rural,FALSE,10.437249852944507,TRUE,MDG.5.3_1,MDG.5.3.5_1,FALSE
2016,161,-17.6944084307,49.4748038479,MDG.5_1,Toamasina,MDG.5.3_1,Atsinanana,MDG.5.3.5_1,Toamasina Rural,FALSE,3.9475222047686405,FALSE,MDG.5.3_1,MDG.5.3.5_1,TRUE
2016,162,-17.6000197453,49.2861916573,MDG.5_1,Toamasina,MDG.5.3_1,Atsinanana,MDG.5.3.5_1,Toamasina Rural,FALSE,2.298356255596161,TRUE,MDG.5.3_1,MDG.5.3.5_1,TRUE
2016,163,-17.7729091556,49.0708448944,MDG.5_1,Toamasina,MDG.5.3_1,Atsinanana,MDG.5.3.5_1,Toamasina Rural,FALSE,2.7034428449050867,FALSE,MDG.5.3_1,MDG.5.3.5_1,TRUE
2016,165,-19.5730967989,48.5175896562,MDG.5_1,Toamasina,MDG.5.3_1,Atsinanana,MDG.5.3.2_1,Antanambao manampotsy,FALSE,10.987961432713098,TRUE,MDG.5.3_1,MDG.5.3.2_1,FALSE
2016,166,-17.032416819,49.8312989835,MDG.5_1,Toamasina,MDG.5.2_1,Analanjirofo,MDG.5.2.4_1,Nosy-Boraha (St. Marie),FALSE,0.10105887009260144,FALSE,MDG.5.2_1,MDG.5.2.4_1,TRUE
2016,167,-15.439319786,49.750118533,MDG.5_1,Toamasina,MDG.5.2_1,Analanjirofo,MDG.5.2.3_1,Maroansetra,FALSE,0.8228141048965095,FALSE,MDG.5.2_1,MDG.5.2.3_1,TRUE
2016,168,-15.3194057888,49.8125070132,MDG.5_1,Toamasina,MDG.5.2_1,Analanjirofo,MDG.5.2.3_1,Maroansetra,FALSE,10.49332980351656,FALSE,MDG.5.2_1,MDG.5.2.3_1,FALSE
2016,169,-15.4851928848,49.6355968552,MDG.5_1,Toamasina,MDG.5.2_1,Analanjirofo,MDG.5.2.3_1,Maroansetra,FALSE,2.3754370466155694,FALSE,MDG.5.2_1,MDG.5.2.3_1,TRUE
2016,170,-16.1525275929,49.6989807062,MDG.5_1,Toamasina,MDG.5.2_1,Analanjirofo,MDG.5.2.2_1,Mananara,FALSE,2.7354545412874005,TRUE,MDG.5.2_1,MDG.5.2.2_1,TRUE
2016,171,-16.3721928598,49.7996364197,MDG.5_1,Toamasina,MDG.5.2_1,Analanjirofo,MDG.5.2.2_1,Mananara,FALSE,2.1381043297154276,FALSE,MDG.5.2_1,MDG.5.2.2_1,TRUE
2016,172,-17.3806627543,49.40468712,MDG.5_1,Toamasina,MDG.5.2_1,Analanjirofo,MDG.5.2.1_1,Fenoarivo Atsinanana,FALSE,1.0605725441250873,FALSE,MDG.5.2_1,MDG.5.2.1_1,TRUE
2016,173,-17.3920817864,49.4093065163,MDG.5_1,Toamasina,MDG.5.2_1,Analanjirofo,MDG.5.2.1_1,Fenoarivo Atsinanana,FALSE,1.3245210363018625,FALSE,MDG.5.2_1,MDG.5.2.1_1,TRUE
2016,174,-17.3636439979,49.3376394152,MDG.5_1,Toamasina,MDG.5.2_1,Analanjirofo,MDG.5.2.1_1,Fenoarivo Atsinanana,FALSE,1.06440976526217,TRUE,MDG.5.2_1,MDG.5.2.1_1,TRUE
2016,175,-17.1894878754,49.3803608617,MDG.5_1,Toamasina,MDG.5.2_1,Analanjirofo,MDG.5.2.1_1,Fenoarivo Atsinanana,FALSE,8.873176623876379,FALSE,MDG.5.2_1,MDG.5.2.1_1,FALSE
2016,176,-17.0208470147,48.8668577226,MDG.5_1,Toamasina,MDG.5.2_1,Analanjirofo,MDG.5.2.1_1,Fenoarivo Atsinanana,FALSE,5.149909298521671,TRUE,MDG.5.2_1,MDG.5.2.1_1,FALSE
2016,177,-17.1680303263,49.1831607532,MDG.5_1,Toamasina,MDG.5.2_1,Analanjirofo,MDG.5.2.1_1,Fenoarivo Atsinanana,FALSE,8.251902663712581,FALSE,MDG.5.2_1,MDG.5.2.1_1,FALSE
2016,178,-17.4649708005,49.1911906892,MDG.5_1,Toamasina,MDG.5.2_1,Analanjirofo,MDG.5.2.6_1,Vavatenina,FALSE,7.738632935101411,TRUE,MDG.5.2_1,MDG.5.2.6_1,FALSE
2016,179,-17.5186820088,49.2245075379,MDG.5_1,Toamasina,MDG.5.2_1,Analanjirofo,MDG.5.2.6_1,Vavatenina,FALSE,6.942563512515535,TRUE,MDG.5.2_1,MDG.5.2.6_1,FALSE
2016,180,-17.5564157217,49.2739356264,MDG.5_1,Toamasina,MDG.5.2_1,Analanjirofo,MDG.5.2.6_1,Vavatenina,FALSE,0.7269073169745226,TRUE,MDG.5.2_1,MDG.5.2.6_1,TRUE
2016,181,-17.37814617,49.3413468187,MDG.5_1,Toamasina,MDG.5.2_1,Analanjirofo,MDG.5.2.1_1,Fenoarivo Atsinanana,FALSE,1.6920250288880712,FALSE,MDG.5.2_1,MDG.5.2.1_1,TRUE
2016,182,-17.3119830837,49.0944434343,MDG.5_1,Toamasina,MDG.5.2_1,Analanjirofo,MDG.5.2.6_1,Vavatenina,FALSE,5.046264863468059,TRUE,MDG.5.2_1,MDG.5.2.6_1,FALSE
2016,183,-17.3449204761,49.0858609308,MDG.5_1,Toamasina,MDG.5.2_1,Analanjirofo,MDG.5.2.6_1,Vavatenina,FALSE,8.080997108976664,TRUE,MDG.5.2_1,MDG.5.2.6_1,FALSE
2016,184,-17.6475918562,49.1597312974,MDG.5_1,Toamasina,MDG.5.2_1,Analanjirofo,MDG.5.2.6_1,Vavatenina,FALSE,6.558115558265321,TRUE,MDG.5.2_1,MDG.5.2.6_1,FALSE
2016,185,-17.3948782011,49.0050734236,MDG.5_1,Toamasina,MDG.5.2_1,Analanjirofo,MDG.5.2.6_1,Vavatenina,FALSE,17.42726269660549,TRUE,MDG.5.2_1,MDG.5.2.6_1,FALSE
2016,186,-16.9411152926,49.5748279209,MDG.5_1,Toamasina,MDG.5.2_1,Analanjirofo,MDG.5.2.5_1,Soanierana-Ivongo,FALSE,1.1603243320502683,TRUE,MDG.5.2_1,MDG.5.2.5_1,TRUE
2016,187,-16.9085504715,49.5238162913,MDG.5_1,Toamasina,MDG.5.2_1,Analanjirofo,MDG.5.2.5_1,Soanierana-Ivongo,FALSE,4.731994258506452,TRUE,MDG.5.2_1,MDG.5.2.5_1,TRUE
2016,188,-16.8529576561,49.5988753502,MDG.5_1,Toamasina,MDG.5.2_1,Analanjirofo,MDG.5.2.5_1,Soanierana-Ivongo,FALSE,4.7879195284707565,TRUE,MDG.5.2_1,MDG.5.2.5_1,TRUE
2016,189,-16.9491266337,49.3032413075,MDG.5_1,Toamasina,MDG.5.2_1,Analanjirofo,MDG.5.2.5_1,Soanierana-Ivongo,FALSE,2.83254695935902,FALSE,MDG.5.2_1,MDG.5.2.5_1,TRUE
2016,190,-16.7607434024,49.5282341808,MDG.5_1,Toamasina,MDG.5.2_1,Analanjirofo,MDG.5.2.5_1,Soanierana-Ivongo,FALSE,17.46308519313765,TRUE,MDG.5.2_1,MDG.5.2.5_1,FALSE
2016,191,-16.700665766,49.6877793239,MDG.5_1,Toamasina,MDG.5.2_1,Analanjirofo,MDG.5.2.5_1,Soanierana-Ivongo,FALSE,3.8286507221323616,TRUE,MDG.5.2_1,MDG.5.2.5_1,TRUE
2016,193,-17.5918316455,48.2138536999,MDG.5_1,Toamasina,MDG.5.1_1,Alaotra-Mangoro,MDG.5.1.2_1,Amparafaravola,FALSE,18.297238673492004,FALSE,MDG.5.1_1,MDG.5.1.2_1,FALSE
2016,194,-17.4231540043,48.322790154,MDG.5_1,Toamasina,MDG.5.1_1,Alaotra-Mangoro,MDG.5.1.2_1,Amparafaravola,FALSE,19.97868859766667,FALSE,MDG.5.1_1,MDG.5.1.2_1,FALSE
2016,195,-17.8705387571,48.1450221643,MDG.5_1,Toamasina,MDG.5.1_1,Alaotra-Mangoro,MDG.5.1.2_1,Amparafaravola,FALSE,1.5333739093171077,TRUE,MDG.5.1_1,MDG.5.1.2_1,TRUE
2016,196,-17.2670249313,48.5103135263,MDG.5_1,Toamasina,MDG.5.1_1,Alaotra-Mangoro,MDG.5.1.2_1,Amparafaravola,FALSE,4.222505618758689,FALSE,MDG.5.1_1,MDG.5.1.2_1,TRUE
2016,197,-17.8209638189,48.4061383061,MDG.5_1,Toamasina,MDG.5.1_1,Alaotra-Mangoro,MDG.5.1.1_1,Ambatondrazaka,FALSE,10.045605199566246,FALSE,MDG.5.1_1,MDG.5.1.1_1,FALSE
2016,198,-17.8419107245,48.4201797401,MDG.5_1,Toamasina,MDG.5.1_1,Alaotra-Mangoro,MDG.5.1.1_1,Ambatondrazaka,FALSE,12.798274791677807,FALSE,MDG.5.1_1,MDG.5.1.1_1,FALSE
2016,199,-17.7636901825,48.3153935208,MDG.5_1,Toamasina,MDG.5.1_1,Alaotra-Mangoro,MDG.5.1.1_1,Ambatondrazaka,FALSE,1.7037490338332892,TRUE,MDG.5.1_1,MDG.5.1.1_1,TRUE
2016,200,-17.8603881211,48.2800774656,MDG.5_1,Toamasina,MDG.5.1_1,Alaotra-Mangoro,MDG.5.1.1_1,Ambatondrazaka,FALSE,7.8763194160297445,TRUE,MDG.5.1_1,MDG.5.1.1_1,FALSE
2016,201,-17.9923037431,48.4474038402,MDG.5_1,Toamasina,MDG.5.1_1,Alaotra-Mangoro,MDG.5.1.1_1,Ambatondrazaka,FALSE,19.003406069076128,FALSE,MDG.5.1_1,MDG.5.1.1_1,FALSE
2016,202,-17.9945775152,48.0737313657,MDG.5_1,Toamasina,MDG.5.1_1,Alaotra-Mangoro,MDG.5.1.1_1,Ambatondrazaka,FALSE,9.00468535263708,TRUE,MDG.5.1_1,MDG.5.1.1_1,FALSE
2016,203,-18.9321204458,48.2221762651,MDG.5_1,Toamasina,MDG.5.1_1,Alaotra-Mangoro,MDG.5.1.5_1,Moramanga,FALSE,28.868073674264764,FALSE,MDG.5.1_1,MDG.5.1.5_1,FALSE
2016,204,-19.0242780926,48.0242487433,MDG.5_1,Toamasina,MDG.5.1_1,Alaotra-Mangoro,MDG.5.1.5_1,Moramanga,FALSE,9.474780115642568,TRUE,MDG.5.1_1,MDG.5.1.5_1,FALSE
2016,205,-19.0669695134,48.3660750575,MDG.5_1,Toamasina,MDG.5.1_1,Alaotra-Mangoro,MDG.5.1.5_1,Moramanga,FALSE,17.213121202279144,FALSE,MDG.5.1_1,MDG.5.1.5_1,FALSE
2016,206,-19.0443904332,48.0820959681,MDG.5_1,Toamasina,MDG.5.1_1,Alaotra-Mangoro,MDG.5.1.5_1,Moramanga,FALSE,15.957138548649148,TRUE,MDG.5.1_1,MDG.5.1.5_1,FALSE
2016,207,-16.9147592436,48.492908318,MDG.5_1,Toamasina,MDG.5.1_1,Alaotra-Mangoro,MDG.5.1.3_1,Andilamena,FALSE,24.349183265695597,TRUE,MDG.5.1_1,MDG.5.1.3_1,FALSE
2016,208,-19.3915751879,48.3117613529,MDG.5_1,Toamasina,MDG.5.1_1,Alaotra-Mangoro,MDG.5.1.4_1,Anosibe,FALSE,6.408366569173642,TRUE,MDG.5.1_1,MDG.5.1.4_1,FALSE
2016,209,-15.7073220737,46.3152511946,MDG.4_1,Mahajanga,MDG.4.2_1,Boeny,MDG.4.2.3_1,Mahajanga Urban,FALSE,0.7508284398270733,FALSE,MDG.4.2_1,MDG.4.2.3_1,TRUE
2016,210,-15.7038390889,46.3200704587,MDG.4_1,Mahajanga,MDG.4.2_1,Boeny,MDG.4.2.3_1,Mahajanga Urban,FALSE,0.7286648028220132,FALSE,MDG.4.2_1,MDG.4.2.3_1,TRUE
2016,211,-15.6714947038,46.3356557615,MDG.4_1,Mahajanga,MDG.4.2_1,Boeny,MDG.4.2.3_1,Mahajanga Urban,FALSE,1.3231114349438318,FALSE,MDG.4.2_1,MDG.4.2.3_1,TRUE
2016,212,-15.7189262629,46.3180738308,MDG.4_1,Mahajanga,MDG.4.2_1,Boeny,MDG.4.2.3_1,Mahajanga Urban,FALSE,0.8037862152677154,FALSE,MDG.4.2_1,MDG.4.2.3_1,TRUE
2016,213,-15.72589089,46.35659218,MDG.4_1,Mahajanga,MDG.4.2_1,Boeny,MDG.4.2.3_1,Mahajanga Urban,FALSE,0.35091233828811597,FALSE,MDG.4.2_1,MDG.4.2.3_1,TRUE
2016,215,-16.4729550806,46.8683016108,MDG.4_1,Mahajanga,MDG.4.2_1,Boeny,MDG.4.2.1_1,Ambato-Boina,FALSE,15.368286018371158,TRUE,MDG.4.2_1,MDG.4.2.1_1,FALSE
2016,216,-16.482817270400002,46.4861443367,MDG.4_1,Mahajanga,MDG.4.2_1,Boeny,MDG.4.2.1_1,Ambato-Boina,FALSE,9.992135079620326,TRUE,MDG.4.2_1,MDG.4.2.1_1,FALSE
2016,218,-16.6268840935,46.1139211743,MDG.4_1,Mahajanga,MDG.4.2_1,Boeny,MDG.4.2.1_1,Ambato-Boina,FALSE,6.630560238860246,TRUE,MDG.4.2_1,MDG.4.2.1_1,FALSE
2016,219,-16.094854903,46.6451871877,MDG.4_1,Mahajanga,MDG.4.2_1,Boeny,MDG.4.2.4_1,Marovoay,FALSE,17.75373271901449,FALSE,MDG.4.2_1,MDG.4.2.4_1,FALSE
2016,220,-16.1722497034,46.772968504,MDG.4_1,Mahajanga,MDG.4.2_1,Boeny,MDG.4.2.4_1,Marovoay,FALSE,17.43645629691552,FALSE,MDG.4.2_1,MDG.4.2.4_1,FALSE
2016,221,-16.1616083831,46.513247623,MDG.4_1,Mahajanga,MDG.4.2_1,Boeny,MDG.4.2.4_1,Marovoay,FALSE,17.1578634489896,TRUE,MDG.4.2_1,MDG.4.2.4_1,FALSE
2016,222,-16.1356059678,45.6986335563,MDG.4_1,Mahajanga,MDG.4.2_1,Boeny,MDG.4.2.5_1,Mitsinjo,FALSE,9.776172778156722,FALSE,MDG.4.2_1,MDG.4.2.5_1,FALSE
2016,223,-15.5975998562,46.4325550964,MDG.4_1,Mahajanga,MDG.4.2_1,Boeny,MDG.4.2.2_1,Mahajanga Rural,FALSE,0.6976789617548724,TRUE,MDG.4.2_1,MDG.4.2.2_1,TRUE
2016,224,-15.7046890155,46.869873213299996,MDG.4_1,Mahajanga,MDG.4.2_1,Boeny,MDG.4.2.2_1,Mahajanga Rural,FALSE,10.347591394057357,TRUE,MDG.4.2_1,MDG.4.2.2_1,FALSE
2016,225,-15.8210096624,47.6029734174,MDG.4_1,Mahajanga,MDG.4.4_1,Sofia,MDG.4.4.7_1,Port Bergé,FALSE,0.23179581198980825,FALSE,MDG.4.4_1,MDG.4.4.7_1,TRUE
2016,226,-15.6595897729,47.1977681009,MDG.4_1,Mahajanga,MDG.4.4_1,Sofia,MDG.4.4.7_1,Port Bergé,FALSE,7.578010195303992,TRUE,MDG.4.4_1,MDG.4.4.7_1,FALSE
2016,227,-15.8588189409,48.8240447142,MDG.4_1,Mahajanga,MDG.4.4_1,Sofia,MDG.4.4.6_1,Mandritsara,FALSE,25.85647653249364,FALSE,MDG.4.4_1,MDG.4.4.6_1,FALSE
2016,228,-15.7973780895,48.7968235768,MDG.4_1,Mahajanga,MDG.4.4_1,Sofia,MDG.4.4.6_1,Mandritsara,FALSE,26.734316383077985,FALSE,MDG.4.4_1,MDG.4.4.6_1,FALSE
2016,229,-15.753097247,48.4677391458,MDG.4_1,Mahajanga,MDG.4.4_1,Sofia,MDG.4.4.6_1,Mandritsara,FALSE,11.960686002785419,TRUE,MDG.4.4_1,MDG.4.4.6_1,FALSE
2016,230,-16.4079155531,48.7915315947,MDG.4_1,Mahajanga,MDG.4.4_1,Sofia,MDG.4.4.6_1,Mandritsara,FALSE,19.912584940854057,FALSE,MDG.4.4_1,MDG.4.4.6_1,FALSE
2016,231,-14.516520789,48.047667687,MDG.4_1,Mahajanga,MDG.4.4_1,Sofia,MDG.4.4.1_1,Analalava,FALSE,0.5748898748846696,TRUE,MDG.4.4_1,MDG.4.4.1_1,TRUE
2016,232,-14.0808488022,48.1600438567,MDG.4_1,Mahajanga,MDG.4.4_1,Sofia,MDG.4.4.1_1,Analalava,FALSE,9.943973714915119,TRUE,MDG.4.4_1,MDG.4.4.1_1,FALSE
2016,233,-15.0862537823,48.3867115892,MDG.4_1,Mahajanga,MDG.4.4_1,Sofia,MDG.4.4.4_1,Befandriana-Nord,FALSE,6.205579004570643,TRUE,MDG.4.4_1,MDG.4.4.4_1,FALSE
2016,234,-15.2472648611,48.7651148963,MDG.4_1,Mahajanga,MDG.4.4_1,Sofia,MDG.4.4.4_1,Befandriana-Nord,FALSE,16.71355847204397,FALSE,MDG.4.4_1,MDG.4.4.4_1,FALSE
2016,235,-15.0846055161,49.2818241038,MDG.4_1,Mahajanga,MDG.4.4_1,Sofia,MDG.4.4.4_1,Befandriana-Nord,FALSE,7.819527060939563,FALSE,MDG.4.4_1,MDG.4.4.4_1,FALSE
2016,236,-14.8702544728,48.0062563596,MDG.4_1,Mahajanga,MDG.4.4_1,Sofia,MDG.4.4.2_1,Antsihihy,FALSE,7.831495268200073,FALSE,MDG.4.4_1,MDG.4.4.2_1,FALSE
2016,237,-14.651732932,48.2862628983,MDG.4_1,Mahajanga,MDG.4.4_1,Sofia,MDG.4.4.2_1,Antsihihy,FALSE,4.273103369779314,TRUE,MDG.4.4_1,MDG.4.4.2_1,TRUE
2016,238,-14.6186477044,48.9202914633,MDG.4_1,Mahajanga,MDG.4.4_1,Sofia,MDG.4.4.3_1,Bealanana,FALSE,22.893288572859547,TRUE,MDG.4.4_1,MDG.4.4.3_1,FALSE
2016,239,-14.6448282875,48.9410245794,MDG.4_1,Mahajanga,MDG.4.4_1,Sofia,MDG.4.4.3_1,Bealanana,FALSE,19.316650772657447,TRUE,MDG.4.4_1,MDG.4.4.3_1,FALSE
2016,240,-16.2428496264,47.2905230931,MDG.4_1,Mahajanga,MDG.4.4_1,Sofia,MDG.4.4.5_1,Mampikony,FALSE,0.7570444586062227,FALSE,MDG.4.4_1,MDG.4.4.5_1,TRUE
2016,241,-16.9570257644,46.8230258174,MDG.4_1,Mahajanga,MDG.4.1_1,Betsiboka,MDG.4.1.2_1,Maevatanana,FALSE,22.041847182443025,FALSE,MDG.4.1_1,MDG.4.1.2_1,FALSE
2016,242,-16.949773927,46.8465599598,MDG.4_1,Mahajanga,MDG.4.1_1,Betsiboka,MDG.4.1.2_1,Maevatanana,FALSE,24.207056796271093,FALSE,MDG.4.1_1,MDG.4.1.2_1,FALSE
2016,243,-17.0997714201,46.781114905,MDG.4_1,Mahajanga,MDG.4.1_1,Betsiboka,MDG.4.1.2_1,Maevatanana,FALSE,24.865451636892534,FALSE,MDG.4.1_1,MDG.4.1.2_1,FALSE
2016,244,-17.1660713648,46.511921392,MDG.4_1,Mahajanga,MDG.4.1_1,Betsiboka,MDG.4.1.2_1,Maevatanana,FALSE,7.677100116115022,TRUE,MDG.4.1_1,MDG.4.1.2_1,FALSE
2016,245,-17.2173442685,46.8317839061,MDG.4_1,Mahajanga,MDG.4.1_1,Betsiboka,MDG.4.1.2_1,Maevatanana,FALSE,28.801961638313664,FALSE,MDG.4.1_1,MDG.4.1.2_1,FALSE
2016,246,-16.8226930089,46.9085889797,MDG.4_1,Mahajanga,MDG.4.1_1,Betsiboka,MDG.4.1.2_1,Maevatanana,FALSE,19.051201582214762,TRUE,MDG.4.1_1,MDG.4.1.2_1,FALSE
2016,247,-17.2647958456,46.437331703,MDG.4_1,Mahajanga,MDG.4.1_1,Betsiboka,MDG.4.1.2_1,Maevatanana,FALSE,14.552116630019054,TRUE,MDG.4.1_1,MDG.4.1.2_1,FALSE
2016,248,-17.7478750003,47.0292002464,MDG.4_1,Mahajanga,MDG.4.1_1,Betsiboka,MDG.4.1.2_1,Maevatanana,FALSE,8.424835575957475,TRUE,MDG.4.1_1,MDG.4.1.2_1,FALSE
2016,249,-16.8420780917,46.840502701,MDG.4_1,Mahajanga,MDG.4.1_1,Betsiboka,MDG.4.1.2_1,Maevatanana,FALSE,20.117728915373213,TRUE,MDG.4.1_1,MDG.4.1.2_1,FALSE
2016,250,-16.7281186477,47.5241668888,MDG.4_1,Mahajanga,MDG.4.1_1,Betsiboka,MDG.4.1.3_1,Tsaratanana,FALSE,21.02674102123922,TRUE,MDG.4.1_1,MDG.4.1.3_1,FALSE
2016,251,-16.9412531895,47.5846723464,MDG.4_1,Mahajanga,MDG.4.1_1,Betsiboka,MDG.4.1.3_1,Tsaratanana,FALSE,27.645160559581026,TRUE,MDG.4.1_1,MDG.4.1.3_1,FALSE
2016,252,-16.4396742536,47.3545634587,MDG.4_1,Mahajanga,MDG.4.1_1,Betsiboka,MDG.4.1.3_1,Tsaratanana,FALSE,5.698815779252291,TRUE,MDG.4.1_1,MDG.4.1.3_1,FALSE
2016,253,-17.4608092828,47.4972564778,MDG.4_1,Mahajanga,MDG.4.1_1,Betsiboka,MDG.4.1.3_1,Tsaratanana,FALSE,17.547679661842544,TRUE,MDG.4.1_1,MDG.4.1.3_1,FALSE
2016,254,-17.84594298,47.90425327,MDG.4_1,Mahajanga,MDG.4.1_1,Betsiboka,MDG.4.1.3_1,Tsaratanana,FALSE,0.5301290122273833,TRUE,MDG.4.1_1,MDG.4.1.3_1,TRUE
2016,255,-17.711856858,47.4305492511,MDG.4_1,Mahajanga,MDG.4.1_1,Betsiboka,MDG.4.1.3_1,Tsaratanana,FALSE,3.8399439834901092,TRUE,MDG.4.1_1,MDG.4.1.3_1,TRUE
2016,257,-16.7442736001,44.8286159713,MDG.4_1,Mahajanga,MDG.4.3_1,Melaky,MDG.4.3.3_1,Besalampy,FALSE,31.899511666448603,TRUE,MDG.4.3_1,MDG.4.3.3_1,FALSE
2016,258,-16.6200261365,44.6258669236,MDG.4_1,Mahajanga,MDG.4.3_1,Melaky,MDG.4.3.3_1,Besalampy,FALSE,18.73689408609374,TRUE,MDG.4.3_1,MDG.4.3.3_1,FALSE
2016,259,-16.3482454095,44.8872392456,MDG.4_1,Mahajanga,MDG.4.3_1,Melaky,MDG.4.3.3_1,Besalampy,FALSE,7.267943368288704,TRUE,MDG.4.3_1,MDG.4.3.3_1,FALSE
2016,261,-17.7465531099,45.6791107179,MDG.4_1,Mahajanga,MDG.4.3_1,Melaky,MDG.4.3.1_1,Ambatomainty,FALSE,27.47415275080272,TRUE,MDG.4.3_1,MDG.4.3.1_1,FALSE
2016,262,-18.6758212838,44.6248632075,MDG.4_1,Mahajanga,MDG.4.3_1,Melaky,MDG.4.3.2_1,Antsalova,FALSE,29.363048290406674,FALSE,MDG.4.3_1,MDG.4.3.2_1,FALSE
2016,265,-18.041616612,44.0339164735,MDG.4_1,Mahajanga,MDG.4.3_1,Melaky,MDG.4.3.4_1,Maintirano,FALSE,2.08320991412403,FALSE,MDG.4.3_1,MDG.4.3.4_1,TRUE
2016,266,-18.0587080307,44.0266472963,MDG.4_1,Mahajanga,MDG.4.3_1,Melaky,MDG.4.3.4_1,Maintirano,FALSE,1.0439353447581372,FALSE,MDG.4.3_1,MDG.4.3.4_1,TRUE
2016,267,-18.1243606754,44.2099039191,MDG.4_1,Mahajanga,MDG.4.3_1,Melaky,MDG.4.3.4_1,Maintirano,FALSE,16.35912084118983,TRUE,MDG.4.3_1,MDG.4.3.4_1,FALSE
2016,268,-18.2887447603,44.216510111,MDG.4_1,Mahajanga,MDG.4.3_1,Melaky,MDG.4.3.4_1,Maintirano,FALSE,17.465526477871233,TRUE,MDG.4.3_1,MDG.4.3.4_1,FALSE
2016,269,-17.4899707857,43.9616418503,MDG.4_1,Mahajanga,MDG.4.3_1,Melaky,MDG.4.3.4_1,Maintirano,FALSE,2.3445512745491603,TRUE,MDG.4.3_1,MDG.4.3.4_1,TRUE
2016,270,-17.4869360012,44.3017424804,MDG.4_1,Mahajanga,MDG.4.3_1,Melaky,MDG.4.3.4_1,Maintirano,FALSE,26.381643125968946,TRUE,MDG.4.3_1,MDG.4.3.4_1,FALSE
2016,271,-17.341442061,44.1397620985,MDG.4_1,Mahajanga,MDG.4.3_1,Melaky,MDG.4.3.4_1,Maintirano,FALSE,10.664050222617677,TRUE,MDG.4.3_1,MDG.4.3.4_1,FALSE
2016,272,-17.9197371236,45.3019627893,MDG.4_1,Mahajanga,MDG.4.3_1,Melaky,MDG.4.3.5_1,Morafanobe,FALSE,5.540651347349671,TRUE,MDG.4.3_1,MDG.4.3.5_1,FALSE
2016,273,-23.3631341829,43.6815497034,MDG.6_1,Toliary,MDG.6.3_1,Atsimo-Andrefana,MDG.6.3.8_1,Toliary Urban,FALSE,0.98130369998517,FALSE,MDG.6.3_1,MDG.6.3.8_1,TRUE
2016,274,-23.3368259984,43.6675738316,MDG.6_1,Toliary,MDG.6.3_1,Atsimo-Andrefana,MDG.6.3.8_1,Toliary Urban,FALSE,1.9994846074939796,FALSE,MDG.6.3_1,MDG.6.3.8_1,TRUE
2016,275,-21.7120043016,45.1270977594,MDG.6_1,Toliary,MDG.6.3_1,Atsimo-Andrefana,MDG.6.3.4_1,Beroroha,FALSE,18.993822773121334,TRUE,MDG.6.3_1,MDG.6.3.4_1,FALSE
2016,276,-22.4719053732,44.3252220929,MDG.6_1,Toliary,MDG.6.3_1,Atsimo-Andrefana,MDG.6.3.2_1,Ankazoabo-Sud,FALSE,1.9411973954252182,TRUE,MDG.6.3_1,MDG.6.3.2_1,TRUE
2016,277,-23.9703398927,44.6076129334,MDG.6_1,Toliary,MDG.6.3_1,Atsimo-Andrefana,MDG.6.3.5_1,Betioky-Sud,FALSE,2.999407090143842,TRUE,MDG.6.3_1,MDG.6.3.5_1,TRUE
2016,278,-23.54903428,44.32347194,MDG.6_1,Toliary,MDG.6.3_1,Atsimo-Andrefana,MDG.6.3.5_1,Betioky-Sud,FALSE,17.669729583217393,FALSE,MDG.6.3_1,MDG.6.3.5_1,FALSE
2016,279,-23.5113609876,44.6930671921,MDG.6_1,Toliary,MDG.6.3_1,Atsimo-Andrefana,MDG.6.3.5_1,Betioky-Sud,FALSE,11.416776961428221,TRUE,MDG.6.3_1,MDG.6.3.5_1,FALSE
2016,280,-23.9738044483,44.1778436,MDG.6_1,Toliary,MDG.6.3_1,Atsimo-Andrefana,MDG.6.3.5_1,Betioky-Sud,FALSE,13.2529218028474,TRUE,MDG.6.3_1,MDG.6.3.5_1,FALSE
2016,281,-24.6652420365,44.7974081675,MDG.6_1,Toliary,MDG.6.3_1,Atsimo-Andrefana,MDG.6.3.1_1,Ampanihy,FALSE,21.881054578754163,TRUE,MDG.6.3_1,MDG.6.3.1_1,FALSE
2016,282,-24.411351477,44.8534832892,MDG.6_1,Toliary,MDG.6.3_1,Atsimo-Andrefana,MDG.6.3.1_1,Ampanihy,FALSE,20.196926972550255,TRUE,MDG.6.3_1,MDG.6.3.1_1,FALSE
2016,283,-24.4056464248,44.4668737261,MDG.6_1,Toliary,MDG.6.3_1,Atsimo-Andrefana,MDG.6.3.1_1,Ampanihy,FALSE,38.61222215331747,TRUE,MDG.6.3_1,MDG.6.3.1_1,FALSE
2016,284,-24.1863855577,44.8264916981,MDG.6_1,Toliary,MDG.6.3_1,Atsimo-Andrefana,MDG.6.3.1_1,Ampanihy,FALSE,24.539220874844347,TRUE,MDG.6.3_1,MDG.6.3.1_1,FALSE
2016,285,-25.1863296605,44.4581523539,MDG.6_1,Toliary,MDG.6.3_1,Atsimo-Andrefana,MDG.6.3.1_1,Ampanihy,FALSE,4.738570085265579,TRUE,MDG.6.3_1,MDG.6.3.1_1,TRUE
2016,286,-24.0455019978,44.9164553688,MDG.6_1,Toliary,MDG.6.3_1,Atsimo-Andrefana,MDG.6.3.1_1,Ampanihy,FALSE,8.974163360874549,TRUE,MDG.6.3_1,MDG.6.3.1_1,FALSE
2016,287,-24.7317618919,43.9881389567,MDG.6_1,Toliary,MDG.6.3_1,Atsimo-Andrefana,MDG.6.3.1_1,Ampanihy,FALSE,6.074253549464072,FALSE,MDG.6.3_1,MDG.6.3.1_1,FALSE
2016,288,-22.8669620087,44.438488494,MDG.6_1,Toliary,MDG.6.3_1,Atsimo-Andrefana,MDG.6.3.7_1,Sakaraha,FALSE,29.148714231199925,TRUE,MDG.6.3_1,MDG.6.3.7_1,FALSE
2016,289,-23.6563630345,43.6490282775,MDG.6_1,Toliary,MDG.6.3_1,Atsimo-Andrefana,MDG.6.3.5_1,Betioky-Sud,FALSE,0.07151153464158137,FALSE,MDG.6.3_1,MDG.6.3.5_1,TRUE
2016,290,-22.7932714229,43.6609344103,MDG.6_1,Toliary,MDG.6.3_1,Atsimo-Andrefana,MDG.6.3.9_1,Toliary,FALSE,1.4284325341328363,TRUE,MDG.6.3_1,MDG.6.3.9_1,TRUE
2016,291,-25.1248162663,44.9385219995,MDG.6_1,Toliary,MDG.6.1_1,Androy,MDG.6.1.3_1,Beloha,FALSE,23.492722491179787,TRUE,MDG.6.1_1,MDG.6.1.3_1,FALSE
2016,292,-25.2827377546,45.2023247271,MDG.6_1,Toliary,MDG.6.1_1,Androy,MDG.6.1.3_1,Beloha,FALSE,7.876015211997379,TRUE,MDG.6.1_1,MDG.6.1.3_1,FALSE
2016,293,-25.1372528869,45.387361313,MDG.6_1,Toliary,MDG.6.1_1,Androy,MDG.6.1.4_1,Tsiombe,FALSE,2.1562402821468183,TRUE,MDG.6.1_1,MDG.6.1.4_1,TRUE
2016,294,-25.4761671636,45.5419824337,MDG.6_1,Toliary,MDG.6.1_1,Androy,MDG.6.1.4_1,Tsiombe,FALSE,9.06041367765816,TRUE,MDG.6.1_1,MDG.6.1.4_1,FALSE
2016,295,-25.3093689792,45.7343961606,MDG.6_1,Toliary,MDG.6.1_1,Androy,MDG.6.1.4_1,Tsiombe,FALSE,3.6978287654506197,FALSE,MDG.6.1_1,MDG.6.1.4_1,TRUE
2016,296,-25.0613777446,46.0671432284,MDG.6_1,Toliary,MDG.6.1_1,Androy,MDG.6.1.1_1,Ambovombe-Androy,FALSE,10.927609246462975,FALSE,MDG.6.1_1,MDG.6.1.1_1,FALSE
2016,297,-25.1873639025,46.0891785032,MDG.6_1,Toliary,MDG.6.1_1,Androy,MDG.6.1.1_1,Ambovombe-Androy,FALSE,8.351866297637605,FALSE,MDG.6.1_1,MDG.6.1.1_1,FALSE
2016,298,-25.1773517771,46.0993113982,MDG.6_1,Toliary,MDG.6.1_1,Androy,MDG.6.1.1_1,Ambovombe-Androy,FALSE,9.006642071780353,FALSE,MDG.6.1_1,MDG.6.1.1_1,FALSE
2016,299,-25.2343458329,46.0856815308,MDG.6_1,Toliary,MDG.6.1_1,Androy,MDG.6.1.1_1,Ambovombe-Androy,FALSE,3.5494519622861485,FALSE,MDG.6.1_1,MDG.6.1.1_1,TRUE
2016,300,-25.2028678339,45.9423142259,MDG.6_1,Toliary,MDG.6.1_1,Androy,MDG.6.1.1_1,Ambovombe-Androy,FALSE,12.600595107145045,FALSE,MDG.6.1_1,MDG.6.1.1_1,FALSE
2016,301,-25.1621832965,46.205852642,MDG.6_1,Toliary,MDG.6.1_1,Androy,MDG.6.1.1_1,Ambovombe-Androy,FALSE,4.934174012682293,TRUE,MDG.6.1_1,MDG.6.1.1_1,TRUE
2016,302,-25.1716036248,45.8450628613,MDG.6_1,Toliary,MDG.6.1_1,Androy,MDG.6.1.1_1,Ambovombe-Androy,FALSE,10.580345946114313,FALSE,MDG.6.1_1,MDG.6.1.1_1,FALSE
2016,303,-24.8741186972,45.6899539834,MDG.6_1,Toliary,MDG.6.1_1,Androy,MDG.6.1.1_1,Ambovombe-Androy,FALSE,22.988998120465073,TRUE,MDG.6.1_1,MDG.6.1.1_1,FALSE
2016,304,-24.8582304629,45.6100501327,MDG.6_1,Toliary,MDG.6.1_1,Androy,MDG.6.1.1_1,Ambovombe-Androy,FALSE,22.556654080252233,TRUE,MDG.6.1_1,MDG.6.1.1_1,FALSE
2016,305,-24.2217680938,45.3188250421,MDG.6_1,Toliary,MDG.6.1_1,Androy,MDG.6.1.2_1,Bekily,FALSE,17.885142343068654,FALSE,MDG.6.1_1,MDG.6.1.2_1,FALSE
2016,306,-24.3423374816,45.1505455907,MDG.6_1,Toliary,MDG.6.1_1,Androy,MDG.6.1.2_1,Bekily,FALSE,9.348626252358903,FALSE,MDG.6.1_1,MDG.6.1.2_1,FALSE
2016,307,-24.3438998732,45.1994567831,MDG.6_1,Toliary,MDG.6.1_1,Androy,MDG.6.1.2_1,Bekily,FALSE,14.19888261534995,TRUE,MDG.6.1_1,MDG.6.1.2_1,FALSE
2016,308,-24.4922751673,45.3432888589,MDG.6_1,Toliary,MDG.6.1_1,Androy,MDG.6.1.2_1,Bekily,FALSE,18.074363564010888,FALSE,MDG.6.1_1,MDG.6.1.2_1,FALSE
2016,309,-24.5609557772,45.2962987448,MDG.6_1,Toliary,MDG.6.1_1,Androy,MDG.6.1.2_1,Bekily,FALSE,14.315530141864201,FALSE,MDG.6.1_1,MDG.6.1.2_1,FALSE
2016,310,-24.6320647931,45.3810725904,MDG.6_1,Toliary,MDG.6.1_1,Androy,MDG.6.1.2_1,Bekily,FALSE,7.208371553392706,FALSE,MDG.6.1_1,MDG.6.1.2_1,FALSE
2016,311,-25.02981799,46.9851565786,MDG.6_1,Toliary,MDG.6.2_1,Anosy,MDG.6.2.3_1,Taolagnaro,FALSE,0.5586427512372601,FALSE,MDG.6.2_1,MDG.6.2.3_1,TRUE
2016,312,-25.0289381324,46.99682422,MDG.6_1,Toliary,MDG.6.2_1,Anosy,MDG.6.2.3_1,Taolagnaro,FALSE,0.2977099467560792,FALSE,MDG.6.2_1,MDG.6.2.3_1,TRUE
2016,313,-25.0355258988,46.9602759128,MDG.6_1,Toliary,MDG.6.2_1,Anosy,MDG.6.2.3_1,Taolagnaro,FALSE,1.0647241369065938,FALSE,MDG.6.2_1,MDG.6.2.3_1,TRUE
2016,314,-24.9484831353,46.8773582484,MDG.6_1,Toliary,MDG.6.2_1,Anosy,MDG.6.2.3_1,Taolagnaro,FALSE,9.33534171624337,TRUE,MDG.6.2_1,MDG.6.2.3_1,FALSE
2016,315,-25.01115223,46.67077478,MDG.6_1,Toliary,MDG.6.2_1,Anosy,MDG.6.2.3_1,Taolagnaro,FALSE,10.750825101424153,FALSE,MDG.6.2_1,MDG.6.2.3_1,FALSE
2016,316,-24.6252496653,46.9066522034,MDG.6_1,Toliary,MDG.6.2_1,Anosy,MDG.6.2.3_1,Taolagnaro,FALSE,14.473196104405,FALSE,MDG.6.2_1,MDG.6.2.3_1,FALSE
2016,317,-24.70925735,46.99488196,MDG.6_1,Toliary,MDG.6.2_1,Anosy,MDG.6.2.3_1,Taolagnaro,FALSE,19.101178784283874,FALSE,MDG.6.2_1,MDG.6.2.3_1,FALSE
2016,318,-23.271861657,46.0934280919,MDG.6_1,Toliary,MDG.6.2_1,Anosy,MDG.6.2.2_1,Betroka,FALSE,30.00633727604013,FALSE,MDG.6.2_1,MDG.6.2.2_1,FALSE
2016,319,-23.288836668,45.7775347348,MDG.6_1,Toliary,MDG.6.2_1,Anosy,MDG.6.2.2_1,Betroka,FALSE,40.19419286662785,TRUE,MDG.6.2_1,MDG.6.2.2_1,FALSE
2016,320,-23.0818917528,45.9488265482,MDG.6_1,Toliary,MDG.6.2_1,Anosy,MDG.6.2.2_1,Betroka,FALSE,33.66900422460572,TRUE,MDG.6.2_1,MDG.6.2.2_1,FALSE
2016,321,-23.641519398,45.7179707836,MDG.6_1,Toliary,MDG.6.2_1,Anosy,MDG.6.2.2_1,Betroka,FALSE,24.70087087715044,TRUE,MDG.6.2_1,MDG.6.2.2_1,FALSE
2016,322,-25.0476214583,46.3809095882,MDG.6_1,Toliary,MDG.6.2_1,Anosy,MDG.6.2.1_1,Amboasary-Sud,FALSE,11.572641975873939,FALSE,MDG.6.2_1,MDG.6.2.1_1,FALSE
2016,323,-25.1112756003,46.3832038487,MDG.6_1,Toliary,MDG.6.2_1,Anosy,MDG.6.2.1_1,Amboasary-Sud,FALSE,7.294246106149882,FALSE,MDG.6.2_1,MDG.6.2.1_1,FALSE
2016,324,-24.8850952467,46.1148709539,MDG.6_1,Toliary,MDG.6.2_1,Anosy,MDG.6.2.1_1,Amboasary-Sud,FALSE,6.487470340376034,FALSE,MDG.6.2_1,MDG.6.2.1_1,FALSE
2016,325,-24.3333908424,46.5264273346,MDG.6_1,Toliary,MDG.6.2_1,Anosy,MDG.6.2.1_1,Amboasary-Sud,FALSE,32.16507421069249,TRUE,MDG.6.2_1,MDG.6.2.1_1,FALSE
2016,326,-24.1689022869,45.9886328415,MDG.6_1,Toliary,MDG.6.2_1,Anosy,MDG.6.2.1_1,Amboasary-Sud,FALSE,13.489790944023813,TRUE,MDG.6.2_1,MDG.6.2.1_1,FALSE
2016,327,-24.6000161152,45.9986461126,MDG.6_1,Toliary,MDG.6.2_1,Anosy,MDG.6.2.1_1,Amboasary-Sud,FALSE,3.1279807824467967,TRUE,MDG.6.2_1,MDG.6.2.1_1,TRUE
2016,328,-21.4368048425,44.3196904649,MDG.6_1,Toliary,MDG.6.4_1,Menabe,MDG.6.4.3_1,Manja,FALSE,37.280568739485446,TRUE,MDG.6.4_1,MDG.6.4.3_1,FALSE
2016,329,-21.6956633996,43.8673841076,MDG.6_1,Toliary,MDG.6.4_1,Menabe,MDG.6.4.3_1,Manja,FALSE,7.78182951326229,TRUE,MDG.6.4_1,MDG.6.4.3_1,FALSE
2016,330,-20.2834345591,44.2836181864,MDG.6_1,Toliary,MDG.6.4_1,Menabe,MDG.6.4.5_1,Morondava,FALSE,0.09853462133699505,FALSE,MDG.6.4_1,MDG.6.4.5_1,TRUE
2016,331,-20.2953018634,44.3095290051,MDG.6_1,Toliary,MDG.6.4_1,Menabe,MDG.6.4.5_1,Morondava,FALSE,2.819895676814102,FALSE,MDG.6.4_1,MDG.6.4.5_1,TRUE
2016,332,-20.3019328962,44.3436609564,MDG.6_1,Toliary,MDG.6.4_1,Menabe,MDG.6.4.5_1,Morondava,FALSE,6.269107694696632,FALSE,MDG.6.4_1,MDG.6.4.5_1,FALSE
2016,333,-20.5884342663,44.3504833675,MDG.6_1,Toliary,MDG.6.4_1,Menabe,MDG.6.4.5_1,Morondava,FALSE,11.757649286592878,TRUE,MDG.6.4_1,MDG.6.4.5_1,FALSE
2016,334,-20.3919558421,44.6543841372,MDG.6_1,Toliary,MDG.6.4_1,Menabe,MDG.6.4.2_1,Mahabo,FALSE,6.85200941491397,FALSE,MDG.6.4_1,MDG.6.4.2_1,FALSE
2016,335,-20.364362775,44.6767138218,MDG.6_1,Toliary,MDG.6.4_1,Menabe,MDG.6.4.2_1,Mahabo,FALSE,6.804550563689159,TRUE,MDG.6.4_1,MDG.6.4.2_1,FALSE
2016,336,-20.3864254016,45.0690106472,MDG.6_1,Toliary,MDG.6.4_1,Menabe,MDG.6.4.2_1,Mahabo,FALSE,25.179565034925123,TRUE,MDG.6.4_1,MDG.6.4.2_1,FALSE
2016,337,-20.3517863593,45.5961563503,MDG.6_1,Toliary,MDG.6.4_1,Menabe,MDG.6.4.2_1,Mahabo,FALSE,16.4884269871708,TRUE,MDG.6.4_1,MDG.6.4.2_1,FALSE
2016,338,-19.6967910512,44.5470805516,MDG.6_1,Toliary,MDG.6.4_1,Menabe,MDG.6.4.1_1,Belon-i Tsiribihina,FALSE,4.148717587340372,FALSE,MDG.6.4_1,MDG.6.4.1_1,TRUE
2016,339,-19.9428157847,44.6253442442,MDG.6_1,Toliary,MDG.6.4_1,Menabe,MDG.6.4.1_1,Belon-i Tsiribihina,FALSE,3.127758588424993,FALSE,MDG.6.4_1,MDG.6.4.1_1,TRUE
2016,341,-19.6546256046,45.4542426401,MDG.6_1,Toliary,MDG.6.4_1,Menabe,MDG.6.4.4_1,Miandrivazo,FALSE,18.692862967346755,TRUE,MDG.6.4_1,MDG.6.4.4_1,FALSE
2016,342,-19.9128127002,45.467203513,MDG.6_1,Toliary,MDG.6.4_1,Menabe,MDG.6.4.4_1,Miandrivazo,FALSE,16.460054773791974,TRUE,MDG.6.4_1,MDG.6.4.4_1,FALSE
2016,343,-18.7223430106,45.3285045016,MDG.6_1,Toliary,MDG.6.4_1,Menabe,MDG.6.4.4_1,Miandrivazo,FALSE,14.49748465029857,TRUE,MDG.6.4_1,MDG.6.4.4_1,FALSE
2016,344,-12.5193686982,49.3741873169,MDG.2_1,Antsiranana,MDG.2.1_1,Diana,MDG.2.1.3_1,Antsiranana Rural,FALSE,14.941644815428013,TRUE,MDG.2.1_1,MDG.2.1.3_1,FALSE
2016,345,-12.7493869797,49.2324509078,MDG.2_1,Antsiranana,MDG.2.1_1,Diana,MDG.2.1.3_1,Antsiranana Rural,FALSE,15.591899748738076,FALSE,MDG.2.1_1,MDG.2.1.3_1,FALSE
2016,346,-12.2830269073,49.3029598792,MDG.2_1,Antsiranana,MDG.2.1_1,Diana,MDG.2.1.3_1,Antsiranana Rural,FALSE,0.6529218156495767,FALSE,MDG.2.1_1,MDG.2.1.3_1,TRUE
2016,347,-12.2755396125,49.301183051,MDG.2_1,Antsiranana,MDG.2.1_1,Diana,MDG.2.1.3_1,Antsiranana Rural,FALSE,0.08422912534050628,FALSE,MDG.2.1_1,MDG.2.1.3_1,TRUE
2016,348,-12.3083037012,49.27031025,MDG.2_1,Antsiranana,MDG.2.1_1,Diana,MDG.2.1.3_1,Antsiranana Rural,FALSE,0.8925281212787427,FALSE,MDG.2.1_1,MDG.2.1.3_1,TRUE
2016,349,-13.187679837,49.0513799596,MDG.2_1,Antsiranana,MDG.2.1_1,Diana,MDG.2.1.2_1,Ambilobe,FALSE,22.16136739910667,FALSE,MDG.2.1_1,MDG.2.1.2_1,FALSE
2016,350,-13.1384923099,48.9545716399,MDG.2_1,Antsiranana,MDG.2.1_1,Diana,MDG.2.1.2_1,Ambilobe,FALSE,13.58562425170991,TRUE,MDG.2.1_1,MDG.2.1.2_1,FALSE
2016,351,-13.076297307,48.9857068892,MDG.2_1,Antsiranana,MDG.2.1_1,Diana,MDG.2.1.2_1,Ambilobe,FALSE,11.817829988152447,FALSE,MDG.2.1_1,MDG.2.1.2_1,FALSE
2016,352,-13.3760954669,48.900401032,MDG.2_1,Antsiranana,MDG.2.1_1,Diana,MDG.2.1.2_1,Ambilobe,FALSE,9.742728986607789,TRUE,MDG.2.1_1,MDG.2.1.2_1,FALSE
2016,353,-13.60490873,48.7952730543,MDG.2_1,Antsiranana,MDG.2.1_1,Diana,MDG.2.1.2_1,Ambilobe,FALSE,11.618286270557434,TRUE,MDG.2.1_1,MDG.2.1.2_1,FALSE
2016,354,-13.40596552,48.27769464,MDG.2_1,Antsiranana,MDG.2.1_1,Diana,MDG.2.1.5_1,Nosibe,FALSE,0.14871835468597783,FALSE,MDG.2.1_1,MDG.2.1.5_1,TRUE
2016,355,-13.2790599522,48.3250797007,MDG.2_1,Antsiranana,MDG.2.1_1,Diana,MDG.2.1.5_1,Nosibe,FALSE,0.3517098376254473,FALSE,MDG.2.1_1,MDG.2.1.5_1,TRUE
2016,356,-13.6697169148,48.4437537173,MDG.2_1,Antsiranana,MDG.2.1_1,Diana,MDG.2.1.1_1,Ambanja,FALSE,10.634219245447184,FALSE,MDG.2.1_1,MDG.2.1.1_1,FALSE
2016,357,-13.592473155,48.4681960946,MDG.2_1,Antsiranana,MDG.2.1_1,Diana,MDG.2.1.1_1,Ambanja,FALSE,3.5270356477123976,TRUE,MDG.2.1_1,MDG.2.1.1_1,TRUE
2016,358,-13.513690551,48.6192588929,MDG.2_1,Antsiranana,MDG.2.1_1,Diana,MDG.2.1.1_1,Ambanja,FALSE,4.646849713026375,TRUE,MDG.2.1_1,MDG.2.1.1_1,TRUE
2016,359,-13.7826028813,47.8964721294,MDG.2_1,Antsiranana,MDG.2.1_1,Diana,MDG.2.1.1_1,Ambanja,FALSE,3.3239542862382425,TRUE,MDG.2.1_1,MDG.2.1.1_1,TRUE
2016,360,-14.8802168706,50.2510714797,MDG.2_1,Antsiranana,MDG.2.2_1,Sava,MDG.2.2.2_1,Antalaha,FALSE,1.7299224379720939,FALSE,MDG.2.2_1,MDG.2.2.2_1,TRUE
2016,361,-14.9828627959,50.2299147829,MDG.2_1,Antsiranana,MDG.2.2_1,Sava,MDG.2.2.2_1,Antalaha,FALSE,8.557971210886928,TRUE,MDG.2.2_1,MDG.2.2.2_1,FALSE
2016,362,-15.2244643022,50.3132542711,MDG.2_1,Antsiranana,MDG.2.2_1,Sava,MDG.2.2.2_1,Antalaha,FALSE,13.773751294858073,FALSE,MDG.2.2_1,MDG.2.2.2_1,FALSE
2016,363,-14.5914247077,50.1335432888,MDG.2_1,Antsiranana,MDG.2.2_1,Sava,MDG.2.2.2_1,Antalaha,FALSE,0.8922470056357511,TRUE,MDG.2.2_1,MDG.2.2.2_1,TRUE
2016,364,-14.2497861517,50.1426554821,MDG.2_1,Antsiranana,MDG.2.2_1,Sava,MDG.2.2.3_1,Sambava,FALSE,0.6498515192349207,FALSE,MDG.2.2_1,MDG.2.2.3_1,TRUE
2016,365,-14.3199988289,50.0940157247,MDG.2_1,Antsiranana,MDG.2.2_1,Sava,MDG.2.2.3_1,Sambava,FALSE,9.735310395341742,TRUE,MDG.2.2_1,MDG.2.2.3_1,FALSE
2016,366,-14.4883890778,50.0682420255,MDG.2_1,Antsiranana,MDG.2.2_1,Sava,MDG.2.2.3_1,Sambava,FALSE,3.6128953348183535,TRUE,MDG.2.2_1,MDG.2.2.3_1,TRUE
2016,367,-14.4873972755,49.9109662825,MDG.2_1,Antsiranana,MDG.2.2_1,Sava,MDG.2.2.3_1,Sambava,FALSE,8.67040206389647,FALSE,MDG.2.2_1,MDG.2.2.3_1,FALSE
2016,369,-14.6594605133,49.6332502581,MDG.2_1,Antsiranana,MDG.2.2_1,Sava,MDG.2.2.1_1,Andapa,FALSE,17.164188605302755,FALSE,MDG.2.2_1,MDG.2.2.1_1,FALSE
2016,370,-14.6582948045,49.5392947548,MDG.2_1,Antsiranana,MDG.2.2_1,Sava,MDG.2.2.1_1,Andapa,FALSE,11.98579392928566,FALSE,MDG.2.2_1,MDG.2.2.1_1,FALSE
2016,371,-14.5470860578,49.7388130975,MDG.2_1,Antsiranana,MDG.2.2_1,Sava,MDG.2.2.1_1,Andapa,FALSE,2.541835487515595,FALSE,MDG.2.2_1,MDG.2.2.1_1,TRUE
2016,372,-13.6978833378,49.958902604,MDG.2_1,Antsiranana,MDG.2.2_1,Sava,MDG.2.2.4_1,Vohimarina (Iharana),FALSE,13.052415611363637,TRUE,MDG.2.2_1,MDG.2.2.4_1,FALSE
2016,373,-13.7286064439,49.9432890233,MDG.2_1,Antsiranana,MDG.2.2_1,Sava,MDG.2.2.4_1,Vohimarina (Iharana),FALSE,13.221772976347193,TRUE,MDG.2.2_1,MDG.2.2.4_1,FALSE
2016,374,-13.8825694182,49.8108457065,MDG.2_1,Antsiranana,MDG.2.2_1,Sava,MDG.2.2.4_1,Vohimarina (Iharana),FALSE,11.37566490224149,TRUE,MDG.2.2_1,MDG.2.2.4_1,FALSE
2016,375,-13.9147055915,49.9100263494,MDG.2_1,Antsiranana,MDG.2.2_1,Sava,MDG.2.2.4_1,Vohimarina (Iharana),FALSE,5.83158839582358,TRUE,MDG.2.2_1,MDG.2.2.4_1,FALSE
2018,1,-18.902272,47.505181,MDG.1_1,Antananarivo,MDG.1.1_1,Analamanga,MDG.1.1.7_1,Antananarivo renivohitra,FALSE,0.8910904407084942,FALSE,MDG.1.1_1,MDG.1.1.7_1,TRUE
2018,2,-18.90052,47.531545,MDG.1_1,Antananarivo,MDG.1.1_1,Analamanga,MDG.1.1.7_1,Antananarivo renivohitra,FALSE,3.135199407882341,FALSE,MDG.1.1_1,MDG.1.1.7_1,TRUE
2018,3,-18.892006,47.514084,MDG.1_1,Antananarivo,MDG.1.1_1,Analamanga,MDG.1.1.7_1,Antananarivo renivohitra,FALSE,2.07265638650957,FALSE,MDG.1.1_1,MDG.1.1.7_1,TRUE
2018,4,-18.912031,47.520735,MDG.1_1,Antananarivo,MDG.1.1_1,Analamanga,MDG.1.1.7_1,Antananarivo renivohitra,FALSE,2.347975193704708,FALSE,MDG.1.1_1,MDG.1.1.7_1,TRUE
2018,5,-18.917758,47.53605,MDG.1_1,Antananarivo,MDG.1.1_1,Analamanga,MDG.1.1.7_1,Antananarivo renivohitra,FALSE,2.6228282394481495,FALSE,MDG.1.1_1,MDG.1.1.7_1,TRUE
2018,6,-18.914726,47.562782,MDG.1_1,Antananarivo,MDG.1.1_1,Analamanga,MDG.1.1.7_1,Antananarivo renivohitra,FALSE,1.1866025034666596,FALSE,MDG.1.1_1,MDG.1.1.7_1,TRUE
2018,7,-18.930833,47.531906,MDG.1_1,Antananarivo,MDG.1.1_1,Analamanga,MDG.1.1.7_1,Antananarivo renivohitra,FALSE,1.9346640979577854,FALSE,MDG.1.1_1,MDG.1.1.7_1,TRUE
2018,8,-18.944659,47.527048,MDG.1_1,Antananarivo,MDG.1.1_1,Analamanga,MDG.1.1.7_1,Antananarivo renivohitra,FALSE,0.3754882105665713,FALSE,MDG.1.1_1,MDG.1.1.7_1,TRUE
2018,9,-18.895108,47.511639,MDG.1_1,Antananarivo,MDG.1.1_1,Analamanga,MDG.1.1.7_1,Antananarivo renivohitra,FALSE,1.7203724745400875,FALSE,MDG.1.1_1,MDG.1.1.7_1,TRUE
2018,10,-18.908852,47.516835,MDG.1_1,Antananarivo,MDG.1.1_1,Analamanga,MDG.1.1.7_1,Antananarivo renivohitra,FALSE,1.9153698034817042,FALSE,MDG.1.1_1,MDG.1.1.7_1,TRUE
2018,11,-18.90161,47.538322,MDG.1_1,Antananarivo,MDG.1.1_1,Analamanga,MDG.1.1.7_1,Antananarivo renivohitra,FALSE,2.564324906009698,FALSE,MDG.1.1_1,MDG.1.1.7_1,TRUE
2018,12,-18.926454,47.497297,MDG.1_1,Antananarivo,MDG.1.1_1,Analamanga,MDG.1.1.7_1,Antananarivo renivohitra,FALSE,0.36278335253495553,FALSE,MDG.1.1_1,MDG.1.1.7_1,TRUE
2018,13,-18.915654,47.520032,MDG.1_1,Antananarivo,MDG.1.1_1,Analamanga,MDG.1.1.7_1,Antananarivo renivohitra,FALSE,2.357101532876769,FALSE,MDG.1.1_1,MDG.1.1.7_1,TRUE
2018,14,-18.93665,47.530765,MDG.1_1,Antananarivo,MDG.1.1_1,Analamanga,MDG.1.1.7_1,Antananarivo renivohitra,FALSE,1.3443386788560148,FALSE,MDG.1.1_1,MDG.1.1.7_1,TRUE
2018,15,-18.934998,47.505448,MDG.1_1,Antananarivo,MDG.1.1_1,Analamanga,MDG.1.1.7_1,Antananarivo renivohitra,FALSE,0.6889987226108596,FALSE,MDG.1.1_1,MDG.1.1.7_1,TRUE
2018,16,-18.854503,47.512266,MDG.1_1,Antananarivo,MDG.1.1_1,Analamanga,MDG.1.1.7_1,Antananarivo renivohitra,FALSE,0.4895767120291735,FALSE,MDG.1.1_1,MDG.1.1.7_1,TRUE
2018,17,-18.876322,47.518583,MDG.1_1,Antananarivo,MDG.1.1_1,Analamanga,MDG.1.1.7_1,Antananarivo renivohitra,FALSE,2.7514355357074214,FALSE,MDG.1.1_1,MDG.1.1.7_1,TRUE
2018,18,-18.89089,47.536346,MDG.1_1,Antananarivo,MDG.1.1_1,Analamanga,MDG.1.1.7_1,Antananarivo renivohitra,FALSE,2.326792606286552,FALSE,MDG.1.1_1,MDG.1.1.7_1,TRUE
2018,19,-18.890659,47.52035,MDG.1_1,Antananarivo,MDG.1.1_1,Analamanga,MDG.1.1.7_1,Antananarivo renivohitra,FALSE,2.7461519727987564,FALSE,MDG.1.1_1,MDG.1.1.7_1,TRUE
2018,20,-18.89552,47.542392,MDG.1_1,Antananarivo,MDG.1.1_1,Analamanga,MDG.1.1.7_1,Antananarivo renivohitra,FALSE,1.8650577866530327,FALSE,MDG.1.1_1,MDG.1.1.7_1,TRUE
2018,21,-18.894338,47.54847,MDG.1_1,Antananarivo,MDG.1.1_1,Analamanga,MDG.1.1.7_1,Antananarivo renivohitra,FALSE,1.2355858495116423,FALSE,MDG.1.1_1,MDG.1.1.7_1,TRUE
2018,22,-18.917867,47.542064,MDG.1_1,Antananarivo,MDG.1.1_1,Analamanga,MDG.1.1.7_1,Antananarivo renivohitra,FALSE,2.334815520487899,FALSE,MDG.1.1_1,MDG.1.1.7_1,TRUE
2018,23,-18.863667,47.485941,MDG.1_1,Antananarivo,MDG.1.1_1,Analamanga,MDG.1.1.7_1,Antananarivo renivohitra,FALSE,1.19683790466256,FALSE,MDG.1.1_1,MDG.1.1.7_1,TRUE
2018,24,-18.872905,47.4896,MDG.1_1,Antananarivo,MDG.1.1_1,Analamanga,MDG.1.1.7_1,Antananarivo renivohitra,FALSE,1.1070380824337198,FALSE,MDG.1.1_1,MDG.1.1.7_1,TRUE
2018,25,-18.305165,46.975235,MDG.1_1,Antananarivo,MDG.1.1_1,Analamanga,MDG.1.1.4_1,Ankazobe,FALSE,19.03238830763604,FALSE,MDG.1.1_1,MDG.1.1.4_1,FALSE
2018,26,-18.465665,47.862671,MDG.1_1,Antananarivo,MDG.1.1_1,Analamanga,MDG.1.1.3_1,Anjozorobe,FALSE,12.926376619452975,FALSE,MDG.1.1_1,MDG.1.1.3_1,FALSE
2018,27,-18.9187,47.792357,MDG.1_1,Antananarivo,MDG.1.1_1,Analamanga,MDG.1.1.8_1,Manjakandriana,FALSE,11.794172126386497,FALSE,MDG.1.1_1,MDG.1.1.8_1,FALSE
2018,28,-18.842526,47.542246,MDG.1_1,Antananarivo,MDG.1.1_1,Analamanga,MDG.1.1.5_1,Antananarivo-Nord,FALSE,1.5089970365111411,FALSE,MDG.1.1_1,MDG.1.1.5_1,TRUE
2018,29,-18.908573,47.479529,MDG.1_1,Antananarivo,MDG.1.1_1,Analamanga,MDG.1.1.6_1,Antananarivo-Sud,FALSE,1.8711552909623448,FALSE,MDG.1.1_1,MDG.1.1.6_1,TRUE
2018,30,-19.19495,47.609813,MDG.1_1,Antananarivo,MDG.1.1_1,Analamanga,MDG.1.1.2_1,Andramasina,FALSE,6.367288809428034,FALSE,MDG.1.1_1,MDG.1.1.2_1,FALSE
2018,31,-18.353771,46.936573,MDG.1_1,Antananarivo,MDG.1.1_1,Analamanga,MDG.1.1.4_1,Ankazobe,FALSE,12.83542637521328,FALSE,MDG.1.1_1,MDG.1.1.4_1,FALSE
2018,32,-18.707042,47.207259,MDG.1_1,Antananarivo,MDG.1.1_1,Analamanga,MDG.1.1.4_1,Ankazobe,FALSE,1.832040285074675,FALSE,MDG.1.1_1,MDG.1.1.4_1,TRUE
2018,33,-18.184228,47.924828,MDG.1_1,Antananarivo,MDG.1.1_1,Analamanga,MDG.1.1.3_1,Anjozorobe,FALSE,7.294844490768397,TRUE,MDG.1.1_1,MDG.1.1.3_1,FALSE
2018,34,-18.451,47.625269,MDG.1_1,Antananarivo,MDG.1.1_1,Analamanga,MDG.1.1.3_1,Anjozorobe,FALSE,1.8055038135472106,FALSE,MDG.1.1_1,MDG.1.1.3_1,TRUE
2018,35,-18.858739,47.422003,MDG.1_1,Antananarivo,MDG.1.1_1,Analamanga,MDG.1.1.1_1,Ambohidratrimo,FALSE,2.8948653888365654,FALSE,MDG.1.1_1,MDG.1.1.1_1,TRUE
2018,36,-18.727986,47.362447,MDG.1_1,Antananarivo,MDG.1.1_1,Analamanga,MDG.1.1.1_1,Ambohidratrimo,FALSE,8.310795722299702,FALSE,MDG.1.1_1,MDG.1.1.1_1,FALSE
2018,37,-18.819282,47.504047,MDG.1_1,Antananarivo,MDG.1.1_1,Analamanga,MDG.1.1.1_1,Ambohidratrimo,FALSE,1.2454138983547576,FALSE,MDG.1.1_1,MDG.1.1.1_1,TRUE
2018,38,-18.643555,47.688829,MDG.1_1,Antananarivo,MDG.1.1_1,Analamanga,MDG.1.1.8_1,Manjakandriana,FALSE,3.409624264915594,FALSE,MDG.1.1_1,MDG.1.1.8_1,TRUE
2018,39,-18.844287,47.679949,MDG.1_1,Antananarivo,MDG.1.1_1,Analamanga,MDG.1.1.8_1,Manjakandriana,FALSE,0.2533199937717096,FALSE,MDG.1.1_1,MDG.1.1.8_1,TRUE
2018,40,-18.777914,47.619306,MDG.1_1,Antananarivo,MDG.1.1_1,Analamanga,MDG.1.1.5_1,Antananarivo-Nord,FALSE,5.141215456758472,FALSE,MDG.1.1_1,MDG.1.1.5_1,FALSE
2018,41,-18.8653,47.538403,MDG.1_1,Antananarivo,MDG.1.1_1,Analamanga,MDG.1.1.7_1,Antananarivo renivohitra,FALSE,0.3461650509260149,FALSE,MDG.1.1_1,MDG.1.1.7_1,TRUE
2018,42,-18.902191,47.577841,MDG.1_1,Antananarivo,MDG.1.1_1,Analamanga,MDG.1.1.5_1,Antananarivo-Nord,FALSE,0.6918233614177086,FALSE,MDG.1.1_1,MDG.1.1.5_1,TRUE
2018,43,-18.929974,47.658977,MDG.1_1,Antananarivo,MDG.1.1_1,Analamanga,MDG.1.1.5_1,Antananarivo-Nord,FALSE,1.9937914871063813,FALSE,MDG.1.1_1,MDG.1.1.5_1,TRUE
2018,44,-18.919298,47.463702,MDG.1_1,Antananarivo,MDG.1.1_1,Analamanga,MDG.1.1.6_1,Antananarivo-Sud,FALSE,3.031010533797984,FALSE,MDG.1.1_1,MDG.1.1.6_1,TRUE
2018,45,-18.992782,47.451803,MDG.1_1,Antananarivo,MDG.1.1_1,Analamanga,MDG.1.1.6_1,Antananarivo-Sud,FALSE,1.6928295483414908,FALSE,MDG.1.1_1,MDG.1.1.6_1,TRUE
2018,46,-18.982094,47.532387,MDG.1_1,Antananarivo,MDG.1.1_1,Analamanga,MDG.1.1.6_1,Antananarivo-Sud,FALSE,2.7666323368093604,FALSE,MDG.1.1_1,MDG.1.1.6_1,TRUE
2018,47,-19.074188,47.564131,MDG.1_1,Antananarivo,MDG.1.1_1,Analamanga,MDG.1.1.6_1,Antananarivo-Sud,FALSE,5.127903168544391,FALSE,MDG.1.1_1,MDG.1.1.6_1,FALSE
2018,48,-19.181009,47.635374,MDG.1_1,Antananarivo,MDG.1.1_1,Analamanga,MDG.1.1.2_1,Andramasina,FALSE,5.364830834705393,FALSE,MDG.1.1_1,MDG.1.1.2_1,FALSE
2018,49,-19.842758,47.039333,MDG.1_1,Antananarivo,MDG.1.4_1,Vakinankaratra,MDG.1.4.4_1,Antsirabe Urban,FALSE,0.7392908084383417,FALSE,MDG.1.4_1,MDG.1.4.4_1,TRUE
2018,50,-19.860805,47.032285,MDG.1_1,Antananarivo,MDG.1.4_1,Vakinankaratra,MDG.1.4.4_1,Antsirabe Urban,FALSE,2.680181523099327,FALSE,MDG.1.4_1,MDG.1.4.4_1,TRUE
2018,51,-19.872955,46.994488,MDG.1_1,Antananarivo,MDG.1.4_1,Vakinankaratra,MDG.1.4.4_1,Antsirabe Urban,FALSE,1.5395409199013408,FALSE,MDG.1.4_1,MDG.1.4.4_1,TRUE
2018,52,-19.871039,47.039947,MDG.1_1,Antananarivo,MDG.1.4_1,Vakinankaratra,MDG.1.4.4_1,Antsirabe Urban,FALSE,3.871241704006036,FALSE,MDG.1.4_1,MDG.1.4.4_1,TRUE
2018,53,-19.873374,47.021831,MDG.1_1,Antananarivo,MDG.1.4_1,Vakinankaratra,MDG.1.4.4_1,Antsirabe Urban,FALSE,3.614977645434018,FALSE,MDG.1.4_1,MDG.1.4.4_1,TRUE
2018,54,-19.893828,46.997568,MDG.1_1,Antananarivo,MDG.1.4_1,Vakinankaratra,MDG.1.4.4_1,Antsirabe Urban,FALSE,0.7069954586104551,FALSE,MDG.1.4_1,MDG.1.4.4_1,TRUE
2018,55,-19.880176,47.025971,MDG.1_1,Antananarivo,MDG.1.4_1,Vakinankaratra,MDG.1.4.4_1,Antsirabe Urban,FALSE,3.8030177062721475,FALSE,MDG.1.4_1,MDG.1.4.4_1,TRUE
2018,56,-19.914785,47.055741,MDG.1_1,Antananarivo,MDG.1.4_1,Vakinankaratra,MDG.1.4.4_1,Antsirabe Urban,FALSE,2.1950765858329504,FALSE,MDG.1.4_1,MDG.1.4.4_1,TRUE
2018,57,-19.380383,47.43049,MDG.1_1,Antananarivo,MDG.1.4_1,Vakinankaratra,MDG.1.4.1_1,Ambatolampy,FALSE,7.419487054222613,FALSE,MDG.1.4_1,MDG.1.4.1_1,FALSE
2018,58,-19.386343,46.867941,MDG.1_1,Antananarivo,MDG.1.4_1,Vakinankaratra,MDG.1.4.6_1,Faratsiho,FALSE,14.893505900046746,FALSE,MDG.1.4_1,MDG.1.4.6_1,FALSE
2018,59,-19.417361,46.948464,MDG.1_1,Antananarivo,MDG.1.4_1,Vakinankaratra,MDG.1.4.6_1,Faratsiho,FALSE,14.324548360256324,FALSE,MDG.1.4_1,MDG.1.4.6_1,FALSE
2018,60,-19.649399,46.310944,MDG.1_1,Antananarivo,MDG.1.4_1,Vakinankaratra,MDG.1.4.5_1,Betafo,FALSE,25.370305654126735,FALSE,MDG.1.4_1,MDG.1.4.5_1,FALSE
2018,61,-19.661518,47.322925,MDG.1_1,Antananarivo,MDG.1.4_1,Vakinankaratra,MDG.1.4.2_1,Antanifotsy,FALSE,10.709939802987256,FALSE,MDG.1.4_1,MDG.1.4.2_1,FALSE
2018,62,-19.735386,47.295017,MDG.1_1,Antananarivo,MDG.1.4_1,Vakinankaratra,MDG.1.4.2_1,Antanifotsy,FALSE,3.9733543851846753,FALSE,MDG.1.4_1,MDG.1.4.2_1,TRUE
2018,63,-19.871922,46.832206,MDG.1_1,Antananarivo,MDG.1.4_1,Vakinankaratra,MDG.1.4.5_1,Betafo,FALSE,9.167609466106514,FALSE,MDG.1.4_1,MDG.1.4.5_1,FALSE
2018,64,-19.811009,47.145659,MDG.1_1,Antananarivo,MDG.1.4_1,Vakinankaratra,MDG.1.4.3_1,Antsirabe Rural,FALSE,5.878050537752684,FALSE,MDG.1.4_1,MDG.1.4.3_1,FALSE
2018,65,-19.31835,47.401124,MDG.1_1,Antananarivo,MDG.1.4_1,Vakinankaratra,MDG.1.4.1_1,Ambatolampy,FALSE,4.017645997226747,TRUE,MDG.1.4_1,MDG.1.4.1_1,TRUE
2018,66,-19.338036,47.326767,MDG.1_1,Antananarivo,MDG.1.4_1,Vakinankaratra,MDG.1.4.1_1,Ambatolampy,FALSE,5.633115349279713,TRUE,MDG.1.4_1,MDG.1.4.1_1,FALSE
2018,67,-19.405131,47.594855,MDG.1_1,Antananarivo,MDG.1.4_1,Vakinankaratra,MDG.1.4.1_1,Ambatolampy,FALSE,0.8654506925788651,FALSE,MDG.1.4_1,MDG.1.4.1_1,TRUE
2018,68,-19.498639,47.653339,MDG.1_1,Antananarivo,MDG.1.4_1,Vakinankaratra,MDG.1.4.1_1,Ambatolampy,FALSE,8.350178003222297,FALSE,MDG.1.4_1,MDG.1.4.1_1,FALSE
2018,69,-19.581587,47.708317,MDG.1_1,Antananarivo,MDG.1.4_1,Vakinankaratra,MDG.1.4.1_1,Ambatolampy,FALSE,11.358177820669015,TRUE,MDG.1.4_1,MDG.1.4.1_1,FALSE
2018,70,-19.33544,47.097055,MDG.1_1,Antananarivo,MDG.1.3_1,Itasy,MDG.1.3.1_1,Arivonimamo,FALSE,1.1737771998409894,FALSE,MDG.1.3_1,MDG.1.3.1_1,TRUE
2018,71,-19.498631,46.984365,MDG.1_1,Antananarivo,MDG.1.4_1,Vakinankaratra,MDG.1.4.6_1,Faratsiho,FALSE,8.155600543559125,TRUE,MDG.1.4_1,MDG.1.4.6_1,FALSE
2018,73,-19.622782,46.920772,MDG.1_1,Antananarivo,MDG.1.4_1,Vakinankaratra,MDG.1.4.6_1,Faratsiho,FALSE,1.2194586093509672,TRUE,MDG.1.4_1,MDG.1.4.6_1,TRUE
2018,74,-19.613243,46.205338,MDG.1_1,Antananarivo,MDG.1.4_1,Vakinankaratra,MDG.1.4.5_1,Betafo,FALSE,20.525599028932184,FALSE,MDG.1.4_1,MDG.1.4.5_1,FALSE
2018,75,-19.491934,46.482483,MDG.1_1,Antananarivo,MDG.1.4_1,Vakinankaratra,MDG.1.4.5_1,Betafo,FALSE,10.139880361366336,FALSE,MDG.1.4_1,MDG.1.4.5_1,FALSE
2018,76,-19.596863,46.494865,MDG.1_1,Antananarivo,MDG.1.4_1,Vakinankaratra,MDG.1.4.5_1,Betafo,FALSE,18.77597836321011,FALSE,MDG.1.4_1,MDG.1.4.5_1,FALSE
2018,77,-19.504836,47.348956,MDG.1_1,Antananarivo,MDG.1.4_1,Vakinankaratra,MDG.1.4.2_1,Antanifotsy,FALSE,6.730971059311632,FALSE,MDG.1.4_1,MDG.1.4.2_1,FALSE
2018,78,-19.524154,47.388143,MDG.1_1,Antananarivo,MDG.1.4_1,Vakinankaratra,MDG.1.4.2_1,Antanifotsy,FALSE,4.562110584321234,FALSE,MDG.1.4_1,MDG.1.4.2_1,TRUE
2018,79,-19.55904,47.526802000000004,MDG.1_1,Antananarivo,MDG.1.4_1,Vakinankaratra,MDG.1.4.2_1,Antanifotsy,FALSE,2.8006784460145875,FALSE,MDG.1.4_1,MDG.1.4.2_1,TRUE
2018,80,-19.598539,47.235941,MDG.1_1,Antananarivo,MDG.1.4_1,Vakinankaratra,MDG.1.4.2_1,Antanifotsy,FALSE,3.9177920997123468,TRUE,MDG.1.4_1,MDG.1.4.2_1,TRUE
2018,81,-19.730116,47.571706,MDG.1_1,Antananarivo,MDG.1.4_1,Vakinankaratra,MDG.1.4.2_1,Antanifotsy,FALSE,4.1254722301207485,FALSE,MDG.1.4_1,MDG.1.4.2_1,TRUE
2018,82,-19.719754,47.522383,MDG.1_1,Antananarivo,MDG.1.4_1,Vakinankaratra,MDG.1.4.2_1,Antanifotsy,FALSE,5.740242558331288,FALSE,MDG.1.4_1,MDG.1.4.2_1,FALSE
2018,83,-19.777637,46.924432,MDG.1_1,Antananarivo,MDG.1.4_1,Vakinankaratra,MDG.1.4.5_1,Betafo,FALSE,4.7240769399412645,FALSE,MDG.1.4_1,MDG.1.4.5_1,TRUE
2018,84,-19.741486,46.771218,MDG.1_1,Antananarivo,MDG.1.4_1,Vakinankaratra,MDG.1.4.5_1,Betafo,FALSE,13.164771836428848,FALSE,MDG.1.4_1,MDG.1.4.5_1,FALSE
2018,85,-19.682491,46.631175,MDG.1_1,Antananarivo,MDG.1.4_1,Vakinankaratra,MDG.1.4.5_1,Betafo,FALSE,19.452460415613682,FALSE,MDG.1.4_1,MDG.1.4.5_1,FALSE
2018,86,-19.878663,46.704067,MDG.1_1,Antananarivo,MDG.1.4_1,Vakinankaratra,MDG.1.4.5_1,Betafo,FALSE,22.5893635404726,FALSE,MDG.1.4_1,MDG.1.4.5_1,FALSE
2018,87,-20.201394,46.849738,MDG.1_1,Antananarivo,MDG.1.4_1,Vakinankaratra,MDG.1.4.3_1,Antsirabe Rural,FALSE,1.0333105260592013,FALSE,MDG.1.4_1,MDG.1.4.3_1,TRUE
2018,89,-19.618064,47.115656,MDG.1_1,Antananarivo,MDG.1.4_1,Vakinankaratra,MDG.1.4.3_1,Antsirabe Rural,FALSE,7.564759227623289,TRUE,MDG.1.4_1,MDG.1.4.3_1,FALSE
2018,90,-19.692187,46.99622,MDG.1_1,Antananarivo,MDG.1.4_1,Vakinankaratra,MDG.1.4.3_1,Antsirabe Rural,FALSE,1.0009615799790226,TRUE,MDG.1.4_1,MDG.1.4.3_1,TRUE
2018,91,-19.640921,47.02898,MDG.1_1,Antananarivo,MDG.1.4_1,Vakinankaratra,MDG.1.4.3_1,Antsirabe Rural,FALSE,2.363393929823037,TRUE,MDG.1.4_1,MDG.1.4.3_1,TRUE
2018,92,-19.943822,46.96196,MDG.1_1,Antananarivo,MDG.1.4_1,Vakinankaratra,MDG.1.4.3_1,Antsirabe Rural,FALSE,1.751305333291181,FALSE,MDG.1.4_1,MDG.1.4.3_1,TRUE
2018,93,-19.900756,47.110787,MDG.1_1,Antananarivo,MDG.1.4_1,Vakinankaratra,MDG.1.4.3_1,Antsirabe Rural,FALSE,2.047551917984058,FALSE,MDG.1.4_1,MDG.1.4.3_1,TRUE
2018,94,-19.876825,47.240401,MDG.1_1,Antananarivo,MDG.1.4_1,Vakinankaratra,MDG.1.4.3_1,Antsirabe Rural,FALSE,9.581258274075617,TRUE,MDG.1.4_1,MDG.1.4.3_1,FALSE
2018,95,-19.958474,47.380206,MDG.1_1,Antananarivo,MDG.1.4_1,Vakinankaratra,MDG.1.4.3_1,Antsirabe Rural,FALSE,7.856333803901323,TRUE,MDG.1.4_1,MDG.1.4.3_1,FALSE
2018,96,-20.111463,47.10092,MDG.1_1,Antananarivo,MDG.1.4_1,Vakinankaratra,MDG.1.4.3_1,Antsirabe Rural,FALSE,5.440659980938122,TRUE,MDG.1.4_1,MDG.1.4.3_1,FALSE
2018,97,-18.957933,46.90739,MDG.1_1,Antananarivo,MDG.1.3_1,Itasy,MDG.1.3.2_1,Miarinarivo,FALSE,16.560097523269164,FALSE,MDG.1.3_1,MDG.1.3.2_1,FALSE
2018,98,-19.001287,47.187573,MDG.1_1,Antananarivo,MDG.1.3_1,Itasy,MDG.1.3.1_1,Arivonimamo,FALSE,7.921478161217589,FALSE,MDG.1.3_1,MDG.1.3.1_1,FALSE
2018,99,-19.02014,47.209297,MDG.1_1,Antananarivo,MDG.1.3_1,Itasy,MDG.1.3.1_1,Arivonimamo,FALSE,10.063749127963106,FALSE,MDG.1.3_1,MDG.1.3.1_1,FALSE
2018,100,-18.965764,47.350892,MDG.1_1,Antananarivo,MDG.1.3_1,Itasy,MDG.1.3.1_1,Arivonimamo,FALSE,6.211574191379235,FALSE,MDG.1.3_1,MDG.1.3.1_1,FALSE
2018,101,-19.06312,47.271421,MDG.1_1,Antananarivo,MDG.1.3_1,Itasy,MDG.1.3.1_1,Arivonimamo,FALSE,16.79431482959143,FALSE,MDG.1.3_1,MDG.1.3.1_1,FALSE
2018,102,-19.022187,47.333092,MDG.1_1,Antananarivo,MDG.1.3_1,Itasy,MDG.1.3.1_1,Arivonimamo,FALSE,8.908552091774363,FALSE,MDG.1.3_1,MDG.1.3.1_1,FALSE
2018,103,-19.104928,46.740161,MDG.1_1,Antananarivo,MDG.1.3_1,Itasy,MDG.1.3.3_1,Soavinandriana,FALSE,5.1637544572398895,FALSE,MDG.1.3_1,MDG.1.3.3_1,FALSE
2018,104,-19.153797,46.749682,MDG.1_1,Antananarivo,MDG.1.3_1,Itasy,MDG.1.3.3_1,Soavinandriana,FALSE,6.267351606988503,FALSE,MDG.1.3_1,MDG.1.3.3_1,FALSE
2018,105,-18.92648,46.925471,MDG.1_1,Antananarivo,MDG.1.3_1,Itasy,MDG.1.3.2_1,Miarinarivo,FALSE,16.872986493713793,FALSE,MDG.1.3_1,MDG.1.3.2_1,FALSE
2018,106,-18.877029,46.838266,MDG.1_1,Antananarivo,MDG.1.3_1,Itasy,MDG.1.3.2_1,Miarinarivo,FALSE,17.457620832755133,FALSE,MDG.1.3_1,MDG.1.3.2_1,FALSE
2018,107,-19.041375,46.942813,MDG.1_1,Antananarivo,MDG.1.3_1,Itasy,MDG.1.3.2_1,Miarinarivo,FALSE,11.542707583516721,FALSE,MDG.1.3_1,MDG.1.3.2_1,FALSE
2018,108,-18.86604,46.614456,MDG.1_1,Antananarivo,MDG.1.3_1,Itasy,MDG.1.3.2_1,Miarinarivo,FALSE,6.054878568606359,FALSE,MDG.1.3_1,MDG.1.3.2_1,FALSE
2018,109,-18.973179,46.719097,MDG.1_1,Antananarivo,MDG.1.3_1,Itasy,MDG.1.3.2_1,Miarinarivo,FALSE,5.722135791200264,FALSE,MDG.1.3_1,MDG.1.3.2_1,FALSE
2018,110,-18.91502,46.588035,MDG.1_1,Antananarivo,MDG.1.3_1,Itasy,MDG.1.3.2_1,Miarinarivo,FALSE,4.6798656951373845,FALSE,MDG.1.3_1,MDG.1.3.2_1,TRUE
2018,111,-19.136664,47.013072,MDG.1_1,Antananarivo,MDG.1.3_1,Itasy,MDG.1.3.2_1,Miarinarivo,FALSE,4.4745672698412395,FALSE,MDG.1.3_1,MDG.1.3.2_1,TRUE
2018,112,-18.808052,46.80908,MDG.1_1,Antananarivo,MDG.1.3_1,Itasy,MDG.1.3.2_1,Miarinarivo,FALSE,10.45529058126125,FALSE,MDG.1.3_1,MDG.1.3.2_1,FALSE
2018,113,-18.807855,47.055232,MDG.1_1,Antananarivo,MDG.1.3_1,Itasy,MDG.1.3.2_1,Miarinarivo,FALSE,5.320932752555161,FALSE,MDG.1.3_1,MDG.1.3.2_1,FALSE
2018,114,-18.768333,47.19564,MDG.1_1,Antananarivo,MDG.1.3_1,Itasy,MDG.1.3.1_1,Arivonimamo,FALSE,0.11371144382891919,FALSE,MDG.1.3_1,MDG.1.3.1_1,TRUE
2018,115,-18.907769,47.309195,MDG.1_1,Antananarivo,MDG.1.3_1,Itasy,MDG.1.3.1_1,Arivonimamo,FALSE,2.8352296573731866,FALSE,MDG.1.3_1,MDG.1.3.1_1,TRUE
2018,116,-18.928828,47.387935,MDG.1_1,Antananarivo,MDG.1.3_1,Itasy,MDG.1.3.1_1,Arivonimamo,FALSE,1.5035816107806932,FALSE,MDG.1.3_1,MDG.1.3.1_1,TRUE
2018,117,-19.023521,47.264046,MDG.1_1,Antananarivo,MDG.1.3_1,Itasy,MDG.1.3.1_1,Arivonimamo,FALSE,15.496243169437806,FALSE,MDG.1.3_1,MDG.1.3.1_1,FALSE
2018,118,-19.056168,47.370537,MDG.1_1,Antananarivo,MDG.1.3_1,Itasy,MDG.1.3.1_1,Arivonimamo,FALSE,7.419006920494211,FALSE,MDG.1.3_1,MDG.1.3.1_1,FALSE
2018,119,-19.105393,47.131252,MDG.1_1,Antananarivo,MDG.1.3_1,Itasy,MDG.1.3.1_1,Arivonimamo,FALSE,6.044991401548832,FALSE,MDG.1.3_1,MDG.1.3.1_1,FALSE
2018,120,-19.170258,47.329427,MDG.1_1,Antananarivo,MDG.1.3_1,Itasy,MDG.1.3.1_1,Arivonimamo,FALSE,11.216542516883434,FALSE,MDG.1.3_1,MDG.1.3.1_1,FALSE
2018,121,-19.253533,47.38041,MDG.1_1,Antananarivo,MDG.1.3_1,Itasy,MDG.1.3.1_1,Arivonimamo,FALSE,2.6850754105950383,TRUE,MDG.1.3_1,MDG.1.3.1_1,TRUE
2018,122,-19.300918,47.206214,MDG.1_1,Antananarivo,MDG.1.3_1,Itasy,MDG.1.3.1_1,Arivonimamo,FALSE,4.210260799606679,TRUE,MDG.1.3_1,MDG.1.3.1_1,TRUE
2018,123,-19.105217,46.745792,MDG.1_1,Antananarivo,MDG.1.3_1,Itasy,MDG.1.3.3_1,Soavinandriana,FALSE,4.629762802573189,TRUE,MDG.1.3_1,MDG.1.3.3_1,TRUE
2018,124,-19.173565,46.562103,MDG.1_1,Antananarivo,MDG.1.3_1,Itasy,MDG.1.3.3_1,Soavinandriana,FALSE,7.505577991071589,FALSE,MDG.1.3_1,MDG.1.3.3_1,FALSE
2018,125,-19.19825,46.870918,MDG.1_1,Antananarivo,MDG.1.3_1,Itasy,MDG.1.3.3_1,Soavinandriana,FALSE,2.4016311277417937,FALSE,MDG.1.3_1,MDG.1.3.3_1,TRUE
2018,126,-19.145346,46.51089,MDG.1_1,Antananarivo,MDG.1.3_1,Itasy,MDG.1.3.3_1,Soavinandriana,FALSE,4.7420160109986185,FALSE,MDG.1.3_1,MDG.1.3.3_1,TRUE
2018,127,-19.200026,46.36985,MDG.1_1,Antananarivo,MDG.1.3_1,Itasy,MDG.1.3.3_1,Soavinandriana,FALSE,1.6548024995565018,FALSE,MDG.1.3_1,MDG.1.3.3_1,TRUE
2018,128,-19.278582,46.54771,MDG.1_1,Antananarivo,MDG.1.3_1,Itasy,MDG.1.3.3_1,Soavinandriana,FALSE,11.358331785260088,FALSE,MDG.1.3_1,MDG.1.3.3_1,FALSE
2018,129,-18.769864,46.03466,MDG.1_1,Antananarivo,MDG.1.2_1,Bongolava,MDG.1.2.2_1,Tsiroanomandidy,FALSE,30.45575539639348,FALSE,MDG.1.2_1,MDG.1.2.2_1,FALSE
2018,130,-18.760416,46.047714,MDG.1_1,Antananarivo,MDG.1.2_1,Bongolava,MDG.1.2.2_1,Tsiroanomandidy,FALSE,29.27239771502908,FALSE,MDG.1.2_1,MDG.1.2.2_1,FALSE
2018,131,-18.781203,46.052181,MDG.1_1,Antananarivo,MDG.1.2_1,Bongolava,MDG.1.2.2_1,Tsiroanomandidy,FALSE,31.532588131959944,FALSE,MDG.1.2_1,MDG.1.2.2_1,FALSE
2018,132,-18.406287,46.66396,MDG.1_1,Antananarivo,MDG.1.2_1,Bongolava,MDG.1.2.1_1,Fenoarivo-Centre,FALSE,9.429819753641,FALSE,MDG.1.2_1,MDG.1.2.1_1,FALSE
2018,133,-18.473058,46.651204,MDG.1_1,Antananarivo,MDG.1.2_1,Bongolava,MDG.1.2.1_1,Fenoarivo-Centre,FALSE,14.036534014248225,FALSE,MDG.1.2_1,MDG.1.2.1_1,FALSE
2018,135,-18.447569,46.189843,MDG.1_1,Antananarivo,MDG.1.2_1,Bongolava,MDG.1.2.1_1,Fenoarivo-Centre,FALSE,3.696404350970113,TRUE,MDG.1.2_1,MDG.1.2.1_1,TRUE
2018,136,-18.607359,46.186401,MDG.1_1,Antananarivo,MDG.1.2_1,Bongolava,MDG.1.2.2_1,Tsiroanomandidy,FALSE,11.717541425808164,TRUE,MDG.1.2_1,MDG.1.2.2_1,FALSE
2018,137,-18.754749,46.175866,MDG.1_1,Antananarivo,MDG.1.2_1,Bongolava,MDG.1.2.2_1,Tsiroanomandidy,FALSE,25.951888275080243,TRUE,MDG.1.2_1,MDG.1.2.2_1,FALSE
2018,138,-18.703132,46.482784,MDG.1_1,Antananarivo,MDG.1.2_1,Bongolava,MDG.1.2.2_1,Tsiroanomandidy,FALSE,5.721302863894199,FALSE,MDG.1.2_1,MDG.1.2.2_1,FALSE
2018,139,-18.875942,46.442474,MDG.1_1,Antananarivo,MDG.1.2_1,Bongolava,MDG.1.2.2_1,Tsiroanomandidy,FALSE,9.636076715607103,FALSE,MDG.1.2_1,MDG.1.2.2_1,FALSE
2018,140,-18.656884,45.975637999999996,MDG.1_1,Antananarivo,MDG.1.2_1,Bongolava,MDG.1.2.2_1,Tsiroanomandidy,FALSE,19.978578875593612,TRUE,MDG.1.2_1,MDG.1.2.2_1,FALSE
2018,141,-18.789873,46.10766,MDG.1_1,Antananarivo,MDG.1.2_1,Bongolava,MDG.1.2.2_1,Tsiroanomandidy,FALSE,31.9318377954679,FALSE,MDG.1.2_1,MDG.1.2.2_1,FALSE
2018,142,-18.946379,46.070338,MDG.1_1,Antananarivo,MDG.1.2_1,Bongolava,MDG.1.2.2_1,Tsiroanomandidy,FALSE,39.04580239370098,TRUE,MDG.1.2_1,MDG.1.2.2_1,FALSE
2018,143,-18.972777,46.373744,MDG.1_1,Antananarivo,MDG.1.2_1,Bongolava,MDG.1.2.2_1,Tsiroanomandidy,FALSE,11.853661559755674,FALSE,MDG.1.2_1,MDG.1.2.2_1,FALSE
2018,144,-18.93514,46.432164,MDG.1_1,Antananarivo,MDG.1.2_1,Bongolava,MDG.1.2.2_1,Tsiroanomandidy,FALSE,6.182860526802035,FALSE,MDG.1.2_1,MDG.1.2.2_1,FALSE
2018,145,-19.032232,46.449912,MDG.1_1,Antananarivo,MDG.1.2_1,Bongolava,MDG.1.2.2_1,Tsiroanomandidy,FALSE,5.532654867747881,FALSE,MDG.1.2_1,MDG.1.2.2_1,FALSE
2018,146,-19.090444,46.227431,MDG.1_1,Antananarivo,MDG.1.2_1,Bongolava,MDG.1.2.2_1,Tsiroanomandidy,FALSE,16.079660034994276,FALSE,MDG.1.2_1,MDG.1.2.2_1,FALSE
2018,147,-19.047535,46.36774,MDG.1_1,Antananarivo,MDG.1.2_1,Bongolava,MDG.1.2.2_1,Tsiroanomandidy,FALSE,8.360607984042892,FALSE,MDG.1.2_1,MDG.1.2.2_1,FALSE
2018,148,-19.348178,46.165344,MDG.1_1,Antananarivo,MDG.1.2_1,Bongolava,MDG.1.2.2_1,Tsiroanomandidy,FALSE,2.3007591024750917,FALSE,MDG.1.2_1,MDG.1.2.2_1,TRUE
2018,149,-19.032137,46.118112000000004,MDG.1_1,Antananarivo,MDG.1.2_1,Bongolava,MDG.1.2.2_1,Tsiroanomandidy,FALSE,29.080421656137847,TRUE,MDG.1.2_1,MDG.1.2.2_1,FALSE
2018,150,-19.007489,45.996987,MDG.1_1,Antananarivo,MDG.1.2_1,Bongolava,MDG.1.2.2_1,Tsiroanomandidy,FALSE,29.717106342494695,TRUE,MDG.1.2_1,MDG.1.2.2_1,FALSE
2018,151,-19.221656,45.936389,MDG.1_1,Antananarivo,MDG.1.2_1,Bongolava,MDG.1.2.2_1,Tsiroanomandidy,FALSE,13.668816188546538,TRUE,MDG.1.2_1,MDG.1.2.2_1,FALSE
2018,152,-19.043332,46.011815,MDG.1_1,Antananarivo,MDG.1.2_1,Bongolava,MDG.1.2.2_1,Tsiroanomandidy,FALSE,28.186240554574265,TRUE,MDG.1.2_1,MDG.1.2.2_1,FALSE
2018,153,-19.022596,45.797667,MDG.1_1,Antananarivo,MDG.1.2_1,Bongolava,MDG.1.2.2_1,Tsiroanomandidy,FALSE,19.341643729353375,TRUE,MDG.1.2_1,MDG.1.2.2_1,FALSE
2018,154,-18.603048,46.876092,MDG.1_1,Antananarivo,MDG.1.2_1,Bongolava,MDG.1.2.1_1,Fenoarivo-Centre,FALSE,9.868294673788371,FALSE,MDG.1.2_1,MDG.1.2.1_1,FALSE
2018,155,-18.581032,46.934845,MDG.1_1,Antananarivo,MDG.1.2_1,Bongolava,MDG.1.2.1_1,Fenoarivo-Centre,FALSE,4.611602317653342,FALSE,MDG.1.2_1,MDG.1.2.1_1,TRUE
2018,156,-18.269779,46.130786,MDG.1_1,Antananarivo,MDG.1.2_1,Bongolava,MDG.1.2.1_1,Fenoarivo-Centre,FALSE,23.920323751552367,TRUE,MDG.1.2_1,MDG.1.2.1_1,FALSE
2018,157,-17.879077,46.358817,MDG.1_1,Antananarivo,MDG.1.2_1,Bongolava,MDG.1.2.1_1,Fenoarivo-Centre,FALSE,5.290821541181471,TRUE,MDG.1.2_1,MDG.1.2.1_1,FALSE
2018,158,-18.035018,46.415989,MDG.1_1,Antananarivo,MDG.1.2_1,Bongolava,MDG.1.2.1_1,Fenoarivo-Centre,FALSE,20.164275114384193,TRUE,MDG.1.2_1,MDG.1.2.1_1,FALSE
2018,159,-18.344876,45.85771,MDG.1_1,Antananarivo,MDG.1.2_1,Bongolava,MDG.1.2.1_1,Fenoarivo-Centre,FALSE,3.836065537309745,TRUE,MDG.1.2_1,MDG.1.2.1_1,TRUE
2018,160,-18.519175,46.407073,MDG.1_1,Antananarivo,MDG.1.2_1,Bongolava,MDG.1.2.1_1,Fenoarivo-Centre,FALSE,2.077216738180939,TRUE,MDG.1.2_1,MDG.1.2.1_1,TRUE
2018,161,-21.459859,47.085836,MDG.3_1,Fianarantsoa,MDG.3.3_1,Haute matsiatra,MDG.3.3.4_1,Fianarantsoa Urban,FALSE,2.9384971432650655,FALSE,MDG.3.3_1,MDG.3.3.4_1,TRUE
2018,162,-21.459605,47.100416,MDG.3_1,Fianarantsoa,MDG.3.3_1,Haute matsiatra,MDG.3.3.4_1,Fianarantsoa Urban,FALSE,1.567040730353078,FALSE,MDG.3.3_1,MDG.3.3.4_1,TRUE
2018,163,-21.432497,47.101886,MDG.3_1,Fianarantsoa,MDG.3.3_1,Haute matsiatra,MDG.3.3.4_1,Fianarantsoa Urban,FALSE,2.531448218121433,FALSE,MDG.3.3_1,MDG.3.3.4_1,TRUE
2018,164,-21.450143,47.088762,MDG.3_1,Fianarantsoa,MDG.3.3_1,Haute matsiatra,MDG.3.3.4_1,Fianarantsoa Urban,FALSE,3.156365320145891,FALSE,MDG.3.3_1,MDG.3.3.4_1,TRUE
2018,165,-21.451157,47.103332,MDG.3_1,Fianarantsoa,MDG.3.3_1,Haute matsiatra,MDG.3.3.4_1,Fianarantsoa Urban,FALSE,2.003591253854165,FALSE,MDG.3.3_1,MDG.3.3.4_1,TRUE
2018,166,-21.435664,47.070572,MDG.3_1,Fianarantsoa,MDG.3.3_1,Haute matsiatra,MDG.3.3.4_1,Fianarantsoa Urban,FALSE,1.9972947264271825,FALSE,MDG.3.3_1,MDG.3.3.4_1,TRUE
2018,167,-21.481075,47.068925,MDG.3_1,Fianarantsoa,MDG.3.3_1,Haute matsiatra,MDG.3.3.4_1,Fianarantsoa Urban,FALSE,1.0348327204236347,FALSE,MDG.3.3_1,MDG.3.3.4_1,TRUE
2018,168,-21.094218,46.49852,MDG.3_1,Fianarantsoa,MDG.3.3_1,Haute matsiatra,MDG.3.3.5_1,Ikalamavony,FALSE,21.311808714308135,FALSE,MDG.3.3_1,MDG.3.3.5_1,FALSE
2018,169,-21.212279,46.629531,MDG.3_1,Fianarantsoa,MDG.3.3_1,Haute matsiatra,MDG.3.3.5_1,Ikalamavony,FALSE,14.240217046664707,FALSE,MDG.3.3_1,MDG.3.3.5_1,FALSE
2018,170,-21.368809,47.190488,MDG.3_1,Fianarantsoa,MDG.3.3_1,Haute matsiatra,MDG.3.3.3_1,Fianarantsoa Rural,FALSE,8.776182615968104,FALSE,MDG.3.3_1,MDG.3.3.3_1,FALSE
2018,171,-21.683432,47.137911,MDG.3_1,Fianarantsoa,MDG.3.3_1,Haute matsiatra,MDG.3.3.3_1,Fianarantsoa Rural,FALSE,14.41300948074756,FALSE,MDG.3.3_1,MDG.3.3.3_1,FALSE
2018,172,-21.847866,46.907154,MDG.3_1,Fianarantsoa,MDG.3.3_1,Haute matsiatra,MDG.3.3.1_1,Ambalavao,FALSE,13.329799475651217,FALSE,MDG.3.3_1,MDG.3.3.1_1,FALSE
2018,173,-22.062724,47.039222,MDG.3_1,Fianarantsoa,MDG.3.3_1,Haute matsiatra,MDG.3.3.1_1,Ambalavao,FALSE,7.568699991268471,FALSE,MDG.3.3_1,MDG.3.3.1_1,FALSE
2018,174,-21.143964,47.20056,MDG.3_1,Fianarantsoa,MDG.3.3_1,Haute matsiatra,MDG.3.3.2_1,Ambohimahasoa,FALSE,9.979086337682263,TRUE,MDG.3.3_1,MDG.3.3.2_1,FALSE
2018,175,-21.097199,47.036354,MDG.3_1,Fianarantsoa,MDG.3.3_1,Haute matsiatra,MDG.3.3.2_1,Ambohimahasoa,FALSE,6.16122026503584,FALSE,MDG.3.3_1,MDG.3.3.2_1,FALSE
2018,176,-20.962519,47.237581,MDG.3_1,Fianarantsoa,MDG.3.3_1,Haute matsiatra,MDG.3.3.2_1,Ambohimahasoa,FALSE,8.809745254501566,TRUE,MDG.3.3_1,MDG.3.3.2_1,FALSE
2018,177,-21.143875,47.034946,MDG.3_1,Fianarantsoa,MDG.3.3_1,Haute matsiatra,MDG.3.3.2_1,Ambohimahasoa,FALSE,4.072893562504195,FALSE,MDG.3.3_1,MDG.3.3.2_1,TRUE
2018,178,-20.963481,47.08037,MDG.3_1,Fianarantsoa,MDG.3.3_1,Haute matsiatra,MDG.3.3.2_1,Ambohimahasoa,FALSE,5.313460676943713,TRUE,MDG.3.3_1,MDG.3.3.2_1,FALSE
2018,179,-20.863459,47.215478,MDG.3_1,Fianarantsoa,MDG.3.3_1,Haute matsiatra,MDG.3.3.2_1,Ambohimahasoa,FALSE,4.905856043563511,TRUE,MDG.3.3_1,MDG.3.3.2_1,TRUE
2018,180,-20.985695,46.298753,MDG.3_1,Fianarantsoa,MDG.3.3_1,Haute matsiatra,MDG.3.3.5_1,Ikalamavony,FALSE,6.023023953618784,FALSE,MDG.3.3_1,MDG.3.3.5_1,FALSE
2018,182,-21.095018,46.86819,MDG.3_1,Fianarantsoa,MDG.3.3_1,Haute matsiatra,MDG.3.3.3_1,Fianarantsoa Rural,FALSE,0.9150308897226905,FALSE,MDG.3.3_1,MDG.3.3.3_1,TRUE
2018,183,-21.349211,46.940984,MDG.3_1,Fianarantsoa,MDG.3.3_1,Haute matsiatra,MDG.3.3.3_1,Fianarantsoa Rural,FALSE,9.500821552594923,TRUE,MDG.3.3_1,MDG.3.3.3_1,FALSE
2018,185,-21.165884,46.955932,MDG.3_1,Fianarantsoa,MDG.3.3_1,Haute matsiatra,MDG.3.3.3_1,Fianarantsoa Rural,FALSE,0.07777622986173888,FALSE,MDG.3.3_1,MDG.3.3.3_1,TRUE
2018,186,-21.329129,47.268407,MDG.3_1,Fianarantsoa,MDG.3.3_1,Haute matsiatra,MDG.3.3.3_1,Fianarantsoa Rural,FALSE,5.504383057802792,FALSE,MDG.3.3_1,MDG.3.3.3_1,FALSE
2018,187,-21.428374,47.252877,MDG.3_1,Fianarantsoa,MDG.3.3_1,Haute matsiatra,MDG.3.3.3_1,Fianarantsoa Rural,FALSE,11.714068841707503,FALSE,MDG.3.3_1,MDG.3.3.3_1,FALSE
2018,188,-21.471091,47.369558,MDG.3_1,Fianarantsoa,MDG.3.3_1,Haute matsiatra,MDG.3.3.3_1,Fianarantsoa Rural,FALSE,3.552908138178505,FALSE,MDG.3.3_1,MDG.3.3.3_1,TRUE
2018,189,-21.393026,47.099717,MDG.3_1,Fianarantsoa,MDG.3.3_1,Haute matsiatra,MDG.3.3.3_1,Fianarantsoa Rural,FALSE,0.8248549503882049,TRUE,MDG.3.3_1,MDG.3.3.3_1,TRUE
2018,190,-21.756593,47.307875,MDG.3_1,Fianarantsoa,MDG.3.3_1,Haute matsiatra,MDG.3.3.3_1,Fianarantsoa Rural,FALSE,5.5841845111222765,FALSE,MDG.3.3_1,MDG.3.3.3_1,FALSE
2018,191,-21.583721,46.808224,MDG.3_1,Fianarantsoa,MDG.3.3_1,Haute matsiatra,MDG.3.3.3_1,Fianarantsoa Rural,FALSE,6.704994133576194,FALSE,MDG.3.3_1,MDG.3.3.3_1,FALSE
2018,192,-21.619074,47.014388,MDG.3_1,Fianarantsoa,MDG.3.3_1,Haute matsiatra,MDG.3.3.3_1,Fianarantsoa Rural,FALSE,12.113522779168202,TRUE,MDG.3.3_1,MDG.3.3.3_1,FALSE
2018,193,-21.753919,47.146924,MDG.3_1,Fianarantsoa,MDG.3.3_1,Haute matsiatra,MDG.3.3.3_1,Fianarantsoa Rural,FALSE,9.12272590317742,TRUE,MDG.3.3_1,MDG.3.3.3_1,FALSE
2018,194,-21.899104,47.163199,MDG.3_1,Fianarantsoa,MDG.3.3_1,Haute matsiatra,MDG.3.3.1_1,Ambalavao,FALSE,4.386599703433682,FALSE,MDG.3.3_1,MDG.3.3.1_1,TRUE
2018,195,-21.862237,47.081038,MDG.3_1,Fianarantsoa,MDG.3.3_1,Haute matsiatra,MDG.3.3.1_1,Ambalavao,FALSE,3.916127965624811,TRUE,MDG.3.3_1,MDG.3.3.1_1,TRUE
2018,196,-21.878001,46.955931,MDG.3_1,Fianarantsoa,MDG.3.3_1,Haute matsiatra,MDG.3.3.1_1,Ambalavao,FALSE,12.172811123884214,FALSE,MDG.3.3_1,MDG.3.3.1_1,FALSE
2018,197,-21.839123,46.843027,MDG.3_1,Fianarantsoa,MDG.3.3_1,Haute matsiatra,MDG.3.3.1_1,Ambalavao,FALSE,12.971306217707834,FALSE,MDG.3.3_1,MDG.3.3.1_1,FALSE
2018,198,-21.971618,46.668664,MDG.3_1,Fianarantsoa,MDG.3.3_1,Haute matsiatra,MDG.3.3.1_1,Ambalavao,FALSE,14.526293041155522,FALSE,MDG.3.3_1,MDG.3.3.1_1,FALSE
2018,199,-21.873208,46.50984,MDG.3_1,Fianarantsoa,MDG.3.3_1,Haute matsiatra,MDG.3.3.1_1,Ambalavao,FALSE,9.679714084367669,FALSE,MDG.3.3_1,MDG.3.3.1_1,FALSE
2018,200,-21.759664,46.2962,MDG.3_1,Fianarantsoa,MDG.3.3_1,Haute matsiatra,MDG.3.3.1_1,Ambalavao,FALSE,3.154052995531608,FALSE,MDG.3.3_1,MDG.3.3.1_1,TRUE
2018,201,-20.522514,47.247389,MDG.3_1,Fianarantsoa,MDG.3.1_1,Amoron'i mania,MDG.3.1.2_1,Ambositra,FALSE,5.281206509098629,FALSE,MDG.3.1_1,MDG.3.1.2_1,FALSE
2018,202,-20.537947,47.263384,MDG.3_1,Fianarantsoa,MDG.3.1_1,Amoron'i mania,MDG.3.1.2_1,Ambositra,FALSE,5.335324094199357,FALSE,MDG.3.1_1,MDG.3.1.2_1,FALSE
2018,203,-20.203719,47.361615,MDG.3_1,Fianarantsoa,MDG.3.1_1,Amoron'i mania,MDG.3.1.3_1,Fandriana,FALSE,15.708115373944661,FALSE,MDG.3.1_1,MDG.3.1.3_1,FALSE
2018,204,-20.230391,47.378235,MDG.3_1,Fianarantsoa,MDG.3.1_1,Amoron'i mania,MDG.3.1.3_1,Fandriana,FALSE,16.687635621465084,FALSE,MDG.3.1_1,MDG.3.1.3_1,FALSE
2018,205,-20.552155,46.802815,MDG.3_1,Fianarantsoa,MDG.3.1_1,Amoron'i mania,MDG.3.1.1_1,Ambatofinandrahana,FALSE,16.669828856891023,FALSE,MDG.3.1_1,MDG.3.1.1_1,FALSE
2018,207,-20.775741,47.066518,MDG.3_1,Fianarantsoa,MDG.3.1_1,Amoron'i mania,MDG.3.1.4_1,Manandriana,FALSE,3.916723928529644,FALSE,MDG.3.1_1,MDG.3.1.4_1,TRUE
2018,208,-20.322483,47.078407,MDG.3_1,Fianarantsoa,MDG.3.1_1,Amoron'i mania,MDG.3.1.2_1,Ambositra,FALSE,4.78393399446565,TRUE,MDG.3.1_1,MDG.3.1.2_1,TRUE
2018,209,-20.480477,47.245242,MDG.3_1,Fianarantsoa,MDG.3.1_1,Amoron'i mania,MDG.3.1.2_1,Ambositra,FALSE,3.0955111452223045,TRUE,MDG.3.1_1,MDG.3.1.2_1,TRUE
2018,210,-20.493515,47.31017,MDG.3_1,Fianarantsoa,MDG.3.1_1,Amoron'i mania,MDG.3.1.3_1,Fandriana,FALSE,0.3089437359534614,TRUE,MDG.3.1_1,MDG.3.1.3_1,TRUE
2018,211,-20.52311,47.35574,MDG.3_1,Fianarantsoa,MDG.3.1_1,Amoron'i mania,MDG.3.1.2_1,Ambositra,FALSE,1.3184365520944223,TRUE,MDG.3.1_1,MDG.3.1.2_1,TRUE
2018,212,-20.603425,47.36989,MDG.3_1,Fianarantsoa,MDG.3.1_1,Amoron'i mania,MDG.3.1.2_1,Ambositra,FALSE,8.499376205290512,FALSE,MDG.3.1_1,MDG.3.1.2_1,FALSE
2018,213,-20.656018,47.548867,MDG.3_1,Fianarantsoa,MDG.3.1_1,Amoron'i mania,MDG.3.1.2_1,Ambositra,FALSE,8.582738781991809,FALSE,MDG.3.1_1,MDG.3.1.2_1,FALSE
2018,214,-20.646927,47.219448,MDG.3_1,Fianarantsoa,MDG.3.1_1,Amoron'i mania,MDG.3.1.2_1,Ambositra,FALSE,7.984266506922339,TRUE,MDG.3.1_1,MDG.3.1.2_1,FALSE
2018,215,-20.708237,47.290136,MDG.3_1,Fianarantsoa,MDG.3.1_1,Amoron'i mania,MDG.3.1.2_1,Ambositra,FALSE,9.195049851381151,FALSE,MDG.3.1_1,MDG.3.1.2_1,FALSE
2018,216,-20.082508,47.259118,MDG.3_1,Fianarantsoa,MDG.3.1_1,Amoron'i mania,MDG.3.1.3_1,Fandriana,FALSE,0.39739343308546476,TRUE,MDG.3.1_1,MDG.3.1.3_1,TRUE
2018,217,-20.058573,47.493547,MDG.3_1,Fianarantsoa,MDG.3.1_1,Amoron'i mania,MDG.3.1.3_1,Fandriana,FALSE,0.7348926898002651,TRUE,MDG.3.1_1,MDG.3.1.3_1,TRUE
2018,218,-20.181825,47.508661,MDG.3_1,Fianarantsoa,MDG.3.1_1,Amoron'i mania,MDG.3.1.3_1,Fandriana,FALSE,11.615307464206065,TRUE,MDG.3.1_1,MDG.3.1.3_1,FALSE
2018,219,-20.360394,47.314072,MDG.3_1,Fianarantsoa,MDG.3.1_1,Amoron'i mania,MDG.3.1.3_1,Fandriana,FALSE,8.001121778474415,TRUE,MDG.3.1_1,MDG.3.1.3_1,FALSE
2018,220,-20.333772,47.491073,MDG.3_1,Fianarantsoa,MDG.3.1_1,Amoron'i mania,MDG.3.1.3_1,Fandriana,FALSE,10.10835987791948,TRUE,MDG.3.1_1,MDG.3.1.3_1,FALSE
2018,221,-20.424651,47.449063,MDG.3_1,Fianarantsoa,MDG.3.1_1,Amoron'i mania,MDG.3.1.3_1,Fandriana,FALSE,9.798131483179478,TRUE,MDG.3.1_1,MDG.3.1.3_1,FALSE
2018,222,-20.494335,47.324056,MDG.3_1,Fianarantsoa,MDG.3.1_1,Amoron'i mania,MDG.3.1.2_1,Ambositra,FALSE,0.18384767547779615,TRUE,MDG.3.1_1,MDG.3.1.2_1,TRUE
2018,226,-20.294164,46.880427,MDG.3_1,Fianarantsoa,MDG.3.1_1,Amoron'i mania,MDG.3.1.1_1,Ambatofinandrahana,FALSE,3.4002652920597125,FALSE,MDG.3.1_1,MDG.3.1.1_1,TRUE
2018,227,-20.334217,46.963899,MDG.3_1,Fianarantsoa,MDG.3.1_1,Amoron'i mania,MDG.3.1.1_1,Ambatofinandrahana,FALSE,4.80524023127201,FALSE,MDG.3.1_1,MDG.3.1.1_1,TRUE
2018,228,-20.569604000000002,46.950265,MDG.3_1,Fianarantsoa,MDG.3.1_1,Amoron'i mania,MDG.3.1.1_1,Ambatofinandrahana,FALSE,1.8182206971583297,TRUE,MDG.3.1_1,MDG.3.1.1_1,TRUE
2018,229,-20.976329,46.811325,MDG.3_1,Fianarantsoa,MDG.3.1_1,Amoron'i mania,MDG.3.1.1_1,Ambatofinandrahana,FALSE,0.4455427234394844,FALSE,MDG.3.1_1,MDG.3.1.1_1,TRUE
2018,230,-20.631339,47.123944,MDG.3_1,Fianarantsoa,MDG.3.1_1,Amoron'i mania,MDG.3.1.4_1,Manandriana,FALSE,0.12134402614868627,TRUE,MDG.3.1_1,MDG.3.1.4_1,TRUE
2018,231,-20.866629,47.099796,MDG.3_1,Fianarantsoa,MDG.3.1_1,Amoron'i mania,MDG.3.1.4_1,Manandriana,FALSE,0.9156526947583375,TRUE,MDG.3.1_1,MDG.3.1.4_1,TRUE
2018,232,-20.941098,46.979076,MDG.3_1,Fianarantsoa,MDG.3.1_1,Amoron'i mania,MDG.3.1.4_1,Manandriana,FALSE,2.9681897305667517,FALSE,MDG.3.1_1,MDG.3.1.4_1,TRUE
2018,233,-22.120909,48.023446,MDG.3_1,Fianarantsoa,MDG.3.5_1,Vatovavy Fitovinany,MDG.3.5.3_1,Manakara-Sud,FALSE,0.5776154507549329,FALSE,MDG.3.5_1,MDG.3.5.3_1,TRUE
2018,234,-22.154193,47.991854,MDG.3_1,Fianarantsoa,MDG.3.5_1,Vatovavy Fitovinany,MDG.3.5.3_1,Manakara-Sud,FALSE,2.6554188366761653,FALSE,MDG.3.5_1,MDG.3.5.3_1,TRUE
2018,235,-21.207695,48.351958,MDG.3_1,Fianarantsoa,MDG.3.5_1,Vatovavy Fitovinany,MDG.3.5.4_1,Mananjary,FALSE,0.6914499668775147,FALSE,MDG.3.5_1,MDG.3.5.4_1,TRUE
2018,236,-21.232479,48.327709,MDG.3_1,Fianarantsoa,MDG.3.5_1,Vatovavy Fitovinany,MDG.3.5.4_1,Mananjary,FALSE,2.217276579171715,FALSE,MDG.3.5_1,MDG.3.5.4_1,TRUE
2018,237,-21.158904,47.768767,MDG.3_1,Fianarantsoa,MDG.3.5_1,Vatovavy Fitovinany,MDG.3.5.1_1,Ifanadiana,FALSE,4.519717741562879,FALSE,MDG.3.5_1,MDG.3.5.1_1,TRUE
2018,238,-21.928785,47.514411,MDG.3_1,Fianarantsoa,MDG.3.5_1,Vatovavy Fitovinany,MDG.3.5.2_1,Ikongo,FALSE,12.544160074928326,FALSE,MDG.3.5_1,MDG.3.5.2_1,FALSE
2018,239,-22.337745,47.835683,MDG.3_1,Fianarantsoa,MDG.3.5_1,Vatovavy Fitovinany,MDG.3.5.6_1,Vohipeno,FALSE,10.185569347122987,FALSE,MDG.3.5_1,MDG.3.5.6_1,FALSE
2018,240,-21.906096,48.013361,MDG.3_1,Fianarantsoa,MDG.3.5_1,Vatovavy Fitovinany,MDG.3.5.3_1,Manakara-Sud,FALSE,5.038891234207253,TRUE,MDG.3.5_1,MDG.3.5.3_1,FALSE
2018,241,-21.906914,47.886983,MDG.3_1,Fianarantsoa,MDG.3.5_1,Vatovavy Fitovinany,MDG.3.5.3_1,Manakara-Sud,FALSE,17.846469357838036,TRUE,MDG.3.5_1,MDG.3.5.3_1,FALSE
2018,242,-21.886566,47.982383,MDG.3_1,Fianarantsoa,MDG.3.5_1,Vatovavy Fitovinany,MDG.3.5.3_1,Manakara-Sud,FALSE,8.834909017839912,TRUE,MDG.3.5_1,MDG.3.5.3_1,FALSE
2018,243,-22.108889,47.76373,MDG.3_1,Fianarantsoa,MDG.3.5_1,Vatovavy Fitovinany,MDG.3.5.3_1,Manakara-Sud,FALSE,10.720276054368066,TRUE,MDG.3.5_1,MDG.3.5.3_1,FALSE
2018,244,-22.19703,47.842454,MDG.3_1,Fianarantsoa,MDG.3.5_1,Vatovavy Fitovinany,MDG.3.5.3_1,Manakara-Sud,FALSE,3.3758704354528075,TRUE,MDG.3.5_1,MDG.3.5.3_1,TRUE
2018,245,-21.70404,47.716698,MDG.3_1,Fianarantsoa,MDG.3.5_1,Vatovavy Fitovinany,MDG.3.5.3_1,Manakara-Sud,FALSE,7.0875559695674175,TRUE,MDG.3.5_1,MDG.3.5.3_1,FALSE
2018,246,-22.031921,47.728205,MDG.3_1,Fianarantsoa,MDG.3.5_1,Vatovavy Fitovinany,MDG.3.5.3_1,Manakara-Sud,FALSE,7.976369781533471,TRUE,MDG.3.5_1,MDG.3.5.3_1,FALSE
2018,247,-21.77496,47.936734,MDG.3_1,Fianarantsoa,MDG.3.5_1,Vatovavy Fitovinany,MDG.3.5.3_1,Manakara-Sud,FALSE,11.76550776421935,TRUE,MDG.3.5_1,MDG.3.5.3_1,FALSE
2018,248,-21.737979,48.098972,MDG.3_1,Fianarantsoa,MDG.3.5_1,Vatovavy Fitovinany,MDG.3.5.3_1,Manakara-Sud,FALSE,2.8652040888000143,TRUE,MDG.3.5_1,MDG.3.5.3_1,TRUE
2018,249,-21.722417,47.748996,MDG.3_1,Fianarantsoa,MDG.3.5_1,Vatovavy Fitovinany,MDG.3.5.3_1,Manakara-Sud,FALSE,8.018020358125503,TRUE,MDG.3.5_1,MDG.3.5.3_1,FALSE
2018,250,-21.920691,47.734332,MDG.3_1,Fianarantsoa,MDG.3.5_1,Vatovavy Fitovinany,MDG.3.5.3_1,Manakara-Sud,FALSE,8.65273285868769,TRUE,MDG.3.5_1,MDG.3.5.3_1,FALSE
2018,251,-22.063205,47.832525,MDG.3_1,Fianarantsoa,MDG.3.5_1,Vatovavy Fitovinany,MDG.3.5.3_1,Manakara-Sud,FALSE,17.749589960569182,TRUE,MDG.3.5_1,MDG.3.5.3_1,FALSE
2018,252,-20.414979,48.319689,MDG.3_1,Fianarantsoa,MDG.3.5_1,Vatovavy Fitovinany,MDG.3.5.5_1,Nosy varika,FALSE,6.74049847876565,TRUE,MDG.3.5_1,MDG.3.5.5_1,FALSE
2018,253,-20.489102,48.415361,MDG.3_1,Fianarantsoa,MDG.3.5_1,Vatovavy Fitovinany,MDG.3.5.5_1,Nosy varika,FALSE,9.817697543484805,TRUE,MDG.3.5_1,MDG.3.5.5_1,FALSE
2018,254,-20.556999,48.125774,MDG.3_1,Fianarantsoa,MDG.3.5_1,Vatovavy Fitovinany,MDG.3.5.5_1,Nosy varika,FALSE,13.13970459080906,TRUE,MDG.3.5_1,MDG.3.5.5_1,FALSE
2018,255,-20.69161,48.058023,MDG.3_1,Fianarantsoa,MDG.3.5_1,Vatovavy Fitovinany,MDG.3.5.5_1,Nosy varika,FALSE,6.3376648129565405,TRUE,MDG.3.5_1,MDG.3.5.5_1,FALSE
2018,256,-20.598074,48.318397,MDG.3_1,Fianarantsoa,MDG.3.5_1,Vatovavy Fitovinany,MDG.3.5.5_1,Nosy varika,FALSE,18.977997386783876,TRUE,MDG.3.5_1,MDG.3.5.5_1,FALSE
2018,257,-20.711669,48.39964,MDG.3_1,Fianarantsoa,MDG.3.5_1,Vatovavy Fitovinany,MDG.3.5.5_1,Nosy varika,FALSE,10.146040697782606,TRUE,MDG.3.5_1,MDG.3.5.5_1,FALSE
2018,258,-20.783302,48.258226,MDG.3_1,Fianarantsoa,MDG.3.5_1,Vatovavy Fitovinany,MDG.3.5.5_1,Nosy varika,FALSE,2.412272396120956,TRUE,MDG.3.5_1,MDG.3.5.5_1,TRUE
2018,259,-20.785266,48.127072,MDG.3_1,Fianarantsoa,MDG.3.5_1,Vatovavy Fitovinany,MDG.3.5.4_1,Mananjary,FALSE,1.2450632257896228,TRUE,MDG.3.5_1,MDG.3.5.4_1,TRUE
2018,260,-20.886245,48.15014,MDG.3_1,Fianarantsoa,MDG.3.5_1,Vatovavy Fitovinany,MDG.3.5.4_1,Mananjary,FALSE,9.602427209983386,TRUE,MDG.3.5_1,MDG.3.5.4_1,FALSE
2018,261,-21.058411,48.029188,MDG.3_1,Fianarantsoa,MDG.3.5_1,Vatovavy Fitovinany,MDG.3.5.4_1,Mananjary,FALSE,19.476331426264338,TRUE,MDG.3.5_1,MDG.3.5.4_1,FALSE
2018,262,-21.110675,47.838871,MDG.3_1,Fianarantsoa,MDG.3.5_1,Vatovavy Fitovinany,MDG.3.5.4_1,Mananjary,FALSE,1.3606101988433967,TRUE,MDG.3.5_1,MDG.3.5.4_1,TRUE
2018,263,-21.104846,48.30605,MDG.3_1,Fianarantsoa,MDG.3.5_1,Vatovavy Fitovinany,MDG.3.5.4_1,Mananjary,FALSE,9.267195782290319,TRUE,MDG.3.5_1,MDG.3.5.4_1,FALSE
2018,264,-21.198575,47.957536,MDG.3_1,Fianarantsoa,MDG.3.5_1,Vatovavy Fitovinany,MDG.3.5.4_1,Mananjary,FALSE,14.384909058570456,TRUE,MDG.3.5_1,MDG.3.5.4_1,FALSE
2018,265,-21.365827,48.007377,MDG.3_1,Fianarantsoa,MDG.3.5_1,Vatovavy Fitovinany,MDG.3.5.4_1,Mananjary,FALSE,20.584367633039165,TRUE,MDG.3.5_1,MDG.3.5.4_1,FALSE
2018,266,-21.623005,48.179772,MDG.3_1,Fianarantsoa,MDG.3.5_1,Vatovavy Fitovinany,MDG.3.5.4_1,Mananjary,FALSE,4.543267653199739,TRUE,MDG.3.5_1,MDG.3.5.4_1,TRUE
2018,267,-21.641289,47.940689,MDG.3_1,Fianarantsoa,MDG.3.5_1,Vatovavy Fitovinany,MDG.3.5.4_1,Mananjary,FALSE,2.275803842515916,TRUE,MDG.3.5_1,MDG.3.5.4_1,TRUE
2018,268,-20.740056,47.84241,MDG.3_1,Fianarantsoa,MDG.3.5_1,Vatovavy Fitovinany,MDG.3.5.1_1,Ifanadiana,FALSE,3.9583828054986294,TRUE,MDG.3.5_1,MDG.3.5.1_1,TRUE
2018,269,-20.947671,47.707381,MDG.3_1,Fianarantsoa,MDG.3.5_1,Vatovavy Fitovinany,MDG.3.5.1_1,Ifanadiana,FALSE,10.622591083299001,TRUE,MDG.3.5_1,MDG.3.5.1_1,FALSE
2018,270,-21.309268,47.541729,MDG.3_1,Fianarantsoa,MDG.3.5_1,Vatovavy Fitovinany,MDG.3.5.1_1,Ifanadiana,FALSE,13.12489649237189,FALSE,MDG.3.5_1,MDG.3.5.1_1,FALSE
2018,271,-21.342847,47.760321,MDG.3_1,Fianarantsoa,MDG.3.5_1,Vatovavy Fitovinany,MDG.3.5.1_1,Ifanadiana,FALSE,2.8131657084216832,FALSE,MDG.3.5_1,MDG.3.5.1_1,TRUE
2018,272,-21.654953,47.518068,MDG.3_1,Fianarantsoa,MDG.3.5_1,Vatovavy Fitovinany,MDG.3.5.2_1,Ikongo,FALSE,7.5940521076160765,FALSE,MDG.3.5_1,MDG.3.5.2_1,FALSE
2018,273,-21.946944,47.404573,MDG.3_1,Fianarantsoa,MDG.3.5_1,Vatovavy Fitovinany,MDG.3.5.2_1,Ikongo,FALSE,8.61681835720203,FALSE,MDG.3.5_1,MDG.3.5.2_1,FALSE
2018,274,-22.264898,47.588676,MDG.3_1,Fianarantsoa,MDG.3.5_1,Vatovavy Fitovinany,MDG.3.5.6_1,Vohipeno,FALSE,1.012813615061876,TRUE,MDG.3.5_1,MDG.3.5.6_1,TRUE
2018,275,-22.301617,47.359977,MDG.3_1,Fianarantsoa,MDG.3.5_1,Vatovavy Fitovinany,MDG.3.5.2_1,Ikongo,FALSE,1.5064046003499176,FALSE,MDG.3.5_1,MDG.3.5.2_1,TRUE
2018,276,-22.303952,47.750239,MDG.3_1,Fianarantsoa,MDG.3.5_1,Vatovavy Fitovinany,MDG.3.5.6_1,Vohipeno,FALSE,5.900295354414207,TRUE,MDG.3.5_1,MDG.3.5.6_1,FALSE
2018,277,-22.306581,47.456424,MDG.3_1,Fianarantsoa,MDG.3.5_1,Vatovavy Fitovinany,MDG.3.5.6_1,Vohipeno,FALSE,1.4610085877509091,TRUE,MDG.3.5_1,MDG.3.5.6_1,TRUE
2018,278,-22.380249,47.639687,MDG.3_1,Fianarantsoa,MDG.3.5_1,Vatovavy Fitovinany,MDG.3.5.6_1,Vohipeno,FALSE,7.1764830929816705,TRUE,MDG.3.5_1,MDG.3.5.6_1,FALSE
2018,279,-22.407712,47.827815,MDG.3_1,Fianarantsoa,MDG.3.5_1,Vatovavy Fitovinany,MDG.3.5.6_1,Vohipeno,FALSE,4.410691047117148,TRUE,MDG.3.5_1,MDG.3.5.6_1,TRUE
2018,280,-22.39993,47.92034,MDG.3_1,Fianarantsoa,MDG.3.5_1,Vatovavy Fitovinany,MDG.3.5.6_1,Vohipeno,FALSE,0.26336741475868486,TRUE,MDG.3.5_1,MDG.3.5.6_1,TRUE
2018,281,-22.3895,46.134368,MDG.3_1,Fianarantsoa,MDG.3.4_1,Ihorombe,MDG.3.4.2_1,Ihosy,FALSE,35.75730246301507,FALSE,MDG.3.4_1,MDG.3.4.2_1,FALSE
2018,282,-22.390227,46.134205,MDG.3_1,Fianarantsoa,MDG.3.4_1,Ihorombe,MDG.3.4.2_1,Ihosy,FALSE,35.677693767473194,FALSE,MDG.3.4_1,MDG.3.4.2_1,FALSE
2018,283,-22.39951,46.116704,MDG.3_1,Fianarantsoa,MDG.3.4_1,Ihorombe,MDG.3.4.2_1,Ihosy,FALSE,33.97855035224045,FALSE,MDG.3.4_1,MDG.3.4.2_1,FALSE
2018,284,-22.493444,46.883533,MDG.3_1,Fianarantsoa,MDG.3.4_1,Ihorombe,MDG.3.4.3_1,Ivohibe,FALSE,16.555282478110914,FALSE,MDG.3.4_1,MDG.3.4.3_1,FALSE
2018,285,-22.573791,46.795024,MDG.3_1,Fianarantsoa,MDG.3.4_1,Ihorombe,MDG.3.4.3_1,Ivohibe,FALSE,7.943370847682895,FALSE,MDG.3.4_1,MDG.3.4.3_1,FALSE
2018,286,-22.991702,46.661601,MDG.3_1,Fianarantsoa,MDG.3.4_1,Ihorombe,MDG.3.4.1_1,Iakora,FALSE,12.329898714437348,FALSE,MDG.3.4_1,MDG.3.4.1_1,FALSE
2018,288,-22.270884,46.263861,MDG.3_1,Fianarantsoa,MDG.3.4_1,Ihorombe,MDG.3.4.2_1,Ihosy,FALSE,28.19473559383058,FALSE,MDG.3.4_1,MDG.3.4.2_1,FALSE
2018,289,-22.43625,46.405029999999996,MDG.3_1,Fianarantsoa,MDG.3.4_1,Ihorombe,MDG.3.4.2_1,Ihosy,FALSE,18.21192296313165,FALSE,MDG.3.4_1,MDG.3.4.2_1,FALSE
2018,290,-22.348199,46.292282,MDG.3_1,Fianarantsoa,MDG.3.4_1,Ihorombe,MDG.3.4.2_1,Ihosy,FALSE,26.1001898037103,FALSE,MDG.3.4_1,MDG.3.4.2_1,FALSE
2018,291,-22.55972,46.431732,MDG.3_1,Fianarantsoa,MDG.3.4_1,Ihorombe,MDG.3.4.2_1,Ihosy,FALSE,18.506903122024873,FALSE,MDG.3.4_1,MDG.3.4.2_1,FALSE
2018,292,-22.817669,46.275778,MDG.3_1,Fianarantsoa,MDG.3.4_1,Ihorombe,MDG.3.4.2_1,Ihosy,FALSE,6.463383238930654,TRUE,MDG.3.4_1,MDG.3.4.2_1,FALSE
2018,293,-22.333284,46.150991,MDG.3_1,Fianarantsoa,MDG.3.4_1,Ihorombe,MDG.3.4.2_1,Ihosy,FALSE,40.220453224919126,FALSE,MDG.3.4_1,MDG.3.4.2_1,FALSE
2018,294,-22.139874,46.036711,MDG.3_1,Fianarantsoa,MDG.3.4_1,Ihorombe,MDG.3.4.2_1,Ihosy,FALSE,41.781556896729484,FALSE,MDG.3.4_1,MDG.3.4.2_1,FALSE
2018,295,-22.248943,46.074404,MDG.3_1,Fianarantsoa,MDG.3.4_1,Ihorombe,MDG.3.4.2_1,Ihosy,FALSE,42.921179675135555,FALSE,MDG.3.4_1,MDG.3.4.2_1,FALSE
2018,296,-22.514422,45.759411,MDG.3_1,Fianarantsoa,MDG.3.4_1,Ihorombe,MDG.3.4.2_1,Ihosy,FALSE,19.94376685728777,TRUE,MDG.3.4_1,MDG.3.4.2_1,FALSE
2018,297,-22.123134,45.706225,MDG.3_1,Fianarantsoa,MDG.3.4_1,Ihorombe,MDG.3.4.2_1,Ihosy,FALSE,39.44247302299708,TRUE,MDG.3.4_1,MDG.3.4.2_1,FALSE
2018,298,-22.668742,45.547867,MDG.3_1,Fianarantsoa,MDG.3.4_1,Ihorombe,MDG.3.4.2_1,Ihosy,FALSE,10.931100230002125,TRUE,MDG.3.4_1,MDG.3.4.2_1,FALSE
2018,299,-22.53903,45.485217,MDG.3_1,Fianarantsoa,MDG.3.4_1,Ihorombe,MDG.3.4.2_1,Ihosy,FALSE,26.63338728036711,TRUE,MDG.3.4_1,MDG.3.4.2_1,FALSE
2018,300,-21.936586,45.414531,MDG.3_1,Fianarantsoa,MDG.3.4_1,Ihorombe,MDG.3.4.2_1,Ihosy,FALSE,8.441626522257291,TRUE,MDG.3.4_1,MDG.3.4.2_1,FALSE
2018,301,-22.878645,45.135981,MDG.3_1,Fianarantsoa,MDG.3.4_1,Ihorombe,MDG.3.4.2_1,Ihosy,FALSE,13.343352205271703,TRUE,MDG.3.4_1,MDG.3.4.2_1,FALSE
2018,302,-22.710285,45.066677,MDG.3_1,Fianarantsoa,MDG.3.4_1,Ihorombe,MDG.3.4.2_1,Ihosy,FALSE,2.5381628346914664,FALSE,MDG.3.4_1,MDG.3.4.2_1,TRUE
2018,303,-22.713649,45.21141,MDG.3_1,Fianarantsoa,MDG.3.4_1,Ihorombe,MDG.3.4.2_1,Ihosy,FALSE,17.16415161728722,FALSE,MDG.3.4_1,MDG.3.4.2_1,FALSE
2018,304,-21.991304,46.234968,MDG.3_1,Fianarantsoa,MDG.3.4_1,Ihorombe,MDG.3.4.2_1,Ihosy,FALSE,18.33850907318552,FALSE,MDG.3.4_1,MDG.3.4.2_1,FALSE
2018,305,-22.661235,46.055472,MDG.3_1,Fianarantsoa,MDG.3.4_1,Ihorombe,MDG.3.4.2_1,Ihosy,FALSE,6.14420131115886,FALSE,MDG.3.4_1,MDG.3.4.2_1,FALSE
2018,306,-22.206045,46.700624,MDG.3_1,Fianarantsoa,MDG.3.4_1,Ihorombe,MDG.3.4.3_1,Ivohibe,FALSE,3.30453000534212,FALSE,MDG.3.4_1,MDG.3.4.3_1,TRUE
2018,307,-22.789141,46.911375,MDG.3_1,Fianarantsoa,MDG.3.4_1,Ihorombe,MDG.3.4.3_1,Ivohibe,FALSE,3.985219766203606,TRUE,MDG.3.4_1,MDG.3.4.3_1,TRUE
2018,308,-22.620495,46.957387,MDG.3_1,Fianarantsoa,MDG.3.4_1,Ihorombe,MDG.3.4.3_1,Ivohibe,FALSE,19.103622218931118,FALSE,MDG.3.4_1,MDG.3.4.3_1,FALSE
2018,309,-22.851859,46.701866,MDG.3_1,Fianarantsoa,MDG.3.4_1,Ihorombe,MDG.3.4.1_1,Iakora,FALSE,12.19053091296305,TRUE,MDG.3.4_1,MDG.3.4.1_1,FALSE
2018,310,-22.693856,46.523109,MDG.3_1,Fianarantsoa,MDG.3.4_1,Ihorombe,MDG.3.4.2_1,Ihosy,FALSE,1.5638105797987643,TRUE,MDG.3.4_1,MDG.3.4.2_1,TRUE
2018,311,-22.901101,46.870508,MDG.3_1,Fianarantsoa,MDG.3.4_1,Ihorombe,MDG.3.4.1_1,Iakora,FALSE,4.247083970301636,TRUE,MDG.3.4_1,MDG.3.4.1_1,TRUE
2018,313,-22.819631,47.823764,MDG.3_1,Fianarantsoa,MDG.3.2_1,Atsimo-Atsinana,MDG.3.2.2_1,Farafangana,FALSE,1.207389212575747,FALSE,MDG.3.2_1,MDG.3.2.2_1,TRUE
2018,314,-22.823565,47.345533,MDG.3_1,Fianarantsoa,MDG.3.2_1,Atsimo-Atsinana,MDG.3.2.5_1,Vondrozo,FALSE,11.78146748465862,FALSE,MDG.3.2_1,MDG.3.2.5_1,FALSE
2018,315,-23.349202,47.612113,MDG.3_1,Fianarantsoa,MDG.3.2_1,Atsimo-Atsinana,MDG.3.2.4_1,Vangaindrano,FALSE,7.965456344482199,FALSE,MDG.3.2_1,MDG.3.2.4_1,FALSE
2018,316,-23.509495,47.086226,MDG.3_1,Fianarantsoa,MDG.3.2_1,Atsimo-Atsinana,MDG.3.2.3_1,Midongy-Sud,FALSE,8.789441317075728,FALSE,MDG.3.2_1,MDG.3.2.3_1,FALSE
2018,317,-23.843947,46.882683,MDG.3_1,Fianarantsoa,MDG.3.2_1,Atsimo-Atsinana,MDG.3.2.1_1,Befotaka,FALSE,8.489589395653795,FALSE,MDG.3.2_1,MDG.3.2.1_1,FALSE
2018,318,-22.611549,47.727685,MDG.3_1,Fianarantsoa,MDG.3.2_1,Atsimo-Atsinana,MDG.3.2.2_1,Farafangana,FALSE,12.325521678467904,TRUE,MDG.3.2_1,MDG.3.2.2_1,FALSE
2018,319,-22.557994,47.587588,MDG.3_1,Fianarantsoa,MDG.3.2_1,Atsimo-Atsinana,MDG.3.2.2_1,Farafangana,FALSE,3.7870327900881495,TRUE,MDG.3.2_1,MDG.3.2.2_1,TRUE
2018,320,-22.573418,47.712243,MDG.3_1,Fianarantsoa,MDG.3.2_1,Atsimo-Atsinana,MDG.3.2.2_1,Farafangana,FALSE,7.937753607829438,TRUE,MDG.3.2_1,MDG.3.2.2_1,FALSE
2018,321,-22.701975,47.741127,MDG.3_1,Fianarantsoa,MDG.3.2_1,Atsimo-Atsinana,MDG.3.2.2_1,Farafangana,FALSE,11.935549657113063,TRUE,MDG.3.2_1,MDG.3.2.2_1,FALSE
2018,322,-22.768475,47.814532,MDG.3_1,Fianarantsoa,MDG.3.2_1,Atsimo-Atsinana,MDG.3.2.2_1,Farafangana,FALSE,3.359796991057903,TRUE,MDG.3.2_1,MDG.3.2.2_1,TRUE
2018,323,-22.689624,47.685487,MDG.3_1,Fianarantsoa,MDG.3.2_1,Atsimo-Atsinana,MDG.3.2.2_1,Farafangana,FALSE,15.427945705169297,TRUE,MDG.3.2_1,MDG.3.2.2_1,FALSE
2018,324,-22.635497,47.52207,MDG.3_1,Fianarantsoa,MDG.3.2_1,Atsimo-Atsinana,MDG.3.2.2_1,Farafangana,FALSE,4.8595884186281415,TRUE,MDG.3.2_1,MDG.3.2.2_1,TRUE
2018,325,-22.771098,47.531289,MDG.3_1,Fianarantsoa,MDG.3.2_1,Atsimo-Atsinana,MDG.3.2.2_1,Farafangana,FALSE,0.3917161832181601,TRUE,MDG.3.2_1,MDG.3.2.2_1,TRUE
2018,326,-22.737637,47.753058,MDG.3_1,Fianarantsoa,MDG.3.2_1,Atsimo-Atsinana,MDG.3.2.2_1,Farafangana,FALSE,10.473599082525944,TRUE,MDG.3.2_1,MDG.3.2.2_1,FALSE
2018,327,-22.892792,47.78126,MDG.3_1,Fianarantsoa,MDG.3.2_1,Atsimo-Atsinana,MDG.3.2.2_1,Farafangana,FALSE,4.500404424742038,TRUE,MDG.3.2_1,MDG.3.2.2_1,TRUE
2018,328,-22.877754,47.631402,MDG.3_1,Fianarantsoa,MDG.3.2_1,Atsimo-Atsinana,MDG.3.2.2_1,Farafangana,FALSE,14.508258565214241,TRUE,MDG.3.2_1,MDG.3.2.2_1,FALSE
2018,329,-22.880124,47.595541,MDG.3_1,Fianarantsoa,MDG.3.2_1,Atsimo-Atsinana,MDG.3.2.2_1,Farafangana,FALSE,11.643480469715067,TRUE,MDG.3.2_1,MDG.3.2.2_1,FALSE
2018,330,-22.996487,47.543196,MDG.3_1,Fianarantsoa,MDG.3.2_1,Atsimo-Atsinana,MDG.3.2.2_1,Farafangana,FALSE,9.74676175860265,TRUE,MDG.3.2_1,MDG.3.2.2_1,FALSE
2018,331,-23.107846,47.764273,MDG.3_1,Fianarantsoa,MDG.3.2_1,Atsimo-Atsinana,MDG.3.2.2_1,Farafangana,TRUE,0.28645506889901984,FALSE,MDG.3.2_1,MDG.3.2.2_1,TRUE
2018,332,-23.080626,47.559498,MDG.3_1,Fianarantsoa,MDG.3.2_1,Atsimo-Atsinana,MDG.3.2.2_1,Farafangana,FALSE,5.623947618912699,TRUE,MDG.3.2_1,MDG.3.2.2_1,FALSE
2018,333,-22.360616,47.425914,MDG.3_1,Fianarantsoa,MDG.3.2_1,Atsimo-Atsinana,MDG.3.2.5_1,Vondrozo,FALSE,2.6027122594702345,TRUE,MDG.3.2_1,MDG.3.2.5_1,TRUE
2018,334,-22.566501,47.383121,MDG.3_1,Fianarantsoa,MDG.3.2_1,Atsimo-Atsinana,MDG.3.2.5_1,Vondrozo,FALSE,9.902748699649251,TRUE,MDG.3.2_1,MDG.3.2.5_1,FALSE
2018,335,-22.487719,47.552123,MDG.3_1,Fianarantsoa,MDG.3.2_1,Atsimo-Atsinana,MDG.3.2.5_1,Vondrozo,FALSE,1.9946638969549442,TRUE,MDG.3.2_1,MDG.3.2.5_1,TRUE
2018,336,-22.786131,47.341425,MDG.3_1,Fianarantsoa,MDG.3.2_1,Atsimo-Atsinana,MDG.3.2.5_1,Vondrozo,FALSE,12.27168008043398,FALSE,MDG.3.2_1,MDG.3.2.5_1,FALSE
2018,337,-23.03478,47.272206,MDG.3_1,Fianarantsoa,MDG.3.2_1,Atsimo-Atsinana,MDG.3.2.5_1,Vondrozo,FALSE,7.446995303510955,FALSE,MDG.3.2_1,MDG.3.2.5_1,FALSE
2018,338,-23.077223,47.431783,MDG.3_1,Fianarantsoa,MDG.3.2_1,Atsimo-Atsinana,MDG.3.2.4_1,Vangaindrano,FALSE,1.4834438049583158,TRUE,MDG.3.2_1,MDG.3.2.4_1,TRUE
2018,339,-23.169675,47.364184,MDG.3_1,Fianarantsoa,MDG.3.2_1,Atsimo-Atsinana,MDG.3.2.4_1,Vangaindrano,FALSE,9.093665823631436,TRUE,MDG.3.2_1,MDG.3.2.4_1,FALSE
2018,340,-23.243642,47.503581,MDG.3_1,Fianarantsoa,MDG.3.2_1,Atsimo-Atsinana,MDG.3.2.4_1,Vangaindrano,FALSE,10.890079552255113,TRUE,MDG.3.2_1,MDG.3.2.4_1,FALSE
2018,341,-23.259025,47.632941,MDG.3_1,Fianarantsoa,MDG.3.2_1,Atsimo-Atsinana,MDG.3.2.4_1,Vangaindrano,FALSE,7.250677716837121,TRUE,MDG.3.2_1,MDG.3.2.4_1,FALSE
2018,342,-23.28513,47.674482,MDG.3_1,Fianarantsoa,MDG.3.2_1,Atsimo-Atsinana,MDG.3.2.4_1,Vangaindrano,FALSE,4.731091371773209,TRUE,MDG.3.2_1,MDG.3.2.4_1,TRUE
2018,343,-23.356655,47.582566,MDG.3_1,Fianarantsoa,MDG.3.2_1,Atsimo-Atsinana,MDG.3.2.4_1,Vangaindrano,FALSE,10.864466193686736,TRUE,MDG.3.2_1,MDG.3.2.4_1,FALSE
2018,344,-23.406135,47.267012,MDG.3_1,Fianarantsoa,MDG.3.2_1,Atsimo-Atsinana,MDG.3.2.4_1,Vangaindrano,FALSE,9.651484383486284,FALSE,MDG.3.2_1,MDG.3.2.4_1,FALSE
2018,345,-23.413031,47.532253,MDG.3_1,Fianarantsoa,MDG.3.2_1,Atsimo-Atsinana,MDG.3.2.4_1,Vangaindrano,FALSE,13.381400074125578,TRUE,MDG.3.2_1,MDG.3.2.4_1,FALSE
2018,346,-23.524623,47.527795,MDG.3_1,Fianarantsoa,MDG.3.2_1,Atsimo-Atsinana,MDG.3.2.4_1,Vangaindrano,FALSE,6.985432653325591,TRUE,MDG.3.2_1,MDG.3.2.4_1,FALSE
2018,347,-23.578836,47.491299,MDG.3_1,Fianarantsoa,MDG.3.2_1,Atsimo-Atsinana,MDG.3.2.4_1,Vangaindrano,FALSE,7.4758865358570725,TRUE,MDG.3.2_1,MDG.3.2.4_1,FALSE
2018,348,-23.656011,47.504717,MDG.3_1,Fianarantsoa,MDG.3.2_1,Atsimo-Atsinana,MDG.3.2.4_1,Vangaindrano,FALSE,8.452398491330982,TRUE,MDG.3.2_1,MDG.3.2.4_1,FALSE
2018,349,-23.931903,47.467293,MDG.3_1,Fianarantsoa,MDG.3.2_1,Atsimo-Atsinana,MDG.3.2.4_1,Vangaindrano,FALSE,5.492183697711449,TRUE,MDG.3.2_1,MDG.3.2.4_1,FALSE
2018,350,-23.377261,46.924509,MDG.3_1,Fianarantsoa,MDG.3.2_1,Atsimo-Atsinana,MDG.3.2.3_1,Midongy-Sud,FALSE,2.4373121022549005,FALSE,MDG.3.2_1,MDG.3.2.3_1,TRUE
2018,351,-23.885823,46.856233,MDG.3_1,Fianarantsoa,MDG.3.2_1,Atsimo-Atsinana,MDG.3.2.1_1,Befotaka,FALSE,13.831478938513541,FALSE,MDG.3.2_1,MDG.3.2.1_1,FALSE
2018,352,-23.948656,46.807182,MDG.3_1,Fianarantsoa,MDG.3.2_1,Atsimo-Atsinana,MDG.3.2.1_1,Befotaka,FALSE,10.606359046817722,FALSE,MDG.3.2_1,MDG.3.2.1_1,FALSE
2018,353,-18.117066,49.401243,MDG.5_1,Toamasina,MDG.5.3_1,Atsinanana,MDG.5.3.5_1,Toamasina Rural,FALSE,0.40254784759642837,FALSE,MDG.5.3_1,MDG.5.3.5_1,TRUE
2018,354,-18.148622,49.40844,MDG.5_1,Toamasina,MDG.5.3_1,Atsinanana,MDG.5.3.5_1,Toamasina Rural,FALSE,0.8872130058344044,FALSE,MDG.5.3_1,MDG.5.3.5_1,TRUE
2018,355,-18.128782,49.400323,MDG.5_1,Toamasina,MDG.5.3_1,Atsinanana,MDG.5.3.5_1,Toamasina Rural,FALSE,0.9368378979882659,FALSE,MDG.5.3_1,MDG.5.3.5_1,TRUE
2018,356,-18.152078,49.370034,MDG.5_1,Toamasina,MDG.5.3_1,Atsinanana,MDG.5.3.5_1,Toamasina Rural,FALSE,4.006435098638336,FALSE,MDG.5.3_1,MDG.5.3.5_1,TRUE
2018,357,-18.155548,49.396222,MDG.5_1,Toamasina,MDG.5.3_1,Atsinanana,MDG.5.3.5_1,Toamasina Rural,FALSE,1.810014946650483,FALSE,MDG.5.3_1,MDG.5.3.5_1,TRUE
2018,358,-18.153178,49.392886,MDG.5_1,Toamasina,MDG.5.3_1,Atsinanana,MDG.5.3.5_1,Toamasina Rural,FALSE,2.2345185655729596,FALSE,MDG.5.3_1,MDG.5.3.5_1,TRUE
2018,359,-18.150084,49.391381,MDG.5_1,Toamasina,MDG.5.3_1,Atsinanana,MDG.5.3.5_1,Toamasina Rural,FALSE,2.602825045531415,FALSE,MDG.5.3_1,MDG.5.3.5_1,TRUE
2018,360,-18.159141,49.394169,MDG.5_1,Toamasina,MDG.5.3_1,Atsinanana,MDG.5.3.5_1,Toamasina Rural,FALSE,1.6629392776907836,FALSE,MDG.5.3_1,MDG.5.3.5_1,TRUE
2018,361,-18.165242,49.40417,MDG.5_1,Toamasina,MDG.5.3_1,Atsinanana,MDG.5.3.5_1,Toamasina Rural,FALSE,0.44740111003950506,FALSE,MDG.5.3_1,MDG.5.3.5_1,TRUE
2018,362,-18.155818,49.40078,MDG.5_1,Toamasina,MDG.5.3_1,Atsinanana,MDG.5.3.5_1,Toamasina Rural,FALSE,1.5255806956677183,FALSE,MDG.5.3_1,MDG.5.3.5_1,TRUE
2018,363,-18.11152,49.380757,MDG.5_1,Toamasina,MDG.5.3_1,Atsinanana,MDG.5.3.5_1,Toamasina Rural,FALSE,2.27955222106463,FALSE,MDG.5.3_1,MDG.5.3.5_1,TRUE
2018,364,-18.183988,49.374055,MDG.5_1,Toamasina,MDG.5.3_1,Atsinanana,MDG.5.3.5_1,Toamasina Rural,FALSE,1.4508294941460638,FALSE,MDG.5.3_1,MDG.5.3.5_1,TRUE
2018,365,-18.819455,49.052994,MDG.5_1,Toamasina,MDG.5.3_1,Atsinanana,MDG.5.3.1_1,Ampasimanolotra,FALSE,10.928166515989998,FALSE,MDG.5.3_1,MDG.5.3.1_1,FALSE
2018,366,-19.411073,48.552812,MDG.5_1,Toamasina,MDG.5.3_1,Atsinanana,MDG.5.3.2_1,Antanambao manampotsy,FALSE,4.273111688043692,FALSE,MDG.5.3_1,MDG.5.3.2_1,TRUE
2018,367,-19.876614,48.747518,MDG.5_1,Toamasina,MDG.5.3_1,Atsinanana,MDG.5.3.3_1,Mahanoro,FALSE,6.859542692127966,FALSE,MDG.5.3_1,MDG.5.3.3_1,FALSE
2018,368,-19.957387,48.726449,MDG.5_1,Toamasina,MDG.5.3_1,Atsinanana,MDG.5.3.3_1,Mahanoro,FALSE,5.486251807808347,FALSE,MDG.5.3_1,MDG.5.3.3_1,FALSE
2018,369,-17.685004,49.365568,MDG.5_1,Toamasina,MDG.5.3_1,Atsinanana,MDG.5.3.5_1,Toamasina Rural,FALSE,10.121088733992512,FALSE,MDG.5.3_1,MDG.5.3.5_1,FALSE
2018,370,-17.788091,49.369778,MDG.5_1,Toamasina,MDG.5.3_1,Atsinanana,MDG.5.3.5_1,Toamasina Rural,FALSE,12.414167193782493,TRUE,MDG.5.3_1,MDG.5.3.5_1,FALSE
2018,372,-18.070135,49.407543,MDG.5_1,Toamasina,MDG.5.3_1,Atsinanana,MDG.5.3.5_1,Toamasina Rural,TRUE,0.2254749289806605,FALSE,MDG.5.3_1,MDG.5.3.5_1,TRUE
2018,373,-18.232143,49.29952,MDG.5_1,Toamasina,MDG.5.3_1,Atsinanana,MDG.5.3.5_1,Toamasina Rural,FALSE,7.241853739576376,TRUE,MDG.5.3_1,MDG.5.3.5_1,FALSE
2018,374,-18.435153,48.964438,MDG.5_1,Toamasina,MDG.5.3_1,Atsinanana,MDG.5.3.1_1,Ampasimanolotra,FALSE,7.088537052195994,FALSE,MDG.5.3_1,MDG.5.3.1_1,FALSE
2018,375,-18.598572,49.118957,MDG.5_1,Toamasina,MDG.5.3_1,Atsinanana,MDG.5.3.1_1,Ampasimanolotra,FALSE,12.506531418490436,TRUE,MDG.5.3_1,MDG.5.3.1_1,FALSE
2018,376,-18.68892,49.088335,MDG.5_1,Toamasina,MDG.5.3_1,Atsinanana,MDG.5.3.1_1,Ampasimanolotra,FALSE,12.40605918540391,TRUE,MDG.5.3_1,MDG.5.3.1_1,FALSE
2018,377,-18.983864,48.687013,MDG.5_1,Toamasina,MDG.5.3_1,Atsinanana,MDG.5.3.1_1,Ampasimanolotra,FALSE,3.1026018391566543,TRUE,MDG.5.3_1,MDG.5.3.1_1,TRUE
2018,378,-18.986565,49.074152,MDG.5_1,Toamasina,MDG.5.3_1,Atsinanana,MDG.5.3.1_1,Ampasimanolotra,FALSE,2.161065438482977,TRUE,MDG.5.3_1,MDG.5.3.1_1,TRUE
2018,379,-19.226125,48.83238,MDG.5_1,Toamasina,MDG.5.3_1,Atsinanana,MDG.5.3.6_1,Vatomandry,FALSE,13.084756767229091,TRUE,MDG.5.3_1,MDG.5.3.6_1,FALSE
2018,380,-19.384088,48.699282,MDG.5_1,Toamasina,MDG.5.3_1,Atsinanana,MDG.5.3.6_1,Vatomandry,FALSE,9.09273742268962,TRUE,MDG.5.3_1,MDG.5.3.6_1,FALSE
2018,381,-19.559088,48.877031,MDG.5_1,Toamasina,MDG.5.3_1,Atsinanana,MDG.5.3.6_1,Vatomandry,FALSE,0.780546124296831,TRUE,MDG.5.3_1,MDG.5.3.6_1,TRUE
2018,382,-19.642171,48.808952,MDG.5_1,Toamasina,MDG.5.3_1,Atsinanana,MDG.5.3.6_1,Vatomandry,FALSE,2.8758156796705907,TRUE,MDG.5.3_1,MDG.5.3.6_1,TRUE
2018,383,-19.814809,48.32383,MDG.5_1,Toamasina,MDG.5.3_1,Atsinanana,MDG.5.3.2_1,Antanambao manampotsy,FALSE,0.685637988441718,TRUE,MDG.5.3_1,MDG.5.3.2_1,TRUE
2018,384,-19.884119,48.646248,MDG.5_1,Toamasina,MDG.5.3_1,Atsinanana,MDG.5.3.3_1,Mahanoro,FALSE,16.491026323150262,TRUE,MDG.5.3_1,MDG.5.3.3_1,FALSE
2018,385,-20.01568,48.45246,MDG.5_1,Toamasina,MDG.5.3_1,Atsinanana,MDG.5.3.3_1,Mahanoro,FALSE,16.84800509426448,TRUE,MDG.5.3_1,MDG.5.3.3_1,FALSE
2018,386,-20.02903,48.727083,MDG.5_1,Toamasina,MDG.5.3_1,Atsinanana,MDG.5.3.3_1,Mahanoro,FALSE,4.207912940082773,TRUE,MDG.5.3_1,MDG.5.3.3_1,TRUE
2018,387,-20.107518,48.364096,MDG.5_1,Toamasina,MDG.5.3_1,Atsinanana,MDG.5.3.3_1,Mahanoro,FALSE,15.849297648272062,TRUE,MDG.5.3_1,MDG.5.3.3_1,FALSE
2018,388,-20.238798,48.559549,MDG.5_1,Toamasina,MDG.5.3_1,Atsinanana,MDG.5.3.3_1,Mahanoro,FALSE,8.752094687450692,TRUE,MDG.5.3_1,MDG.5.3.3_1,FALSE
2018,389,-20.293175,48.252196,MDG.5_1,Toamasina,MDG.5.3_1,Atsinanana,MDG.5.3.3_1,Mahanoro,FALSE,0.2766287737940834,TRUE,MDG.5.3_1,MDG.5.3.3_1,TRUE
2018,390,-20.297455,48.121668,MDG.5_1,Toamasina,MDG.5.3_1,Atsinanana,MDG.5.3.4_1,Marolambo,FALSE,0.4318177080628721,TRUE,MDG.5.3_1,MDG.5.3.4_1,TRUE
2018,391,-20.08791,47.760382,MDG.5_1,Toamasina,MDG.5.3_1,Atsinanana,MDG.5.3.4_1,Marolambo,FALSE,3.8007414154848562,TRUE,MDG.5.3_1,MDG.5.3.4_1,TRUE
2018,392,-20.373776,47.793168,MDG.5_1,Toamasina,MDG.5.3_1,Atsinanana,MDG.5.3.4_1,Marolambo,FALSE,6.715622402089666,TRUE,MDG.5.3_1,MDG.5.3.4_1,FALSE
2018,393,-17.401047,49.400581,MDG.5_1,Toamasina,MDG.5.2_1,Analanjirofo,MDG.5.2.1_1,Fenoarivo Atsinanana,FALSE,2.6798003915515807,FALSE,MDG.5.2_1,MDG.5.2.1_1,TRUE
2018,394,-15.434037,49.733418,MDG.5_1,Toamasina,MDG.5.2_1,Analanjirofo,MDG.5.2.3_1,Maroansetra,FALSE,1.2119356837109139,FALSE,MDG.5.2_1,MDG.5.2.3_1,TRUE
2018,395,-15.434731,49.74202,MDG.5_1,Toamasina,MDG.5.2_1,Analanjirofo,MDG.5.2.3_1,Maroansetra,FALSE,0.7850819022651258,FALSE,MDG.5.2_1,MDG.5.2.3_1,TRUE
2018,396,-16.18907,49.773986,MDG.5_1,Toamasina,MDG.5.2_1,Analanjirofo,MDG.5.2.2_1,Mananara,FALSE,2.2132228094064055,FALSE,MDG.5.2_1,MDG.5.2.2_1,TRUE
2018,397,-17.026488,49.521085,MDG.5_1,Toamasina,MDG.5.2_1,Analanjirofo,MDG.5.2.5_1,Soanierana-Ivongo,FALSE,1.420743379330863,FALSE,MDG.5.2_1,MDG.5.2.5_1,TRUE
2018,398,-16.881933,49.91783,MDG.5_1,Toamasina,MDG.5.2_1,Analanjirofo,MDG.5.2.4_1,Nosy-Boraha (St. Marie),FALSE,1.8673259279457963,FALSE,MDG.5.2_1,MDG.5.2.4_1,TRUE
2018,399,-17.470739,49.151568,MDG.5_1,Toamasina,MDG.5.2_1,Analanjirofo,MDG.5.2.6_1,Vavatenina,FALSE,10.638120092073004,FALSE,MDG.5.2_1,MDG.5.2.6_1,FALSE
2018,400,-17.523033,49.221172,MDG.5_1,Toamasina,MDG.5.2_1,Analanjirofo,MDG.5.2.6_1,Vavatenina,FALSE,7.1073822706014775,FALSE,MDG.5.2_1,MDG.5.2.6_1,FALSE
2018,401,-17.121593,49.464386,MDG.5_1,Toamasina,MDG.5.2_1,Analanjirofo,MDG.5.2.1_1,Fenoarivo Atsinanana,FALSE,4.011842654801968,TRUE,MDG.5.2_1,MDG.5.2.1_1,TRUE
2018,402,-17.149383,49.297634,MDG.5_1,Toamasina,MDG.5.2_1,Analanjirofo,MDG.5.2.1_1,Fenoarivo Atsinanana,FALSE,17.915666363861767,TRUE,MDG.5.2_1,MDG.5.2.1_1,FALSE
2018,403,-17.266532,49.370517,MDG.5_1,Toamasina,MDG.5.2_1,Analanjirofo,MDG.5.2.1_1,Fenoarivo Atsinanana,FALSE,6.737353588461853,FALSE,MDG.5.2_1,MDG.5.2.1_1,FALSE
2018,404,-17.284934,49.169245,MDG.5_1,Toamasina,MDG.5.2_1,Analanjirofo,MDG.5.2.1_1,Fenoarivo Atsinanana,FALSE,1.3716153993013263,TRUE,MDG.5.2_1,MDG.5.2.1_1,TRUE
2018,406,-17.368185,49.355036,MDG.5_1,Toamasina,MDG.5.2_1,Analanjirofo,MDG.5.2.1_1,Fenoarivo Atsinanana,FALSE,2.9724947625401783,FALSE,MDG.5.2_1,MDG.5.2.1_1,TRUE
2018,407,-17.521278,49.372806,MDG.5_1,Toamasina,MDG.5.2_1,Analanjirofo,MDG.5.2.1_1,Fenoarivo Atsinanana,FALSE,5.4239049565879816,TRUE,MDG.5.2_1,MDG.5.2.1_1,FALSE
2018,408,-15.314215,49.709752,MDG.5_1,Toamasina,MDG.5.2_1,Analanjirofo,MDG.5.2.3_1,Maroansetra,FALSE,14.562798155624304,TRUE,MDG.5.2_1,MDG.5.2.3_1,FALSE
2018,409,-15.021218,49.533502,MDG.5_1,Toamasina,MDG.5.2_1,Analanjirofo,MDG.5.2.3_1,Maroansetra,FALSE,7.35216192832061,FALSE,MDG.5.2_1,MDG.5.2.3_1,FALSE
2018,410,-15.428419,49.847243,MDG.5_1,Toamasina,MDG.5.2_1,Analanjirofo,MDG.5.2.3_1,Maroansetra,FALSE,0.6780399191845622,FALSE,MDG.5.2_1,MDG.5.2.3_1,TRUE
2018,411,-15.586742,49.547231,MDG.5_1,Toamasina,MDG.5.2_1,Analanjirofo,MDG.5.2.3_1,Maroansetra,FALSE,6.1342335463289235,FALSE,MDG.5.2_1,MDG.5.2.3_1,FALSE
2018,412,-15.752329,49.567115,MDG.5_1,Toamasina,MDG.5.2_1,Analanjirofo,MDG.5.2.3_1,Maroansetra,FALSE,9.349503657095099,FALSE,MDG.5.2_1,MDG.5.2.3_1,FALSE
2018,413,-15.982159,49.244752,MDG.5_1,Toamasina,MDG.5.2_1,Analanjirofo,MDG.5.2.2_1,Mananara,FALSE,3.943779028618379,TRUE,MDG.5.2_1,MDG.5.2.2_1,TRUE
2018,414,-16.180834,49.446206,MDG.5_1,Toamasina,MDG.5.2_1,Analanjirofo,MDG.5.2.2_1,Mananara,FALSE,24.741388666403825,TRUE,MDG.5.2_1,MDG.5.2.2_1,FALSE
2018,415,-16.200341,49.848802,MDG.5_1,Toamasina,MDG.5.2_1,Analanjirofo,MDG.5.2.2_1,Mananara,TRUE,0.5784208109271174,FALSE,MDG.5.2_1,MDG.5.2.2_1,TRUE
2018,416,-16.348323,49.608419,MDG.5_1,Toamasina,MDG.5.2_1,Analanjirofo,MDG.5.2.2_1,Mananara,FALSE,22.058444019467235,FALSE,MDG.5.2_1,MDG.5.2.2_1,FALSE
2018,417,-16.379361,49.815922,MDG.5_1,Toamasina,MDG.5.2_1,Analanjirofo,MDG.5.2.2_1,Mananara,FALSE,1.270467190539365,FALSE,MDG.5.2_1,MDG.5.2.2_1,TRUE
2018,418,-16.907732,49.449444,MDG.5_1,Toamasina,MDG.5.2_1,Analanjirofo,MDG.5.2.5_1,Soanierana-Ivongo,FALSE,10.208139138010738,TRUE,MDG.5.2_1,MDG.5.2.5_1,FALSE
2018,419,-16.872431,49.123597,MDG.5_1,Toamasina,MDG.5.2_1,Analanjirofo,MDG.5.2.5_1,Soanierana-Ivongo,FALSE,5.89040469545727,FALSE,MDG.5.2_1,MDG.5.2.5_1,FALSE
2018,420,-16.76538,49.415337,MDG.5_1,Toamasina,MDG.5.2_1,Analanjirofo,MDG.5.2.5_1,Soanierana-Ivongo,FALSE,22.11598636976887,FALSE,MDG.5.2_1,MDG.5.2.5_1,FALSE
2018,421,-17.580689,49.103484,MDG.5_1,Toamasina,MDG.5.2_1,Analanjirofo,MDG.5.2.6_1,Vavatenina,FALSE,16.011097074489506,TRUE,MDG.5.2_1,MDG.5.2.6_1,FALSE
2018,422,-17.395709,49.254042,MDG.5_1,Toamasina,MDG.5.2_1,Analanjirofo,MDG.5.2.6_1,Vavatenina,FALSE,0.27921876242343685,TRUE,MDG.5.2_1,MDG.5.2.6_1,TRUE
2018,423,-17.431486,49.120031,MDG.5_1,Toamasina,MDG.5.2_1,Analanjirofo,MDG.5.2.6_1,Vavatenina,FALSE,9.951749565778421,TRUE,MDG.5.2_1,MDG.5.2.6_1,FALSE
2018,425,-17.801031,48.409108,MDG.5_1,Toamasina,MDG.5.1_1,Alaotra-Mangoro,MDG.5.1.1_1,Ambatondrazaka,FALSE,8.236119690891035,FALSE,MDG.5.1_1,MDG.5.1.1_1,FALSE
2018,426,-17.824795,48.433135,MDG.5_1,Toamasina,MDG.5.1_1,Alaotra-Mangoro,MDG.5.1.1_1,Ambatondrazaka,FALSE,11.78955594633086,FALSE,MDG.5.1_1,MDG.5.1.1_1,FALSE
2018,427,-17.034217,48.562829,MDG.5_1,Toamasina,MDG.5.1_1,Alaotra-Mangoro,MDG.5.1.3_1,Andilamena,FALSE,17.466974543278173,FALSE,MDG.5.1_1,MDG.5.1.3_1,FALSE
2018,428,-17.486496,48.16043,MDG.5_1,Toamasina,MDG.5.1_1,Alaotra-Mangoro,MDG.5.1.2_1,Amparafaravola,FALSE,10.454507557053972,FALSE,MDG.5.1_1,MDG.5.1.2_1,FALSE
2018,429,-18.923257,48.244769,MDG.5_1,Toamasina,MDG.5.1_1,Alaotra-Mangoro,MDG.5.1.5_1,Moramanga,FALSE,29.608458912060264,FALSE,MDG.5.1_1,MDG.5.1.5_1,FALSE
2018,430,-18.92835,48.226963,MDG.5_1,Toamasina,MDG.5.1_1,Alaotra-Mangoro,MDG.5.1.5_1,Moramanga,FALSE,29.215859962699945,FALSE,MDG.5.1_1,MDG.5.1.5_1,FALSE
2018,431,-19.286138,48.164326,MDG.5_1,Toamasina,MDG.5.1_1,Alaotra-Mangoro,MDG.5.1.4_1,Anosibe,FALSE,7.647080974074667,FALSE,MDG.5.1_1,MDG.5.1.4_1,FALSE
2018,432,-17.775409,48.415003,MDG.5_1,Toamasina,MDG.5.1_1,Alaotra-Mangoro,MDG.5.1.1_1,Ambatondrazaka,FALSE,6.165652672508904,FALSE,MDG.5.1_1,MDG.5.1.1_1,FALSE
2018,433,-17.910327,48.40886,MDG.5_1,Toamasina,MDG.5.1_1,Alaotra-Mangoro,MDG.5.1.1_1,Ambatondrazaka,FALSE,19.175963697448786,FALSE,MDG.5.1_1,MDG.5.1.1_1,FALSE
2018,434,-17.903385,48.180069,MDG.5_1,Toamasina,MDG.5.1_1,Alaotra-Mangoro,MDG.5.1.1_1,Ambatondrazaka,FALSE,3.424081525652445,FALSE,MDG.5.1_1,MDG.5.1.1_1,TRUE
2018,435,-17.921782,48.509327999999996,MDG.5_1,Toamasina,MDG.5.1_1,Alaotra-Mangoro,MDG.5.1.1_1,Ambatondrazaka,FALSE,15.905398186340056,FALSE,MDG.5.1_1,MDG.5.1.1_1,FALSE
2018,436,-18.181964,48.444792,MDG.5_1,Toamasina,MDG.5.1_1,Alaotra-Mangoro,MDG.5.1.1_1,Ambatondrazaka,FALSE,12.592610517453615,FALSE,MDG.5.1_1,MDG.5.1.1_1,FALSE
2018,437,-17.475832,48.624794,MDG.5_1,Toamasina,MDG.5.1_1,Alaotra-Mangoro,MDG.5.1.1_1,Ambatondrazaka,FALSE,8.018347848232496,FALSE,MDG.5.1_1,MDG.5.1.1_1,FALSE
2018,438,-17.995315,47.998925,MDG.5_1,Toamasina,MDG.5.1_1,Alaotra-Mangoro,MDG.5.1.1_1,Ambatondrazaka,FALSE,4.771969539410346,TRUE,MDG.5.1_1,MDG.5.1.1_1,TRUE
2018,439,-16.437693,48.234183,MDG.5_1,Toamasina,MDG.5.1_1,Alaotra-Mangoro,MDG.5.1.3_1,Andilamena,FALSE,17.978650866349472,TRUE,MDG.5.1_1,MDG.5.1.3_1,FALSE
2018,440,-16.812569,48.339423,MDG.5_1,Toamasina,MDG.5.1_1,Alaotra-Mangoro,MDG.5.1.3_1,Andilamena,FALSE,21.9315922558808,FALSE,MDG.5.1_1,MDG.5.1.3_1,FALSE
2018,441,-17.369582,48.798243,MDG.5_1,Toamasina,MDG.5.2_1,Analanjirofo,MDG.5.2.6_1,Vavatenina,FALSE,0.31596173288195595,TRUE,MDG.5.2_1,MDG.5.2.6_1,TRUE
2018,442,-17.311046,48.450433,MDG.5_1,Toamasina,MDG.5.1_1,Alaotra-Mangoro,MDG.5.1.2_1,Amparafaravola,FALSE,11.454340040961753,FALSE,MDG.5.1_1,MDG.5.1.2_1,FALSE
2018,443,-17.46213,48.506614,MDG.5_1,Toamasina,MDG.5.1_1,Alaotra-Mangoro,MDG.5.1.2_1,Amparafaravola,FALSE,1.9717508792979612,FALSE,MDG.5.1_1,MDG.5.1.2_1,TRUE
2018,444,-17.4697,48.303011,MDG.5_1,Toamasina,MDG.5.1_1,Alaotra-Mangoro,MDG.5.1.2_1,Amparafaravola,FALSE,19.67878847289785,FALSE,MDG.5.1_1,MDG.5.1.2_1,FALSE
2018,445,-17.631655,48.249036,MDG.5_1,Toamasina,MDG.5.1_1,Alaotra-Mangoro,MDG.5.1.2_1,Amparafaravola,FALSE,14.315328453962827,FALSE,MDG.5.1_1,MDG.5.1.2_1,FALSE
2018,446,-17.747439,48.195313,MDG.5_1,Toamasina,MDG.5.1_1,Alaotra-Mangoro,MDG.5.1.2_1,Amparafaravola,FALSE,6.075341833693779,TRUE,MDG.5.1_1,MDG.5.1.2_1,FALSE
2018,447,-17.77785,48.188695,MDG.5_1,Toamasina,MDG.5.1_1,Alaotra-Mangoro,MDG.5.1.2_1,Amparafaravola,FALSE,3.431188710662769,FALSE,MDG.5.1_1,MDG.5.1.2_1,TRUE
2018,448,-18.480808,48.257985,MDG.5_1,Toamasina,MDG.5.1_1,Alaotra-Mangoro,MDG.5.1.5_1,Moramanga,FALSE,16.19685060212682,TRUE,MDG.5.1_1,MDG.5.1.5_1,FALSE
2018,449,-18.604748,48.038133,MDG.5_1,Toamasina,MDG.5.1_1,Alaotra-Mangoro,MDG.5.1.5_1,Moramanga,FALSE,6.03939339613044,FALSE,MDG.5.1_1,MDG.5.1.5_1,FALSE
2018,450,-18.763787,47.984831,MDG.5_1,Toamasina,MDG.5.1_1,Alaotra-Mangoro,MDG.5.1.5_1,Moramanga,FALSE,5.594606917725187,FALSE,MDG.5.1_1,MDG.5.1.5_1,FALSE
2018,451,-18.801719,48.080768,MDG.5_1,Toamasina,MDG.5.1_1,Alaotra-Mangoro,MDG.5.1.5_1,Moramanga,FALSE,15.471143410862409,TRUE,MDG.5.1_1,MDG.5.1.5_1,FALSE
2018,452,-19.06604,48.038476,MDG.5_1,Toamasina,MDG.5.1_1,Alaotra-Mangoro,MDG.5.1.5_1,Moramanga,FALSE,12.085854656719233,TRUE,MDG.5.1_1,MDG.5.1.5_1,FALSE
2018,453,-18.981178,48.34428,MDG.5_1,Toamasina,MDG.5.1_1,Alaotra-Mangoro,MDG.5.1.5_1,Moramanga,FALSE,24.669925081555643,FALSE,MDG.5.1_1,MDG.5.1.5_1,FALSE
2018,454,-19.235404,48.512085,MDG.5_1,Toamasina,MDG.5.1_1,Alaotra-Mangoro,MDG.5.1.5_1,Moramanga,FALSE,2.64734360085366,FALSE,MDG.5.1_1,MDG.5.1.5_1,TRUE
2018,455,-19.532836,48.098135,MDG.5_1,Toamasina,MDG.5.1_1,Alaotra-Mangoro,MDG.5.1.4_1,Anosibe,FALSE,19.661558986729183,TRUE,MDG.5.1_1,MDG.5.1.4_1,FALSE
2018,456,-19.695722,48.207772,MDG.5_1,Toamasina,MDG.5.1_1,Alaotra-Mangoro,MDG.5.1.4_1,Anosibe,FALSE,9.645745017250148,TRUE,MDG.5.1_1,MDG.5.1.4_1,FALSE
2018,457,-15.701921,46.315362,MDG.4_1,Mahajanga,MDG.4.2_1,Boeny,MDG.4.2.3_1,Mahajanga Urban,FALSE,0.21957048436706122,FALSE,MDG.4.2_1,MDG.4.2.3_1,TRUE
2018,458,-15.705739,46.328188,MDG.4_1,Mahajanga,MDG.4.2_1,Boeny,MDG.4.2.3_1,Mahajanga Urban,FALSE,1.552705053263927,FALSE,MDG.4.2_1,MDG.4.2.3_1,TRUE
2018,459,-15.710378,46.30417,MDG.4_1,Mahajanga,MDG.4.2_1,Boeny,MDG.4.2.3_1,Mahajanga Urban,FALSE,0.1822029955265501,FALSE,MDG.4.2_1,MDG.4.2.3_1,TRUE
2018,460,-15.716052,46.336283,MDG.4_1,Mahajanga,MDG.4.2_1,Boeny,MDG.4.2.3_1,Mahajanga Urban,FALSE,0.6829148455051857,FALSE,MDG.4.2_1,MDG.4.2.3_1,TRUE
2018,461,-15.704566,46.321508,MDG.4_1,Mahajanga,MDG.4.2_1,Boeny,MDG.4.2.3_1,Mahajanga Urban,FALSE,0.8970441275251829,FALSE,MDG.4.2_1,MDG.4.2.3_1,TRUE
2018,462,-15.703481,46.358413,MDG.4_1,Mahajanga,MDG.4.2_1,Boeny,MDG.4.2.3_1,Mahajanga Urban,FALSE,2.3372646643667783,FALSE,MDG.4.2_1,MDG.4.2.3_1,TRUE
2018,463,-15.714283,46.329267,MDG.4_1,Mahajanga,MDG.4.2_1,Boeny,MDG.4.2.3_1,Mahajanga Urban,FALSE,1.2197049702033937,FALSE,MDG.4.2_1,MDG.4.2.3_1,TRUE
2018,464,-15.708956,46.369249,MDG.4_1,Mahajanga,MDG.4.2_1,Boeny,MDG.4.2.3_1,Mahajanga Urban,FALSE,1.4845518224668441,FALSE,MDG.4.2_1,MDG.4.2.3_1,TRUE
2018,465,-15.640469,46.465629,MDG.4_1,Mahajanga,MDG.4.2_1,Boeny,MDG.4.2.2_1,Mahajanga Rural,FALSE,5.879434324012469,FALSE,MDG.4.2_1,MDG.4.2.2_1,FALSE
2018,466,-16.131668,46.020224,MDG.4_1,Mahajanga,MDG.4.2_1,Boeny,MDG.4.2.5_1,Mitsinjo,FALSE,8.279797294616785,FALSE,MDG.4.2_1,MDG.4.2.5_1,FALSE
2018,467,-16.088446,46.65772,MDG.4_1,Mahajanga,MDG.4.2_1,Boeny,MDG.4.2.4_1,Marovoay,FALSE,16.386700665587007,FALSE,MDG.4.2_1,MDG.4.2.4_1,FALSE
2018,468,-16.118221,46.658015,MDG.4_1,Mahajanga,MDG.4.2_1,Boeny,MDG.4.2.4_1,Marovoay,FALSE,19.061333296063754,FALSE,MDG.4.2_1,MDG.4.2.4_1,FALSE
2018,469,-16.254879,45.431057,MDG.4_1,Mahajanga,MDG.4.2_1,Boeny,MDG.4.2.6_1,Soalala,FALSE,15.809379365823627,FALSE,MDG.4.2_1,MDG.4.2.6_1,FALSE
2018,470,-16.459646,46.72131,MDG.4_1,Mahajanga,MDG.4.2_1,Boeny,MDG.4.2.1_1,Ambato-Boina,FALSE,12.243024233351717,FALSE,MDG.4.2_1,MDG.4.2.1_1,FALSE
2018,471,-15.468165,46.832625,MDG.4_1,Mahajanga,MDG.4.2_1,Boeny,MDG.4.2.2_1,Mahajanga Rural,FALSE,13.477792110238644,TRUE,MDG.4.2_1,MDG.4.2.2_1,FALSE
2018,472,-15.752379,47.113155,MDG.4_1,Mahajanga,MDG.4.2_1,Boeny,MDG.4.2.2_1,Mahajanga Rural,FALSE,1.3216722350773236,TRUE,MDG.4.2_1,MDG.4.2.2_1,TRUE
2018,473,-15.755898,47.034599,MDG.4_1,Mahajanga,MDG.4.2_1,Boeny,MDG.4.2.2_1,Mahajanga Rural,FALSE,8.229475039363372,TRUE,MDG.4.2_1,MDG.4.2.2_1,FALSE
2018,474,-15.94157,45.83841,MDG.4_1,Mahajanga,MDG.4.2_1,Boeny,MDG.4.2.5_1,Mitsinjo,FALSE,10.675906253702776,FALSE,MDG.4.2_1,MDG.4.2.5_1,FALSE
2018,475,-16.428473,45.915088,MDG.4_1,Mahajanga,MDG.4.2_1,Boeny,MDG.4.2.5_1,Mitsinjo,FALSE,12.46892661820746,FALSE,MDG.4.2_1,MDG.4.2.5_1,FALSE
2018,476,-16.144193,47.098904,MDG.4_1,Mahajanga,MDG.4.2_1,Boeny,MDG.4.2.4_1,Marovoay,FALSE,11.016233916963115,FALSE,MDG.4.2_1,MDG.4.2.4_1,FALSE
2018,477,-16.133631,46.722888,MDG.4_1,Mahajanga,MDG.4.2_1,Boeny,MDG.4.2.4_1,Marovoay,FALSE,18.042753605257946,FALSE,MDG.4.2_1,MDG.4.2.4_1,FALSE
2018,478,-16.169729,46.675705,MDG.4_1,Mahajanga,MDG.4.2_1,Boeny,MDG.4.2.4_1,Marovoay,FALSE,16.69859534643905,FALSE,MDG.4.2_1,MDG.4.2.4_1,FALSE
2018,479,-16.106543,46.541739,MDG.4_1,Mahajanga,MDG.4.2_1,Boeny,MDG.4.2.4_1,Marovoay,FALSE,18.733241416605793,TRUE,MDG.4.2_1,MDG.4.2.4_1,FALSE
2018,480,-16.325276,46.302388,MDG.4_1,Mahajanga,MDG.4.2_1,Boeny,MDG.4.2.4_1,Marovoay,FALSE,14.020137900700554,TRUE,MDG.4.2_1,MDG.4.2.4_1,FALSE
2018,481,-16.797227,45.657076000000004,MDG.4_1,Mahajanga,MDG.4.2_1,Boeny,MDG.4.2.6_1,Soalala,FALSE,5.125382926811414,TRUE,MDG.4.2_1,MDG.4.2.6_1,FALSE
2018,482,-16.323809,47.161706,MDG.4_1,Mahajanga,MDG.4.2_1,Boeny,MDG.4.2.1_1,Ambato-Boina,FALSE,7.519635877682664,FALSE,MDG.4.2_1,MDG.4.2.1_1,FALSE
2018,483,-16.577475,47.173643,MDG.4_1,Mahajanga,MDG.4.2_1,Boeny,MDG.4.2.1_1,Ambato-Boina,FALSE,3.2268285383589195,FALSE,MDG.4.2_1,MDG.4.2.1_1,TRUE
2018,484,-16.422574,46.956401,MDG.4_1,Mahajanga,MDG.4.2_1,Boeny,MDG.4.2.1_1,Ambato-Boina,FALSE,10.305379929386982,FALSE,MDG.4.2_1,MDG.4.2.1_1,FALSE
2018,485,-16.373948,46.887286,MDG.4_1,Mahajanga,MDG.4.2_1,Boeny,MDG.4.2.1_1,Ambato-Boina,FALSE,5.02156982889188,FALSE,MDG.4.2_1,MDG.4.2.1_1,FALSE
2018,486,-16.50734,46.855165,MDG.4_1,Mahajanga,MDG.4.2_1,Boeny,MDG.4.2.1_1,Ambato-Boina,FALSE,13.484106357365276,TRUE,MDG.4.2_1,MDG.4.2.1_1,FALSE
2018,487,-16.368803,46.551009,MDG.4_1,Mahajanga,MDG.4.2_1,Boeny,MDG.4.2.1_1,Ambato-Boina,FALSE,3.1397463653140463,FALSE,MDG.4.2_1,MDG.4.2.1_1,TRUE
2018,488,-16.50594,46.553106,MDG.4_1,Mahajanga,MDG.4.2_1,Boeny,MDG.4.2.1_1,Ambato-Boina,FALSE,16.34323155282184,TRUE,MDG.4.2_1,MDG.4.2.1_1,FALSE
2018,489,-14.876684,47.978915,MDG.4_1,Mahajanga,MDG.4.4_1,Sofia,MDG.4.4.2_1,Antsihihy,FALSE,5.705162945114315,FALSE,MDG.4.4_1,MDG.4.4.2_1,FALSE
2018,490,-14.894052,47.968223,MDG.4_1,Mahajanga,MDG.4.4_1,Sofia,MDG.4.4.2_1,Antsihihy,FALSE,6.476235506311002,FALSE,MDG.4.4_1,MDG.4.4.2_1,FALSE
2018,491,-14.542302,48.754287,MDG.4_1,Mahajanga,MDG.4.4_1,Sofia,MDG.4.4.3_1,Bealanana,FALSE,29.11125176350778,FALSE,MDG.4.4_1,MDG.4.4.3_1,FALSE
2018,492,-15.258806,48.548791,MDG.4_1,Mahajanga,MDG.4.4_1,Sofia,MDG.4.4.4_1,Befandriana-Nord,FALSE,24.91130676331189,FALSE,MDG.4.4_1,MDG.4.4.4_1,FALSE
2018,493,-15.838697,48.830414,MDG.4_1,Mahajanga,MDG.4.4_1,Sofia,MDG.4.4.6_1,Mandritsara,FALSE,24.373517947843226,FALSE,MDG.4.4_1,MDG.4.4.6_1,FALSE
2018,494,-16.07719,47.671528,MDG.4_1,Mahajanga,MDG.4.4_1,Sofia,MDG.4.4.5_1,Mampikony,FALSE,19.858471636707506,FALSE,MDG.4.4_1,MDG.4.4.5_1,FALSE
2018,495,-14.794841,48.445927,MDG.4_1,Mahajanga,MDG.4.4_1,Sofia,MDG.4.4.2_1,Antsihihy,FALSE,2.5775448524856226,TRUE,MDG.4.4_1,MDG.4.4.2_1,TRUE
2018,496,-14.923979,47.999313,MDG.4_1,Mahajanga,MDG.4.4_1,Sofia,MDG.4.4.2_1,Antsihihy,FALSE,11.081543541816265,TRUE,MDG.4.4_1,MDG.4.4.2_1,FALSE
2018,497,-15.019611,47.839493,MDG.4_1,Mahajanga,MDG.4.4_1,Sofia,MDG.4.4.2_1,Antsihihy,FALSE,3.950288558765472,TRUE,MDG.4.4_1,MDG.4.4.2_1,TRUE
2018,498,-15.376206,47.967623,MDG.4_1,Mahajanga,MDG.4.4_1,Sofia,MDG.4.4.2_1,Antsihihy,FALSE,0.5603568246232571,TRUE,MDG.4.4_1,MDG.4.4.2_1,TRUE
2018,499,-14.472759,48.108006,MDG.4_1,Mahajanga,MDG.4.4_1,Sofia,MDG.4.4.1_1,Analalava,FALSE,3.806929395387546,TRUE,MDG.4.4_1,MDG.4.4.1_1,TRUE
2018,500,-14.06874,48.279609,MDG.2_1,Antsiranana,MDG.2.1_1,Diana,MDG.2.1.1_1,Ambanja,FALSE,0.8668094720914001,FALSE,MDG.2.1_1,MDG.2.1.1_1,TRUE
2018,501,-15.390992,47.680027,MDG.4_1,Mahajanga,MDG.4.4_1,Sofia,MDG.4.4.1_1,Analalava,FALSE,4.364641718095943,TRUE,MDG.4.4_1,MDG.4.4.1_1,TRUE
2018,502,-14.260763,48.343583,MDG.4_1,Mahajanga,MDG.4.4_1,Sofia,MDG.4.4.1_1,Analalava,FALSE,6.414434384228644,TRUE,MDG.4.4_1,MDG.4.4.1_1,FALSE
2018,503,-14.49602,48.675768,MDG.4_1,Mahajanga,MDG.4.4_1,Sofia,MDG.4.4.3_1,Bealanana,FALSE,26.334900976736552,TRUE,MDG.4.4_1,MDG.4.4.3_1,FALSE
2018,504,-14.43694,48.90593,MDG.4_1,Mahajanga,MDG.4.4_1,Sofia,MDG.4.4.3_1,Bealanana,FALSE,21.645327013284362,TRUE,MDG.4.4_1,MDG.4.4.3_1,FALSE
2018,505,-14.313721,48.814303,MDG.4_1,Mahajanga,MDG.4.4_1,Sofia,MDG.4.4.3_1,Bealanana,FALSE,5.507257894766947,TRUE,MDG.4.4_1,MDG.4.4.3_1,FALSE
2018,506,-14.864654,48.920814,MDG.4_1,Mahajanga,MDG.4.4_1,Sofia,MDG.4.4.3_1,Bealanana,FALSE,8.747930465566732,TRUE,MDG.4.4_1,MDG.4.4.3_1,FALSE
2018,507,-14.908609,48.44242,MDG.4_1,Mahajanga,MDG.4.4_1,Sofia,MDG.4.4.2_1,Antsihihy,FALSE,1.486711316483056,TRUE,MDG.4.4_1,MDG.4.4.2_1,TRUE
2018,508,-15.449219,48.481567,MDG.4_1,Mahajanga,MDG.4.4_1,Sofia,MDG.4.4.4_1,Befandriana-Nord,FALSE,13.007278581915084,TRUE,MDG.4.4_1,MDG.4.4.4_1,FALSE
2018,509,-15.540815,48.277685,MDG.4_1,Mahajanga,MDG.4.4_1,Sofia,MDG.4.4.4_1,Befandriana-Nord,FALSE,2.8955684332251708,TRUE,MDG.4.4_1,MDG.4.4.4_1,TRUE
2018,510,-15.264281,48.877831,MDG.4_1,Mahajanga,MDG.4.4_1,Sofia,MDG.4.4.4_1,Befandriana-Nord,FALSE,16.55411110405525,TRUE,MDG.4.4_1,MDG.4.4.4_1,FALSE
2018,512,-14.858733,49.268056,MDG.4_1,Mahajanga,MDG.4.4_1,Sofia,MDG.4.4.4_1,Befandriana-Nord,FALSE,12.597475072908237,TRUE,MDG.4.4_1,MDG.4.4.4_1,FALSE
2018,513,-15.755828,47.616403,MDG.4_1,Mahajanga,MDG.4.4_1,Sofia,MDG.4.4.7_1,Port Bergé,FALSE,2.0790460073064665,FALSE,MDG.4.4_1,MDG.4.4.7_1,TRUE
2018,514,-15.792993,48.243766,MDG.4_1,Mahajanga,MDG.4.4_1,Sofia,MDG.4.4.7_1,Port Bergé,FALSE,4.4639107911275175,TRUE,MDG.4.4_1,MDG.4.4.7_1,TRUE
2018,515,-15.859232,47.740934,MDG.4_1,Mahajanga,MDG.4.4_1,Sofia,MDG.4.4.7_1,Port Bergé,FALSE,1.1071401888886614,TRUE,MDG.4.4_1,MDG.4.4.7_1,TRUE
2018,516,-15.63066,47.840293,MDG.4_1,Mahajanga,MDG.4.4_1,Sofia,MDG.4.4.7_1,Port Bergé,FALSE,23.521025495766043,TRUE,MDG.4.4_1,MDG.4.4.7_1,FALSE
2018,517,-15.805352,47.270004,MDG.4_1,Mahajanga,MDG.4.4_1,Sofia,MDG.4.4.7_1,Port Bergé,FALSE,11.51030235290155,TRUE,MDG.4.4_1,MDG.4.4.7_1,FALSE
2018,518,-15.525067,48.792626,MDG.4_1,Mahajanga,MDG.4.4_1,Sofia,MDG.4.4.6_1,Mandritsara,FALSE,9.374748870061838,TRUE,MDG.4.4_1,MDG.4.4.6_1,FALSE
2018,519,-15.741993,48.581577,MDG.4_1,Mahajanga,MDG.4.4_1,Sofia,MDG.4.4.6_1,Mandritsara,FALSE,11.184766451804093,TRUE,MDG.4.4_1,MDG.4.4.6_1,FALSE
2018,520,-15.803502,48.989133,MDG.4_1,Mahajanga,MDG.4.4_1,Sofia,MDG.4.4.6_1,Mandritsara,FALSE,7.387302320217696,TRUE,MDG.4.4_1,MDG.4.4.6_1,FALSE
2018,521,-15.958408,48.624035,MDG.4_1,Mahajanga,MDG.4.4_1,Sofia,MDG.4.4.6_1,Mandritsara,FALSE,33.86396503164495,TRUE,MDG.4.4_1,MDG.4.4.6_1,FALSE
2018,522,-15.983164,48.939921,MDG.4_1,Mahajanga,MDG.4.4_1,Sofia,MDG.4.4.6_1,Mandritsara,FALSE,20.024866926119515,TRUE,MDG.4.4_1,MDG.4.4.6_1,FALSE
2018,523,-16.26323,48.842504,MDG.4_1,Mahajanga,MDG.4.4_1,Sofia,MDG.4.4.6_1,Mandritsara,FALSE,33.73372740673053,FALSE,MDG.4.4_1,MDG.4.4.6_1,FALSE
2018,524,-15.84235,47.641143,MDG.4_1,Mahajanga,MDG.4.4_1,Sofia,MDG.4.4.5_1,Mampikony,FALSE,3.2036673465069687,TRUE,MDG.4.4_1,MDG.4.4.5_1,TRUE
2018,525,-15.921638,47.756671,MDG.4_1,Mahajanga,MDG.4.4_1,Sofia,MDG.4.4.5_1,Mampikony,FALSE,1.7705198199183243,TRUE,MDG.4.4_1,MDG.4.4.5_1,TRUE
2018,527,-16.094678,47.471565,MDG.4_1,Mahajanga,MDG.4.4_1,Sofia,MDG.4.4.5_1,Mampikony,FALSE,16.186975893534118,FALSE,MDG.4.4_1,MDG.4.4.5_1,FALSE
2018,528,-16.296316,47.474072,MDG.4_1,Mahajanga,MDG.4.4_1,Sofia,MDG.4.4.5_1,Mampikony,FALSE,7.789062268603563,TRUE,MDG.4.4_1,MDG.4.4.5_1,FALSE
2018,529,-16.939188,46.832912,MDG.4_1,Mahajanga,MDG.4.1_1,Betsiboka,MDG.4.1.2_1,Maevatanana,FALSE,22.498048676394436,FALSE,MDG.4.1_1,MDG.4.1.2_1,FALSE
2018,530,-16.973065,46.840614,MDG.4_1,Mahajanga,MDG.4.1_1,Betsiboka,MDG.4.1.2_1,Maevatanana,FALSE,24.37581338432856,FALSE,MDG.4.1_1,MDG.4.1.2_1,FALSE
2018,531,-16.740677,47.828877,MDG.4_1,Mahajanga,MDG.4.1_1,Betsiboka,MDG.4.1.3_1,Tsaratanana,FALSE,10.451498783987674,FALSE,MDG.4.1_1,MDG.4.1.3_1,FALSE
2018,532,-16.808696,47.647289,MDG.4_1,Mahajanga,MDG.4.1_1,Betsiboka,MDG.4.1.3_1,Tsaratanana,FALSE,30.720112547556568,FALSE,MDG.4.1_1,MDG.4.1.3_1,FALSE
2018,533,-16.867778,47.58422,MDG.4_1,Mahajanga,MDG.4.1_1,Betsiboka,MDG.4.1.3_1,Tsaratanana,FALSE,28.199317219990224,FALSE,MDG.4.1_1,MDG.4.1.3_1,FALSE
2018,534,-17.480964,46.160478,MDG.4_1,Mahajanga,MDG.4.1_1,Betsiboka,MDG.4.1.1_1,Kandreho,FALSE,11.316135233712972,FALSE,MDG.4.1_1,MDG.4.1.1_1,FALSE
2018,535,-16.725483,46.766912,MDG.4_1,Mahajanga,MDG.4.1_1,Betsiboka,MDG.4.1.2_1,Maevatanana,FALSE,9.731770336527205,FALSE,MDG.4.1_1,MDG.4.1.2_1,FALSE
2018,536,-16.789468,46.975529,MDG.4_1,Mahajanga,MDG.4.1_1,Betsiboka,MDG.4.1.2_1,Maevatanana,FALSE,17.462488671758074,FALSE,MDG.4.1_1,MDG.4.1.2_1,FALSE
2018,537,-16.827495,46.884883,MDG.4_1,Mahajanga,MDG.4.1_1,Betsiboka,MDG.4.1.2_1,Maevatanana,FALSE,19.373953508091482,FALSE,MDG.4.1_1,MDG.4.1.2_1,FALSE
2018,538,-16.772525,46.967026,MDG.4_1,Mahajanga,MDG.4.1_1,Betsiboka,MDG.4.1.2_1,Maevatanana,FALSE,15.380876142625798,FALSE,MDG.4.1_1,MDG.4.1.2_1,FALSE
2018,539,-16.824936,46.896787,MDG.4_1,Mahajanga,MDG.4.1_1,Betsiboka,MDG.4.1.2_1,Maevatanana,FALSE,19.188065281557893,FALSE,MDG.4.1_1,MDG.4.1.2_1,FALSE
2018,540,-16.894935,46.834054,MDG.4_1,Mahajanga,MDG.4.1_1,Betsiboka,MDG.4.1.2_1,Maevatanana,FALSE,21.66110796536291,FALSE,MDG.4.1_1,MDG.4.1.2_1,FALSE
2018,541,-17.023062,46.850084,MDG.4_1,Mahajanga,MDG.4.1_1,Betsiboka,MDG.4.1.2_1,Maevatanana,FALSE,27.60940451900404,FALSE,MDG.4.1_1,MDG.4.1.2_1,FALSE
2018,542,-17.005505,46.591702,MDG.4_1,Mahajanga,MDG.4.1_1,Betsiboka,MDG.4.1.2_1,Maevatanana,FALSE,2.771137212743485,TRUE,MDG.4.1_1,MDG.4.1.2_1,TRUE
2018,543,-17.180295,46.564096,MDG.4_1,Mahajanga,MDG.4.1_1,Betsiboka,MDG.4.1.2_1,Maevatanana,FALSE,12.825268682004708,TRUE,MDG.4.1_1,MDG.4.1.2_1,FALSE
2018,544,-17.244971,46.468718,MDG.4_1,Mahajanga,MDG.4.1_1,Betsiboka,MDG.4.1.2_1,Maevatanana,FALSE,14.480929022100309,TRUE,MDG.4.1_1,MDG.4.1.2_1,FALSE
2018,545,-17.177461,46.886243,MDG.4_1,Mahajanga,MDG.4.1_1,Betsiboka,MDG.4.1.2_1,Maevatanana,FALSE,22.411259310883022,FALSE,MDG.4.1_1,MDG.4.1.2_1,FALSE
2018,546,-17.324853,46.929401,MDG.4_1,Mahajanga,MDG.4.1_1,Betsiboka,MDG.4.1.2_1,Maevatanana,FALSE,25.164196162440923,FALSE,MDG.4.1_1,MDG.4.1.2_1,FALSE
2018,547,-17.52596,46.953681,MDG.4_1,Mahajanga,MDG.4.1_1,Betsiboka,MDG.4.1.2_1,Maevatanana,FALSE,27.603500340381107,FALSE,MDG.4.1_1,MDG.4.1.2_1,FALSE
2018,548,-17.634147,46.929083,MDG.4_1,Mahajanga,MDG.4.1_1,Betsiboka,MDG.4.1.2_1,Maevatanana,FALSE,17.724878282551224,TRUE,MDG.4.1_1,MDG.4.1.2_1,FALSE
2018,549,-17.722864,46.924197,MDG.4_1,Mahajanga,MDG.4.1_1,Betsiboka,MDG.4.1.2_1,Maevatanana,FALSE,11.35036073037273,TRUE,MDG.4.1_1,MDG.4.1.2_1,FALSE
2018,550,-17.735672,47.308625,MDG.4_1,Mahajanga,MDG.4.1_1,Betsiboka,MDG.4.1.2_1,Maevatanana,FALSE,2.749117975325518,FALSE,MDG.4.1_1,MDG.4.1.2_1,TRUE
2018,551,-16.485493,47.495224,MDG.4_1,Mahajanga,MDG.4.1_1,Betsiboka,MDG.4.1.3_1,Tsaratanana,FALSE,5.545474544579575,TRUE,MDG.4.1_1,MDG.4.1.3_1,FALSE
2018,552,-16.666475,47.680468,MDG.4_1,Mahajanga,MDG.4.1_1,Betsiboka,MDG.4.1.3_1,Tsaratanana,FALSE,14.983887807570238,TRUE,MDG.4.1_1,MDG.4.1.3_1,FALSE
2018,553,-16.758877,47.55646,MDG.4_1,Mahajanga,MDG.4.1_1,Betsiboka,MDG.4.1.3_1,Tsaratanana,FALSE,25.58136614475415,TRUE,MDG.4.1_1,MDG.4.1.3_1,FALSE
2018,554,-17.11856,47.561942,MDG.4_1,Mahajanga,MDG.4.1_1,Betsiboka,MDG.4.1.3_1,Tsaratanana,FALSE,31.095808794545476,TRUE,MDG.4.1_1,MDG.4.1.3_1,FALSE
2018,556,-17.414066,47.860823,MDG.4_1,Mahajanga,MDG.4.1_1,Betsiboka,MDG.4.1.3_1,Tsaratanana,FALSE,8.423644166941724,TRUE,MDG.4.1_1,MDG.4.1.3_1,FALSE
2018,557,-17.823652,47.923066,MDG.4_1,Mahajanga,MDG.4.1_1,Betsiboka,MDG.4.1.3_1,Tsaratanana,FALSE,2.9072665617622238,TRUE,MDG.4.1_1,MDG.4.1.3_1,TRUE
2018,558,-17.142902,47.193907,MDG.4_1,Mahajanga,MDG.4.1_1,Betsiboka,MDG.4.1.3_1,Tsaratanana,FALSE,6.496022561328986,TRUE,MDG.4.1_1,MDG.4.1.3_1,FALSE
2018,559,-17.406038,45.976126,MDG.4_1,Mahajanga,MDG.4.1_1,Betsiboka,MDG.4.1.1_1,Kandreho,FALSE,8.647498037564088,TRUE,MDG.4.1_1,MDG.4.1.1_1,FALSE
2018,561,-18.077528,44.05989,MDG.4_1,Mahajanga,MDG.4.3_1,Melaky,MDG.4.3.4_1,Maintirano,FALSE,3.865477293017773,FALSE,MDG.4.3_1,MDG.4.3.4_1,TRUE
2018,562,-18.069155,44.034203,MDG.4_1,Mahajanga,MDG.4.3_1,Melaky,MDG.4.3.4_1,Maintirano,FALSE,1.5180663309022189,FALSE,MDG.4.3_1,MDG.4.3.4_1,TRUE
2018,563,-16.758618,44.479427,MDG.4_1,Mahajanga,MDG.4.3_1,Melaky,MDG.4.3.3_1,Besalampy,FALSE,7.465640200258952,FALSE,MDG.4.3_1,MDG.4.3.3_1,FALSE
2018,564,-17.570711,45.461844,MDG.4_1,Mahajanga,MDG.4.3_1,Melaky,MDG.4.3.1_1,Ambatomainty,FALSE,4.863845515131051,FALSE,MDG.4.3_1,MDG.4.3.1_1,TRUE
2018,565,-17.698781,45.661983,MDG.4_1,Mahajanga,MDG.4.3_1,Melaky,MDG.4.3.1_1,Ambatomainty,FALSE,26.461604158427495,FALSE,MDG.4.3_1,MDG.4.3.1_1,FALSE
2018,566,-17.672537,45.679452,MDG.4_1,Mahajanga,MDG.4.3_1,Melaky,MDG.4.3.1_1,Ambatomainty,FALSE,23.463984455939595,FALSE,MDG.4.3_1,MDG.4.3.1_1,FALSE
2018,567,-17.729731,45.133937,MDG.4_1,Mahajanga,MDG.4.3_1,Melaky,MDG.4.3.5_1,Morafanobe,FALSE,5.46118610391165,FALSE,MDG.4.3_1,MDG.4.3.5_1,FALSE
2018,568,-17.823852,44.933342,MDG.4_1,Mahajanga,MDG.4.3_1,Melaky,MDG.4.3.5_1,Morafanobe,FALSE,28.141483593882114,FALSE,MDG.4.3_1,MDG.4.3.5_1,FALSE
2018,569,-18.501567,44.544114,MDG.4_1,Mahajanga,MDG.4.3_1,Melaky,MDG.4.3.2_1,Antsalova,FALSE,9.934987383593183,FALSE,MDG.4.3_1,MDG.4.3.2_1,FALSE
2018,570,-18.670852,44.592993,MDG.4_1,Mahajanga,MDG.4.3_1,Melaky,MDG.4.3.2_1,Antsalova,FALSE,26.533074278684705,FALSE,MDG.4.3_1,MDG.4.3.2_1,FALSE
2018,571,-18.816662,44.493332,MDG.4_1,Mahajanga,MDG.4.3_1,Melaky,MDG.4.3.2_1,Antsalova,FALSE,24.646683596245133,FALSE,MDG.4.3_1,MDG.4.3.2_1,FALSE
2018,572,-16.995017,44.342268,MDG.4_1,Mahajanga,MDG.4.3_1,Melaky,MDG.4.3.4_1,Maintirano,FALSE,1.8401341353096037,FALSE,MDG.4.3_1,MDG.4.3.4_1,TRUE
2018,573,-17.419027,44.105498,MDG.4_1,Mahajanga,MDG.4.3_1,Melaky,MDG.4.3.4_1,Maintirano,FALSE,10.741097952847484,TRUE,MDG.4.3_1,MDG.4.3.4_1,FALSE
2018,574,-17.452392,44.127671,MDG.4_1,Mahajanga,MDG.4.3_1,Melaky,MDG.4.3.4_1,Maintirano,FALSE,14.992100772425626,TRUE,MDG.4.3_1,MDG.4.3.4_1,FALSE
2018,575,-17.642779,44.089004,MDG.4_1,Mahajanga,MDG.4.3_1,Melaky,MDG.4.3.4_1,Maintirano,FALSE,11.105439722398666,TRUE,MDG.4.3_1,MDG.4.3.4_1,FALSE
2018,576,-17.726901,44.257848,MDG.4_1,Mahajanga,MDG.4.3_1,Melaky,MDG.4.3.4_1,Maintirano,FALSE,22.09915318826414,TRUE,MDG.4.3_1,MDG.4.3.4_1,FALSE
2018,577,-18.046603,44.458733,MDG.4_1,Mahajanga,MDG.4.3_1,Melaky,MDG.4.3.4_1,Maintirano,FALSE,7.079569684573039,TRUE,MDG.4.3_1,MDG.4.3.4_1,FALSE
2018,578,-18.129321,44.102431,MDG.4_1,Mahajanga,MDG.4.3_1,Melaky,MDG.4.3.4_1,Maintirano,FALSE,5.41018251755471,TRUE,MDG.4.3_1,MDG.4.3.4_1,FALSE
2018,579,-18.270922,44.152484,MDG.4_1,Mahajanga,MDG.4.3_1,Melaky,MDG.4.3.4_1,Maintirano,FALSE,10.416428207812434,TRUE,MDG.4.3_1,MDG.4.3.4_1,FALSE
2018,580,-17.017636,44.67775,MDG.4_1,Mahajanga,MDG.4.3_1,Melaky,MDG.4.3.3_1,Besalampy,FALSE,18.717762587469327,TRUE,MDG.4.3_1,MDG.4.3.3_1,FALSE
2018,583,-16.345763,44.876796,MDG.4_1,Mahajanga,MDG.4.3_1,Melaky,MDG.4.3.3_1,Besalampy,FALSE,8.376218450872052,TRUE,MDG.4.3_1,MDG.4.3.3_1,FALSE
2018,585,-17.529614,45.845915,MDG.4_1,Mahajanga,MDG.4.3_1,Melaky,MDG.4.3.1_1,Ambatomainty,FALSE,8.41638587446762,TRUE,MDG.4.3_1,MDG.4.3.1_1,FALSE
2018,586,-17.757471,45.615759,MDG.4_1,Mahajanga,MDG.4.3_1,Melaky,MDG.4.3.1_1,Ambatomainty,FALSE,22.920158903013785,TRUE,MDG.4.3_1,MDG.4.3.1_1,FALSE
2018,587,-17.964981,45.566865,MDG.4_1,Mahajanga,MDG.4.3_1,Melaky,MDG.4.3.1_1,Ambatomainty,FALSE,3.2965711736550842,TRUE,MDG.4.3_1,MDG.4.3.1_1,TRUE
2018,588,-18.021599,44.677251,MDG.4_1,Mahajanga,MDG.4.3_1,Melaky,MDG.4.3.5_1,Morafanobe,FALSE,14.149237244560164,TRUE,MDG.4.3_1,MDG.4.3.5_1,FALSE
2018,589,-18.095743,45.282724,MDG.4_1,Mahajanga,MDG.4.3_1,Melaky,MDG.4.3.5_1,Morafanobe,FALSE,14.739069602036018,TRUE,MDG.4.3_1,MDG.4.3.5_1,FALSE
2018,591,-18.830785,44.406385,MDG.4_1,Mahajanga,MDG.4.3_1,Melaky,MDG.4.3.2_1,Antsalova,FALSE,15.353410082758371,TRUE,MDG.4.3_1,MDG.4.3.2_1,FALSE
2018,593,-23.338813,43.681446,MDG.6_1,Toliary,MDG.6.3_1,Atsimo-Andrefana,MDG.6.3.8_1,Toliary Urban,FALSE,2.4941953968091313,FALSE,MDG.6.3_1,MDG.6.3.8_1,TRUE
2018,594,-23.343864,43.67694,MDG.6_1,Toliary,MDG.6.3_1,Atsimo-Andrefana,MDG.6.3.8_1,Toliary Urban,FALSE,1.775310770774654,FALSE,MDG.6.3_1,MDG.6.3.8_1,TRUE
2018,595,-23.338232,43.676322,MDG.6_1,Toliary,MDG.6.3_1,Atsimo-Andrefana,MDG.6.3.8_1,Toliary Urban,FALSE,2.2041803716536443,FALSE,MDG.6.3_1,MDG.6.3.8_1,TRUE
2018,596,-23.354321,43.658928,MDG.6_1,Toliary,MDG.6.3_1,Atsimo-Andrefana,MDG.6.3.8_1,Toliary Urban,FALSE,0.3560131445113739,FALSE,MDG.6.3_1,MDG.6.3.8_1,TRUE
2018,597,-21.434324,45.327843,MDG.6_1,Toliary,MDG.6.3_1,Atsimo-Andrefana,MDG.6.3.4_1,Beroroha,FALSE,20.717969455646017,FALSE,MDG.6.3_1,MDG.6.3.4_1,FALSE
2018,598,-21.747001,43.361618,MDG.6_1,Toliary,MDG.6.3_1,Atsimo-Andrefana,MDG.6.3.6_1,Morombe,FALSE,0.5668879592995737,FALSE,MDG.6.3_1,MDG.6.3.6_1,TRUE
2018,599,-22.292179,44.501526,MDG.6_1,Toliary,MDG.6.3_1,Atsimo-Andrefana,MDG.6.3.2_1,Ankazoabo-Sud,FALSE,19.83373380570634,FALSE,MDG.6.3_1,MDG.6.3.2_1,FALSE
2018,600,-22.88067,44.515538,MDG.6_1,Toliary,MDG.6.3_1,Atsimo-Andrefana,MDG.6.3.7_1,Sakaraha,FALSE,31.397807753542832,FALSE,MDG.6.3_1,MDG.6.3.7_1,FALSE
2018,601,-23.003096,44.770437,MDG.6_1,Toliary,MDG.6.3_1,Atsimo-Andrefana,MDG.6.3.7_1,Sakaraha,FALSE,9.599990583827426,FALSE,MDG.6.3_1,MDG.6.3.7_1,FALSE
2018,602,-23.756574,44.299149,MDG.6_1,Toliary,MDG.6.3_1,Atsimo-Andrefana,MDG.6.3.5_1,Betioky-Sud,FALSE,25.790803394046158,FALSE,MDG.6.3_1,MDG.6.3.5_1,FALSE
2018,603,-23.831195,44.615592,MDG.6_1,Toliary,MDG.6.3_1,Atsimo-Andrefana,MDG.6.3.5_1,Betioky-Sud,FALSE,15.346562820949291,FALSE,MDG.6.3_1,MDG.6.3.5_1,FALSE
2018,604,-24.747289,44.339208,MDG.6_1,Toliary,MDG.6.3_1,Atsimo-Andrefana,MDG.6.3.1_1,Ampanihy,FALSE,35.1055567051106,FALSE,MDG.6.3_1,MDG.6.3.1_1,FALSE
2018,605,-21.43982,44.795003,MDG.6_1,Toliary,MDG.6.3_1,Atsimo-Andrefana,MDG.6.3.4_1,Beroroha,FALSE,9.939791678854471,TRUE,MDG.6.3_1,MDG.6.3.4_1,FALSE
2018,606,-22.175353,43.724787,MDG.6_1,Toliary,MDG.6.3_1,Atsimo-Andrefana,MDG.6.3.6_1,Morombe,FALSE,18.876389401770254,TRUE,MDG.6.3_1,MDG.6.3.6_1,FALSE
2018,607,-21.5577,43.629012,MDG.6_1,Toliary,MDG.6.3_1,Atsimo-Andrefana,MDG.6.3.6_1,Morombe,FALSE,7.255649015793774,TRUE,MDG.6.3_1,MDG.6.3.6_1,FALSE
2018,608,-21.653732,43.724141,MDG.6_1,Toliary,MDG.6.3_1,Atsimo-Andrefana,MDG.6.3.6_1,Morombe,FALSE,3.855785621084372,TRUE,MDG.6.3_1,MDG.6.3.6_1,TRUE
2018,609,-22.050704,43.805961,MDG.6_1,Toliary,MDG.6.3_1,Atsimo-Andrefana,MDG.6.3.6_1,Morombe,FALSE,21.40234631628563,TRUE,MDG.6.3_1,MDG.6.3.6_1,FALSE
2018,610,-22.379736,43.713413,MDG.6_1,Toliary,MDG.6.3_1,Atsimo-Andrefana,MDG.6.3.6_1,Morombe,FALSE,1.1120054963380128,TRUE,MDG.6.3_1,MDG.6.3.6_1,TRUE
2018,611,-22.506959,44.57274,MDG.6_1,Toliary,MDG.6.3_1,Atsimo-Andrefana,MDG.6.3.2_1,Ankazoabo-Sud,FALSE,0.9366785609802034,FALSE,MDG.6.3_1,MDG.6.3.2_1,TRUE
2018,612,-22.830444,44.364098,MDG.6_1,Toliary,MDG.6.3_1,Atsimo-Andrefana,MDG.6.3.7_1,Sakaraha,FALSE,28.713958560918183,TRUE,MDG.6.3_1,MDG.6.3.7_1,FALSE
2018,613,-22.925806,44.205254,MDG.6_1,Toliary,MDG.6.3_1,Atsimo-Andrefana,MDG.6.3.7_1,Sakaraha,FALSE,10.002545033982779,TRUE,MDG.6.3_1,MDG.6.3.7_1,FALSE
2018,614,-22.932007,44.888322,MDG.6_1,Toliary,MDG.6.3_1,Atsimo-Andrefana,MDG.6.3.7_1,Sakaraha,FALSE,8.8622400105847845,TRUE,MDG.6.3_1,MDG.6.3.7_1,FALSE
2018,615,-22.532435,43.60392,MDG.6_1,Toliary,MDG.6.3_1,Atsimo-Andrefana,MDG.6.3.9_1,Toliary,FALSE,18.827808187188882,TRUE,MDG.6.3_1,MDG.6.3.9_1,FALSE
2018,616,-22.831291,43.607212,MDG.6_1,Toliary,MDG.6.3_1,Atsimo-Andrefana,MDG.6.3.9_1,Toliary,FALSE,7.229279540785097,FALSE,MDG.6.3_1,MDG.6.3.9_1,FALSE
2018,617,-22.894412,43.616376,MDG.6_1,Toliary,MDG.6.3_1,Atsimo-Andrefana,MDG.6.3.9_1,Toliary,FALSE,4.4873352844034144,TRUE,MDG.6.3_1,MDG.6.3.9_1,TRUE
2018,618,-23.205422,43.754277,MDG.6_1,Toliary,MDG.6.3_1,Atsimo-Andrefana,MDG.6.3.9_1,Toliary,FALSE,12.391767316151016,TRUE,MDG.6.3_1,MDG.6.3.9_1,FALSE
2018,619,-23.280031,43.730099,MDG.6_1,Toliary,MDG.6.3_1,Atsimo-Andrefana,MDG.6.3.9_1,Toliary,FALSE,3.8876989501726302,TRUE,MDG.6.3_1,MDG.6.3.9_1,TRUE
2018,620,-23.459534,43.897943,MDG.6_1,Toliary,MDG.6.3_1,Atsimo-Andrefana,MDG.6.3.9_1,Toliary,FALSE,13.398001856702274,FALSE,MDG.6.3_1,MDG.6.3.9_1,FALSE
2018,621,-23.546902,44.046762,MDG.6_1,Toliary,MDG.6.3_1,Atsimo-Andrefana,MDG.6.3.9_1,Toliary,FALSE,2.389201907588236,FALSE,MDG.6.3_1,MDG.6.3.9_1,TRUE
2018,622,-23.517893,44.856559,MDG.6_1,Toliary,MDG.6.3_1,Atsimo-Andrefana,MDG.6.3.5_1,Betioky-Sud,FALSE,0.5302530056092435,TRUE,MDG.6.3_1,MDG.6.3.5_1,TRUE
2018,623,-23.298165,44.552507,MDG.6_1,Toliary,MDG.6.3_1,Atsimo-Andrefana,MDG.6.3.5_1,Betioky-Sud,FALSE,8.197723059940724,FALSE,MDG.6.3_1,MDG.6.3.5_1,FALSE
2018,624,-23.377104,44.384515,MDG.6_1,Toliary,MDG.6.3_1,Atsimo-Andrefana,MDG.6.3.5_1,Betioky-Sud,FALSE,12.023011422387508,TRUE,MDG.6.3_1,MDG.6.3.5_1,FALSE
2018,625,-23.559,44.314675,MDG.6_1,Toliary,MDG.6.3_1,Atsimo-Andrefana,MDG.6.3.5_1,Betioky-Sud,FALSE,17.07361349908338,FALSE,MDG.6.3_1,MDG.6.3.5_1,FALSE
2018,626,-23.563263,44.766267,MDG.6_1,Toliary,MDG.6.3_1,Atsimo-Andrefana,MDG.6.3.5_1,Betioky-Sud,FALSE,7.638044163317822,FALSE,MDG.6.3_1,MDG.6.3.5_1,FALSE
2018,627,-23.586007,44.492917,MDG.6_1,Toliary,MDG.6.3_1,Atsimo-Andrefana,MDG.6.3.5_1,Betioky-Sud,FALSE,31.716727697603375,FALSE,MDG.6.3_1,MDG.6.3.5_1,FALSE
2018,628,-23.829853,44.028059,MDG.6_1,Toliary,MDG.6.3_1,Atsimo-Andrefana,MDG.6.3.5_1,Betioky-Sud,FALSE,20.67388302152558,TRUE,MDG.6.3_1,MDG.6.3.5_1,FALSE
2018,629,-23.978736,44.412213,MDG.6_1,Toliary,MDG.6.3_1,Atsimo-Andrefana,MDG.6.3.5_1,Betioky-Sud,FALSE,6.082552248235463,TRUE,MDG.6.3_1,MDG.6.3.5_1,FALSE
2018,630,-23.881117,44.92328,MDG.6_1,Toliary,MDG.6.3_1,Atsimo-Andrefana,MDG.6.3.5_1,Betioky-Sud,FALSE,8.24155111923331,FALSE,MDG.6.3_1,MDG.6.3.5_1,FALSE
2018,631,-23.971475,44.854467,MDG.6_1,Toliary,MDG.6.3_1,Atsimo-Andrefana,MDG.6.3.1_1,Ampanihy,FALSE,2.3829059523106157,FALSE,MDG.6.3_1,MDG.6.3.1_1,TRUE
2018,632,-24.107724,45.026227,MDG.6_1,Toliary,MDG.6.3_1,Atsimo-Andrefana,MDG.6.3.1_1,Ampanihy,FALSE,12.501068557407486,FALSE,MDG.6.3_1,MDG.6.3.1_1,FALSE
2018,633,-24.073652,44.311201,MDG.6_1,Toliary,MDG.6.3_1,Atsimo-Andrefana,MDG.6.3.1_1,Ampanihy,FALSE,2.7016653253844627,TRUE,MDG.6.3_1,MDG.6.3.1_1,TRUE
2018,634,-24.445031,44.678934,MDG.6_1,Toliary,MDG.6.3_1,Atsimo-Andrefana,MDG.6.3.1_1,Ampanihy,FALSE,38.09755757391724,TRUE,MDG.6.3_1,MDG.6.3.1_1,FALSE
2018,635,-24.371887,44.483021,MDG.6_1,Toliary,MDG.6.3_1,Atsimo-Andrefana,MDG.6.3.1_1,Ampanihy,FALSE,34.93944166842932,TRUE,MDG.6.3_1,MDG.6.3.1_1,FALSE
2018,636,-24.399165,45.041624,MDG.6_1,Toliary,MDG.6.3_1,Atsimo-Andrefana,MDG.6.3.1_1,Ampanihy,FALSE,1.4206625658886636,FALSE,MDG.6.3_1,MDG.6.3.1_1,TRUE
2018,637,-24.266664,43.715491,MDG.6_1,Toliary,MDG.6.3_1,Atsimo-Andrefana,MDG.6.3.1_1,Ampanihy,FALSE,4.329664748258782,FALSE,MDG.6.3_1,MDG.6.3.1_1,TRUE
2018,638,-24.950064,44.141135,MDG.6_1,Toliary,MDG.6.3_1,Atsimo-Andrefana,MDG.6.3.1_1,Ampanihy,FALSE,10.529092895321599,FALSE,MDG.6.3_1,MDG.6.3.1_1,FALSE
2018,639,-24.692315,44.889212,MDG.6_1,Toliary,MDG.6.3_1,Atsimo-Andrefana,MDG.6.3.1_1,Ampanihy,FALSE,12.821036539067237,FALSE,MDG.6.3_1,MDG.6.3.1_1,FALSE
2018,640,-25.115996,44.374165,MDG.6_1,Toliary,MDG.6.3_1,Atsimo-Andrefana,MDG.6.3.1_1,Ampanihy,FALSE,6.596486189411811,FALSE,MDG.6.3_1,MDG.6.3.1_1,FALSE
2018,641,-25.173965,46.057185,MDG.6_1,Toliary,MDG.6.1_1,Androy,MDG.6.1.1_1,Ambovombe-Androy,FALSE,10.799137463914178,FALSE,MDG.6.1_1,MDG.6.1.1_1,FALSE
2018,642,-25.186805,46.070628,MDG.6_1,Toliary,MDG.6.1_1,Androy,MDG.6.1.1_1,Ambovombe-Androy,FALSE,9.025060851085701,FALSE,MDG.6.1_1,MDG.6.1.1_1,FALSE
2018,643,-25.252339,46.049803,MDG.6_1,Toliary,MDG.6.1_1,Androy,MDG.6.1.1_1,Ambovombe-Androy,FALSE,3.0906409619632846,FALSE,MDG.6.1_1,MDG.6.1.1_1,TRUE
2018,644,-24.236663,45.291036,MDG.6_1,Toliary,MDG.6.1_1,Androy,MDG.6.1.2_1,Bekily,FALSE,15.87193392854366,FALSE,MDG.6.1_1,MDG.6.1.2_1,FALSE
2018,645,-25.135175,44.899969,MDG.6_1,Toliary,MDG.6.1_1,Androy,MDG.6.1.3_1,Beloha,FALSE,21.747737156954305,FALSE,MDG.6.1_1,MDG.6.1.3_1,FALSE
2018,646,-25.186814,45.437725,MDG.6_1,Toliary,MDG.6.1_1,Androy,MDG.6.1.4_1,Tsiombe,FALSE,6.6661097270437315,FALSE,MDG.6.1_1,MDG.6.1.4_1,FALSE
2018,647,-25.29244,45.425321,MDG.6_1,Toliary,MDG.6.1_1,Androy,MDG.6.1.4_1,Tsiombe,FALSE,6.173192720453987,FALSE,MDG.6.1_1,MDG.6.1.4_1,FALSE
2018,648,-25.085316,46.190623,MDG.6_1,Toliary,MDG.6.1_1,Androy,MDG.6.1.1_1,Ambovombe-Androy,FALSE,4.5803178277264625,TRUE,MDG.6.1_1,MDG.6.1.1_1,TRUE
2018,649,-25.202935,46.182236,MDG.6_1,Toliary,MDG.6.1_1,Androy,MDG.6.1.1_1,Ambovombe-Androy,FALSE,3.157510503701222,TRUE,MDG.6.1_1,MDG.6.1.1_1,TRUE
2018,650,-24.601062,45.611147,MDG.6_1,Toliary,MDG.6.1_1,Androy,MDG.6.1.1_1,Ambovombe-Androy,FALSE,9.790426184628384,FALSE,MDG.6.1_1,MDG.6.1.1_1,FALSE
2018,651,-24.707221,45.53973,MDG.6_1,Toliary,MDG.6.1_1,Androy,MDG.6.1.1_1,Ambovombe-Androy,FALSE,9.921873517067779,FALSE,MDG.6.1_1,MDG.6.1.1_1,FALSE
2018,652,-24.956233,45.56815,MDG.6_1,Toliary,MDG.6.1_1,Androy,MDG.6.1.1_1,Ambovombe-Androy,FALSE,12.787680127529637,FALSE,MDG.6.1_1,MDG.6.1.1_1,FALSE
2018,653,-24.6135,45.728942,MDG.6_1,Toliary,MDG.6.1_1,Androy,MDG.6.1.1_1,Ambovombe-Androy,FALSE,17.052955402097638,FALSE,MDG.6.1_1,MDG.6.1.1_1,FALSE
2018,654,-25.154584,45.937309,MDG.6_1,Toliary,MDG.6.1_1,Androy,MDG.6.1.1_1,Ambovombe-Androy,FALSE,16.828339380536548,FALSE,MDG.6.1_1,MDG.6.1.1_1,FALSE
2018,655,-25.375141,45.85579,MDG.6_1,Toliary,MDG.6.1_1,Androy,MDG.6.1.1_1,Ambovombe-Androy,FALSE,0.1708299864942714,FALSE,MDG.6.1_1,MDG.6.1.1_1,TRUE
2018,656,-25.261414,45.784819,MDG.6_1,Toliary,MDG.6.1_1,Androy,MDG.6.1.1_1,Ambovombe-Androy,FALSE,1.3411735823520137,FALSE,MDG.6.1_1,MDG.6.1.1_1,TRUE
2018,657,-23.849707,45.262471,MDG.6_1,Toliary,MDG.6.1_1,Androy,MDG.6.1.2_1,Bekily,FALSE,4.0928105730290705,FALSE,MDG.6.1_1,MDG.6.1.2_1,TRUE
2018,658,-24.055595,45.373377,MDG.6_1,Toliary,MDG.6.1_1,Androy,MDG.6.1.2_1,Bekily,FALSE,13.69660146901732,FALSE,MDG.6.1_1,MDG.6.1.2_1,FALSE
2018,659,-24.182112,45.70658,MDG.6_1,Toliary,MDG.6.1_1,Androy,MDG.6.1.2_1,Bekily,FALSE,6.641252195552305,FALSE,MDG.6.1_1,MDG.6.1.2_1,FALSE
2018,660,-24.370765,45.441219,MDG.6_1,Toliary,MDG.6.1_1,Androy,MDG.6.1.2_1,Bekily,FALSE,20.127437493576537,FALSE,MDG.6.1_1,MDG.6.1.2_1,FALSE
2018,661,-24.292618,45.073741,MDG.6_1,Toliary,MDG.6.1_1,Androy,MDG.6.1.2_1,Bekily,FALSE,0.8753968614018323,FALSE,MDG.6.1_1,MDG.6.1.2_1,TRUE
2018,662,-24.367053,45.681315,MDG.6_1,Toliary,MDG.6.1_1,Androy,MDG.6.1.2_1,Bekily,FALSE,2.484619934908262,FALSE,MDG.6.1_1,MDG.6.1.2_1,TRUE
2018,663,-24.468666,45.347238,MDG.6_1,Toliary,MDG.6.1_1,Androy,MDG.6.1.2_1,Bekily,FALSE,18.77243164877576,FALSE,MDG.6.1_1,MDG.6.1.2_1,FALSE
2018,664,-24.70676,45.299344,MDG.6_1,Toliary,MDG.6.1_1,Androy,MDG.6.1.2_1,Bekily,FALSE,1.9088046982127354,FALSE,MDG.6.1_1,MDG.6.1.2_1,TRUE
2018,665,-24.618148,45.371626,MDG.6_1,Toliary,MDG.6.1_1,Androy,MDG.6.1.2_1,Bekily,FALSE,8.64438270935414,FALSE,MDG.6.1_1,MDG.6.1.2_1,FALSE
2018,666,-24.788758,45.329899,MDG.6_1,Toliary,MDG.6.1_1,Androy,MDG.6.1.3_1,Beloha,FALSE,3.258424917162845,FALSE,MDG.6.1_1,MDG.6.1.3_1,TRUE
2018,667,-25.231413,45.164662,MDG.6_1,Toliary,MDG.6.1_1,Androy,MDG.6.1.3_1,Beloha,FALSE,11.10305747622965,FALSE,MDG.6.1_1,MDG.6.1.3_1,FALSE
2018,668,-25.145917,44.853375,MDG.6_1,Toliary,MDG.6.1_1,Androy,MDG.6.1.3_1,Beloha,FALSE,19.18683316578365,FALSE,MDG.6.1_1,MDG.6.1.3_1,FALSE
2018,669,-25.486779,45.042544,MDG.6_1,Toliary,MDG.6.1_1,Androy,MDG.6.1.3_1,Beloha,FALSE,1.8377759535567733,FALSE,MDG.6.1_1,MDG.6.1.3_1,TRUE
2018,670,-25.372841,45.389536,MDG.6_1,Toliary,MDG.6.1_1,Androy,MDG.6.1.4_1,Tsiombe,FALSE,7.985786618933464,FALSE,MDG.6.1_1,MDG.6.1.4_1,FALSE
2018,671,-25.527677,45.586465,MDG.6_1,Toliary,MDG.6.1_1,Androy,MDG.6.1.4_1,Tsiombe,FALSE,2.2411981254469335,FALSE,MDG.6.1_1,MDG.6.1.4_1,TRUE
2018,672,-25.519621,45.239518,MDG.6_1,Toliary,MDG.6.1_1,Androy,MDG.6.1.4_1,Tsiombe,FALSE,7.985778365416476,FALSE,MDG.6.1_1,MDG.6.1.4_1,FALSE
2018,673,-25.021331,46.987669,MDG.6_1,Toliary,MDG.6.2_1,Anosy,MDG.6.2.3_1,Taolagnaro,FALSE,0.33738068186198705,FALSE,MDG.6.2_1,MDG.6.2.3_1,TRUE
2018,674,-25.020353,46.981331,MDG.6_1,Toliary,MDG.6.2_1,Anosy,MDG.6.2.3_1,Taolagnaro,FALSE,0.9745787273533536,FALSE,MDG.6.2_1,MDG.6.2.3_1,TRUE
2018,675,-25.033635,46.981279,MDG.6_1,Toliary,MDG.6.2_1,Anosy,MDG.6.2.3_1,Taolagnaro,FALSE,0.16662853676646586,FALSE,MDG.6.2_1,MDG.6.2.3_1,TRUE
2018,676,-23.3055,46.09656,MDG.6_1,Toliary,MDG.6.2_1,Anosy,MDG.6.2.2_1,Betroka,FALSE,31.79325831475015,FALSE,MDG.6.2_1,MDG.6.2.2_1,FALSE
2018,677,-25.038381,46.477705,MDG.6_1,Toliary,MDG.6.2_1,Anosy,MDG.6.2.1_1,Amboasary-Sud,FALSE,5.093723993929896,FALSE,MDG.6.2_1,MDG.6.2.1_1,FALSE
2018,678,-25.092779,46.433441,MDG.6_1,Toliary,MDG.6.2_1,Anosy,MDG.6.2.1_1,Amboasary-Sud,FALSE,7.879524530898589,FALSE,MDG.6.2_1,MDG.6.2.1_1,FALSE
2018,679,-24.090586,47.207763,MDG.6_1,Toliary,MDG.6.2_1,Anosy,MDG.6.2.3_1,Taolagnaro,FALSE,7.158872250814671,TRUE,MDG.6.2_1,MDG.6.2.3_1,FALSE
2018,680,-24.294134,47.259428,MDG.6_1,Toliary,MDG.6.2_1,Anosy,MDG.6.2.3_1,Taolagnaro,FALSE,6.668124675163406,TRUE,MDG.6.2_1,MDG.6.2.3_1,FALSE
2018,681,-24.561717,46.954763,MDG.6_1,Toliary,MDG.6.2_1,Anosy,MDG.6.2.3_1,Taolagnaro,FALSE,13.575948788435346,FALSE,MDG.6.2_1,MDG.6.2.3_1,FALSE
2018,682,-24.628928,47.076175,MDG.6_1,Toliary,MDG.6.2_1,Anosy,MDG.6.2.3_1,Taolagnaro,FALSE,14.54861976224876,TRUE,MDG.6.2_1,MDG.6.2.3_1,FALSE
2018,683,-24.738425,46.921932,MDG.6_1,Toliary,MDG.6.2_1,Anosy,MDG.6.2.3_1,Taolagnaro,FALSE,24.153369519626217,FALSE,MDG.6.2_1,MDG.6.2.3_1,FALSE
2018,684,-24.848578,46.94983,MDG.6_1,Toliary,MDG.6.2_1,Anosy,MDG.6.2.3_1,Taolagnaro,FALSE,15.072660951811095,FALSE,MDG.6.2_1,MDG.6.2.3_1,FALSE
2018,685,-24.982187,46.932435,MDG.6_1,Toliary,MDG.6.2_1,Anosy,MDG.6.2.3_1,Taolagnaro,FALSE,5.531714178880115,FALSE,MDG.6.2_1,MDG.6.2.3_1,FALSE
2018,686,-24.985305,46.659426,MDG.6_1,Toliary,MDG.6.2_1,Anosy,MDG.6.2.3_1,Taolagnaro,FALSE,12.168144882451248,FALSE,MDG.6.2_1,MDG.6.2.3_1,FALSE
2018,687,-25.015561,46.821371,MDG.6_1,Toliary,MDG.6.2_1,Anosy,MDG.6.2.3_1,Taolagnaro,FALSE,7.513405401553403,FALSE,MDG.6.2_1,MDG.6.2.3_1,FALSE
2018,688,-22.70279,45.849454,MDG.6_1,Toliary,MDG.6.2_1,Anosy,MDG.6.2.2_1,Betroka,FALSE,1.7936502487913932,TRUE,MDG.6.2_1,MDG.6.2.2_1,TRUE
2018,689,-22.939792,45.709485,MDG.6_1,Toliary,MDG.6.2_1,Anosy,MDG.6.2.2_1,Betroka,FALSE,21.47600619091731,TRUE,MDG.6.2_1,MDG.6.2.2_1,FALSE
2018,690,-23.112075,45.850241,MDG.6_1,Toliary,MDG.6.2_1,Anosy,MDG.6.2.2_1,Betroka,FALSE,42.4364217437969,FALSE,MDG.6.2_1,MDG.6.2.2_1,FALSE
2018,691,-23.299492,45.552736,MDG.6_1,Toliary,MDG.6.2_1,Anosy,MDG.6.2.2_1,Betroka,FALSE,22.77276860212491,FALSE,MDG.6.2_1,MDG.6.2.2_1,FALSE
2018,692,-23.30243,45.769966,MDG.6_1,Toliary,MDG.6.2_1,Anosy,MDG.6.2.2_1,Betroka,FALSE,38.75543801155448,FALSE,MDG.6.2_1,MDG.6.2.2_1,FALSE
2018,693,-23.496257,45.858666,MDG.6_1,Toliary,MDG.6.2_1,Anosy,MDG.6.2.2_1,Betroka,FALSE,38.82951724810625,FALSE,MDG.6.2_1,MDG.6.2.2_1,FALSE
2018,694,-23.535195,45.607294,MDG.6_1,Toliary,MDG.6.2_1,Anosy,MDG.6.2.2_1,Betroka,FALSE,12.907571202292537,FALSE,MDG.6.2_1,MDG.6.2.2_1,FALSE
2018,695,-23.695479,46.183268,MDG.6_1,Toliary,MDG.6.2_1,Anosy,MDG.6.2.2_1,Betroka,FALSE,16.19570566958515,TRUE,MDG.6.2_1,MDG.6.2.2_1,FALSE
2018,696,-23.807855,45.59738,MDG.6_1,Toliary,MDG.6.2_1,Anosy,MDG.6.2.2_1,Betroka,FALSE,12.261765943156451,FALSE,MDG.6.2_1,MDG.6.2.2_1,FALSE
2018,697,-23.826772,45.752181,MDG.6_1,Toliary,MDG.6.2_1,Anosy,MDG.6.2.2_1,Betroka,FALSE,12.398511518567268,FALSE,MDG.6.2_1,MDG.6.2.2_1,FALSE
2018,698,-24.070084,46.103148,MDG.6_1,Toliary,MDG.6.2_1,Anosy,MDG.6.2.1_1,Amboasary-Sud,FALSE,11.581092808129434,FALSE,MDG.6.2_1,MDG.6.2.1_1,FALSE
2018,699,-24.085703,46.684327,MDG.6_1,Toliary,MDG.6.2_1,Anosy,MDG.6.2.1_1,Amboasary-Sud,FALSE,4.743508954683561,TRUE,MDG.6.2_1,MDG.6.2.1_1,TRUE
2018,700,-24.493363,46.780147,MDG.6_1,Toliary,MDG.6.2_1,Anosy,MDG.6.2.1_1,Amboasary-Sud,FALSE,4.438155152813389,FALSE,MDG.6.2_1,MDG.6.2.1_1,TRUE
2018,701,-24.446729,46.293688,MDG.6_1,Toliary,MDG.6.2_1,Anosy,MDG.6.2.1_1,Amboasary-Sud,FALSE,28.902087281904095,FALSE,MDG.6.2_1,MDG.6.2.1_1,FALSE
2018,702,-24.615789,46.531432,MDG.6_1,Toliary,MDG.6.2_1,Anosy,MDG.6.2.1_1,Amboasary-Sud,FALSE,8.89604408604932,TRUE,MDG.6.2_1,MDG.6.2.1_1,FALSE
2018,703,-24.550351,46.204386,MDG.6_1,Toliary,MDG.6.2_1,Anosy,MDG.6.2.1_1,Amboasary-Sud,FALSE,21.174720888862986,TRUE,MDG.6.2_1,MDG.6.2.1_1,FALSE
2018,704,-25.066691,46.508313,MDG.6_1,Toliary,MDG.6.2_1,Anosy,MDG.6.2.1_1,Amboasary-Sud,FALSE,2.592661259433542,FALSE,MDG.6.2_1,MDG.6.2.1_1,TRUE
2018,705,-20.299261,44.291007,MDG.6_1,Toliary,MDG.6.4_1,Menabe,MDG.6.4.5_1,Morondava,FALSE,1.8308433100939212,FALSE,MDG.6.4_1,MDG.6.4.5_1,TRUE
2018,706,-20.294239,44.295364,MDG.6_1,Toliary,MDG.6.4_1,Menabe,MDG.6.4.5_1,Morondava,FALSE,1.6649274695561798,FALSE,MDG.6.4_1,MDG.6.4.5_1,TRUE
2018,707,-19.441068,45.468116,MDG.6_1,Toliary,MDG.6.4_1,Menabe,MDG.6.4.4_1,Miandrivazo,FALSE,21.293626233861726,FALSE,MDG.6.4_1,MDG.6.4.4_1,FALSE
2018,708,-19.545839,44.564248,MDG.6_1,Toliary,MDG.6.4_1,Menabe,MDG.6.4.1_1,Belon-i Tsiribihina,FALSE,9.622431596450557,FALSE,MDG.6.4_1,MDG.6.4.1_1,FALSE
2018,709,-19.69213,44.557732,MDG.6_1,Toliary,MDG.6.4_1,Menabe,MDG.6.4.1_1,Belon-i Tsiribihina,FALSE,5.096909066706395,FALSE,MDG.6.4_1,MDG.6.4.1_1,FALSE
2018,710,-20.373221,44.689061,MDG.6_1,Toliary,MDG.6.4_1,Menabe,MDG.6.4.2_1,Mahabo,FALSE,8.389263188979132,FALSE,MDG.6.4_1,MDG.6.4.2_1,FALSE
2018,711,-21.436216,44.319807,MDG.6_1,Toliary,MDG.6.4_1,Menabe,MDG.6.4.3_1,Manja,FALSE,37.27604476639288,FALSE,MDG.6.4_1,MDG.6.4.3_1,FALSE
2018,712,-20.147841,44.440757,MDG.6_1,Toliary,MDG.6.4_1,Menabe,MDG.6.4.5_1,Morondava,FALSE,4.769966761935061,FALSE,MDG.6.4_1,MDG.6.4.5_1,TRUE
2018,713,-20.313662,44.326447,MDG.6_1,Toliary,MDG.6.4_1,Menabe,MDG.6.4.5_1,Morondava,FALSE,4.893805576896022,FALSE,MDG.6.4_1,MDG.6.4.5_1,TRUE
2018,714,-20.308532,44.425364,MDG.6_1,Toliary,MDG.6.4_1,Menabe,MDG.6.4.5_1,Morondava,FALSE,14.345346664410032,FALSE,MDG.6.4_1,MDG.6.4.5_1,FALSE
2018,715,-20.556963,44.485997,MDG.6_1,Toliary,MDG.6.4_1,Menabe,MDG.6.4.2_1,Mahabo,FALSE,1.711282322292187,TRUE,MDG.6.4_1,MDG.6.4.2_1,TRUE
2018,716,-20.517403,44.111649,MDG.6_1,Toliary,MDG.6.4_1,Menabe,MDG.6.4.5_1,Morondava,FALSE,0.471274391205187,TRUE,MDG.6.4_1,MDG.6.4.5_1,TRUE
2018,717,-18.772668,45.300064,MDG.6_1,Toliary,MDG.6.4_1,Menabe,MDG.6.4.4_1,Miandrivazo,FALSE,18.218089465883534,TRUE,MDG.6.4_1,MDG.6.4.4_1,FALSE
2018,718,-19.632037,45.423306,MDG.6_1,Toliary,MDG.6.4_1,Menabe,MDG.6.4.4_1,Miandrivazo,FALSE,16.215621669221246,TRUE,MDG.6.4_1,MDG.6.4.4_1,FALSE
2018,719,-19.704059,45.306153,MDG.6_1,Toliary,MDG.6.4_1,Menabe,MDG.6.4.4_1,Miandrivazo,FALSE,2.931834166439649,TRUE,MDG.6.4_1,MDG.6.4.4_1,TRUE
2018,720,-19.924465,45.458867,MDG.6_1,Toliary,MDG.6.4_1,Menabe,MDG.6.4.4_1,Miandrivazo,FALSE,15.549240758982348,TRUE,MDG.6.4_1,MDG.6.4.4_1,FALSE
2018,721,-20.121892,45.632773,MDG.6_1,Toliary,MDG.6.4_1,Menabe,MDG.6.4.4_1,Miandrivazo,FALSE,2.2370997752010156,FALSE,MDG.6.4_1,MDG.6.4.4_1,TRUE
2018,722,-19.646732,44.942397,MDG.6_1,Toliary,MDG.6.4_1,Menabe,MDG.6.4.1_1,Belon-i Tsiribihina,FALSE,32.71449059676271,TRUE,MDG.6.4_1,MDG.6.4.1_1,FALSE
2018,723,-19.632693,44.616804,MDG.6_1,Toliary,MDG.6.4_1,Menabe,MDG.6.4.1_1,Belon-i Tsiribihina,FALSE,11.987227206810186,FALSE,MDG.6.4_1,MDG.6.4.1_1,FALSE
2018,724,-19.752686,44.857913,MDG.6_1,Toliary,MDG.6.4_1,Menabe,MDG.6.4.1_1,Belon-i Tsiribihina,FALSE,29.422246719981416,FALSE,MDG.6.4_1,MDG.6.4.1_1,FALSE
2018,726,-20.295855,44.846882,MDG.6_1,Toliary,MDG.6.4_1,Menabe,MDG.6.4.2_1,Mahabo,FALSE,19.115994651258333,TRUE,MDG.6.4_1,MDG.6.4.2_1,FALSE
2018,727,-20.323494,44.631573,MDG.6_1,Toliary,MDG.6.4_1,Menabe,MDG.6.4.2_1,Mahabo,FALSE,0.7705212835727429,TRUE,MDG.6.4_1,MDG.6.4.2_1,TRUE
2018,728,-20.438444,44.795746,MDG.6_1,Toliary,MDG.6.4_1,Menabe,MDG.6.4.2_1,Mahabo,FALSE,21.62107591429823,TRUE,MDG.6.4_1,MDG.6.4.2_1,FALSE
2018,729,-20.325197,45.294065,MDG.6_1,Toliary,MDG.6.4_1,Menabe,MDG.6.4.2_1,Mahabo,FALSE,16.55908353326644,TRUE,MDG.6.4_1,MDG.6.4.2_1,FALSE
2018,730,-20.319663,45.59626,MDG.6_1,Toliary,MDG.6.4_1,Menabe,MDG.6.4.2_1,Mahabo,FALSE,13.942796051077764,TRUE,MDG.6.4_1,MDG.6.4.2_1,FALSE
2018,731,-21.082797,44.819663,MDG.6_1,Toliary,MDG.6.4_1,Menabe,MDG.6.4.2_1,Mahabo,FALSE,12.64596958684575,TRUE,MDG.6.4_1,MDG.6.4.2_1,FALSE
2018,732,-21.582788999999998,44.336342,MDG.6_1,Toliary,MDG.6.4_1,Menabe,MDG.6.4.3_1,Manja,FALSE,26.357272972808182,TRUE,MDG.6.4_1,MDG.6.4.3_1,FALSE
2018,733,-21.434808,44.40531,MDG.6_1,Toliary,MDG.6.4_1,Menabe,MDG.6.4.3_1,Manja,FALSE,28.516502512682433,TRUE,MDG.6.4_1,MDG.6.4.3_1,FALSE
2018,734,-21.65437,43.876596,MDG.6_1,Toliary,MDG.6.4_1,Menabe,MDG.6.4.3_1,Manja,FALSE,11.580902529885668,TRUE,MDG.6.4_1,MDG.6.4.3_1,FALSE
2018,735,-21.303342,43.831518,MDG.6_1,Toliary,MDG.6.4_1,Menabe,MDG.6.4.3_1,Manja,FALSE,7.6510715801395754,FALSE,MDG.6.4_1,MDG.6.4.3_1,FALSE
2018,736,-21.525397,44.567559,MDG.6_1,Toliary,MDG.6.4_1,Menabe,MDG.6.4.3_1,Manja,FALSE,11.694163994265688,TRUE,MDG.6.4_1,MDG.6.4.3_1,FALSE
2018,737,-12.281192,49.298642,MDG.2_1,Antsiranana,MDG.2.1_1,Diana,MDG.2.1.3_1,Antsiranana Rural,FALSE,0.5478758585347109,FALSE,MDG.2.1_1,MDG.2.1.3_1,TRUE
2018,738,-12.291016,49.285683,MDG.2_1,Antsiranana,MDG.2.1_1,Diana,MDG.2.1.3_1,Antsiranana Rural,FALSE,1.0282995655001053,FALSE,MDG.2.1_1,MDG.2.1.3_1,TRUE
2018,739,-12.311287,49.277252,MDG.2_1,Antsiranana,MDG.2.1_1,Diana,MDG.2.1.3_1,Antsiranana Rural,FALSE,1.5740924877979212,FALSE,MDG.2.1_1,MDG.2.1.3_1,TRUE
2018,740,-12.312683,49.298652,MDG.2_1,Antsiranana,MDG.2.1_1,Diana,MDG.2.1.3_1,Antsiranana Rural,FALSE,0.5944041724566511,FALSE,MDG.2.1_1,MDG.2.1.3_1,TRUE
2018,741,-12.303505,49.280338,MDG.2_1,Antsiranana,MDG.2.1_1,Diana,MDG.2.1.3_1,Antsiranana Rural,FALSE,1.2622857858742893,FALSE,MDG.2.1_1,MDG.2.1.3_1,TRUE
2018,742,-13.162061,49.013132,MDG.2_1,Antsiranana,MDG.2.1_1,Diana,MDG.2.1.2_1,Ambilobe,FALSE,19.90134743357099,FALSE,MDG.2.1_1,MDG.2.1.2_1,FALSE
2018,743,-13.182715,49.053853,MDG.2_1,Antsiranana,MDG.2.1_1,Diana,MDG.2.1.2_1,Ambilobe,FALSE,22.62714179540037,FALSE,MDG.2.1_1,MDG.2.1.2_1,FALSE
2018,744,-13.211448,49.023554,MDG.2_1,Antsiranana,MDG.2.1_1,Diana,MDG.2.1.2_1,Ambilobe,FALSE,18.392541631874035,FALSE,MDG.2.1_1,MDG.2.1.2_1,FALSE
2018,745,-13.381389,48.261253,MDG.2_1,Antsiranana,MDG.2.1_1,Diana,MDG.2.1.5_1,Nosibe,FALSE,2.500386270359585,FALSE,MDG.2.1_1,MDG.2.1.5_1,TRUE
2018,746,-13.397357,48.269033,MDG.2_1,Antsiranana,MDG.2.1_1,Diana,MDG.2.1.5_1,Nosibe,FALSE,0.615722201666727,FALSE,MDG.2.1_1,MDG.2.1.5_1,TRUE
2018,747,-13.282516,48.207609,MDG.2_1,Antsiranana,MDG.2.1_1,Diana,MDG.2.1.5_1,Nosibe,FALSE,0.7730001670726733,FALSE,MDG.2.1_1,MDG.2.1.5_1,TRUE
2018,748,-13.396097,48.210834,MDG.2_1,Antsiranana,MDG.2.1_1,Diana,MDG.2.1.5_1,Nosibe,FALSE,0.5275606319065075,FALSE,MDG.2.1_1,MDG.2.1.5_1,TRUE
2018,749,-13.605388,48.415527,MDG.2_1,Antsiranana,MDG.2.1_1,Diana,MDG.2.1.1_1,Ambanja,FALSE,3.466353413697713,FALSE,MDG.2.1_1,MDG.2.1.1_1,TRUE
2018,750,-13.668759,48.446535,MDG.2_1,Antsiranana,MDG.2.1_1,Diana,MDG.2.1.1_1,Ambanja,FALSE,10.53935161816458,FALSE,MDG.2.1_1,MDG.2.1.1_1,FALSE
2018,751,-13.68297,48.448128,MDG.2_1,Antsiranana,MDG.2.1_1,Diana,MDG.2.1.1_1,Ambanja,FALSE,11.248312399196422,FALSE,MDG.2.1_1,MDG.2.1.1_1,FALSE
2018,752,-13.701768,48.459758,MDG.2_1,Antsiranana,MDG.2.1_1,Diana,MDG.2.1.1_1,Ambanja,FALSE,12.523683908398903,FALSE,MDG.2.1_1,MDG.2.1.1_1,FALSE
2018,753,-12.381935,49.333252,MDG.2_1,Antsiranana,MDG.2.1_1,Diana,MDG.2.1.3_1,Antsiranana Rural,FALSE,7.443805702878957,FALSE,MDG.2.1_1,MDG.2.1.3_1,FALSE
2018,754,-12.450622,49.442243,MDG.2_1,Antsiranana,MDG.2.1_1,Diana,MDG.2.1.3_1,Antsiranana Rural,FALSE,4.533069640990197,FALSE,MDG.2.1_1,MDG.2.1.3_1,TRUE
2018,755,-12.678463,49.343683,MDG.2_1,Antsiranana,MDG.2.1_1,Diana,MDG.2.1.3_1,Antsiranana Rural,FALSE,21.860217998784226,FALSE,MDG.2.1_1,MDG.2.1.3_1,FALSE
2018,756,-12.770923,49.238683,MDG.2_1,Antsiranana,MDG.2.1_1,Diana,MDG.2.1.3_1,Antsiranana Rural,FALSE,14.21720577517757,FALSE,MDG.2.1_1,MDG.2.1.3_1,FALSE
2018,757,-13.010405,48.887623,MDG.2_1,Antsiranana,MDG.2.1_1,Diana,MDG.2.1.2_1,Ambilobe,FALSE,0.029474895088722124,TRUE,MDG.2.1_1,MDG.2.1.2_1,TRUE
2018,758,-13.189393,49.101463,MDG.2_1,Antsiranana,MDG.2.1_1,Diana,MDG.2.1.2_1,Ambilobe,FALSE,23.510302620210513,TRUE,MDG.2.1_1,MDG.2.1.2_1,FALSE
2018,759,-13.262438,49.376337,MDG.2_1,Antsiranana,MDG.2.1_1,Diana,MDG.2.1.2_1,Ambilobe,FALSE,4.292632184261149,TRUE,MDG.2.1_1,MDG.2.1.2_1,TRUE
2018,760,-13.193353,48.888503,MDG.2_1,Antsiranana,MDG.2.1_1,Diana,MDG.2.1.2_1,Ambilobe,FALSE,7.4878430479766145,TRUE,MDG.2.1_1,MDG.2.1.2_1,FALSE
2018,761,-13.257136,48.837309,MDG.2_1,Antsiranana,MDG.2.1_1,Diana,MDG.2.1.2_1,Ambilobe,FALSE,0.9004978310196479,TRUE,MDG.2.1_1,MDG.2.1.2_1,TRUE
2018,762,-13.518277,48.816045,MDG.2_1,Antsiranana,MDG.2.1_1,Diana,MDG.2.1.2_1,Ambilobe,FALSE,12.458995659888732,TRUE,MDG.2.1_1,MDG.2.1.2_1,FALSE
2018,763,-13.077277,48.932943,MDG.2_1,Antsiranana,MDG.2.1_1,Diana,MDG.2.1.2_1,Ambilobe,FALSE,7.646902026703682,TRUE,MDG.2.1_1,MDG.2.1.2_1,FALSE
2018,764,-13.807035,48.541176,MDG.2_1,Antsiranana,MDG.2.1_1,Diana,MDG.2.1.1_1,Ambanja,FALSE,18.15967017802437,TRUE,MDG.2.1_1,MDG.2.1.1_1,FALSE
2018,765,-13.83559,48.238337,MDG.2_1,Antsiranana,MDG.2.1_1,Diana,MDG.2.1.1_1,Ambanja,FALSE,2.3376547202703053,TRUE,MDG.2.1_1,MDG.2.1.1_1,TRUE
2018,766,-13.757256,48.330766,MDG.2_1,Antsiranana,MDG.2.1_1,Diana,MDG.2.1.1_1,Ambanja,FALSE,0.5871839778183825,TRUE,MDG.2.1_1,MDG.2.1.1_1,TRUE
2018,767,-13.753526,48.03439,MDG.2_1,Antsiranana,MDG.2.1_1,Diana,MDG.2.1.1_1,Ambanja,FALSE,13.208166725074935,TRUE,MDG.2.1_1,MDG.2.1.1_1,FALSE
2018,768,-14.076505,48.524698,MDG.2_1,Antsiranana,MDG.2.1_1,Diana,MDG.2.1.1_1,Ambanja,FALSE,12.557171392623074,FALSE,MDG.2.1_1,MDG.2.1.1_1,FALSE
2018,769,-14.284286,50.099966,MDG.2_1,Antsiranana,MDG.2.2_1,Sava,MDG.2.2.3_1,Sambava,FALSE,6.557251645554076,FALSE,MDG.2.2_1,MDG.2.2.3_1,FALSE
2018,770,-14.255625,50.148805,MDG.2_1,Antsiranana,MDG.2.2_1,Sava,MDG.2.2.3_1,Sambava,FALSE,0.44860588478100183,FALSE,MDG.2.2_1,MDG.2.2.3_1,TRUE
2018,771,-14.301422,50.188566,MDG.2_1,Antsiranana,MDG.2.2_1,Sava,MDG.2.2.3_1,Sambava,FALSE,1.0030490815271913,FALSE,MDG.2.2_1,MDG.2.2.3_1,TRUE
2018,772,-14.654327,49.645298,MDG.2_1,Antsiranana,MDG.2.2_1,Sava,MDG.2.2.1_1,Andapa,FALSE,16.20161095065957,FALSE,MDG.2.2_1,MDG.2.2.1_1,FALSE
2018,773,-14.834841,50.240814,MDG.2_1,Antsiranana,MDG.2.2_1,Sava,MDG.2.2.2_1,Antalaha,FALSE,1.8333610606558925,FALSE,MDG.2.2_1,MDG.2.2.2_1,TRUE
2018,774,-14.898752,50.278954,MDG.2_1,Antsiranana,MDG.2.2_1,Sava,MDG.2.2.2_1,Antalaha,FALSE,0.24794129653348904,FALSE,MDG.2.2_1,MDG.2.2.2_1,TRUE
2018,775,-14.901786,50.274962,MDG.2_1,Antsiranana,MDG.2.2_1,Sava,MDG.2.2.2_1,Antalaha,FALSE,0.6958466609546434,FALSE,MDG.2.2_1,MDG.2.2.2_1,TRUE
2018,776,-14.05361,50.126683,MDG.2_1,Antsiranana,MDG.2.2_1,Sava,MDG.2.2.3_1,Sambava,FALSE,2.7745382281998885,TRUE,MDG.2.2_1,MDG.2.2.3_1,TRUE
2018,777,-14.182406,49.981611,MDG.2_1,Antsiranana,MDG.2.2_1,Sava,MDG.2.2.3_1,Sambava,FALSE,3.7114140241502733,TRUE,MDG.2.2_1,MDG.2.2.3_1,TRUE
2018,778,-14.018073,49.715986,MDG.2_1,Antsiranana,MDG.2.2_1,Sava,MDG.2.2.3_1,Sambava,FALSE,3.4724064062070825,TRUE,MDG.2.2_1,MDG.2.2.3_1,TRUE
2018,779,-14.065785,49.690714,MDG.2_1,Antsiranana,MDG.2.2_1,Sava,MDG.2.2.3_1,Sambava,FALSE,9.186494190907707,TRUE,MDG.2.2_1,MDG.2.2.3_1,FALSE
2018,780,-14.199494,49.762484,MDG.2_1,Antsiranana,MDG.2.2_1,Sava,MDG.2.2.3_1,Sambava,FALSE,11.551363010005522,TRUE,MDG.2.2_1,MDG.2.2.3_1,FALSE
2018,781,-14.275838,49.988994,MDG.2_1,Antsiranana,MDG.2.2_1,Sava,MDG.2.2.3_1,Sambava,FALSE,12.984564039229097,TRUE,MDG.2.2_1,MDG.2.2.3_1,FALSE
2018,782,-14.375924,49.864669,MDG.2_1,Antsiranana,MDG.2.2_1,Sava,MDG.2.2.3_1,Sambava,FALSE,15.633574358571453,FALSE,MDG.2.2_1,MDG.2.2.3_1,FALSE
2018,783,-14.464487,50.087862,MDG.2_1,Antsiranana,MDG.2.2_1,Sava,MDG.2.2.3_1,Sambava,FALSE,5.953960976862873,TRUE,MDG.2.2_1,MDG.2.2.3_1,FALSE
2018,784,-13.03587,49.806044,MDG.2_1,Antsiranana,MDG.2.2_1,Sava,MDG.2.2.4_1,Vohimarina (Iharana),FALSE,9.66112742221073,TRUE,MDG.2.2_1,MDG.2.2.4_1,FALSE
2018,785,-13.285607,49.760146,MDG.2_1,Antsiranana,MDG.2.2_1,Sava,MDG.2.2.4_1,Vohimarina (Iharana),FALSE,19.70983148142741,TRUE,MDG.2.2_1,MDG.2.2.4_1,FALSE
2018,786,-13.654843,49.629249,MDG.2_1,Antsiranana,MDG.2.2_1,Sava,MDG.2.2.4_1,Vohimarina (Iharana),FALSE,23.766745381490367,TRUE,MDG.2.2_1,MDG.2.2.4_1,FALSE
2018,787,-13.759919,50.054338,MDG.2_1,Antsiranana,MDG.2.2_1,Sava,MDG.2.2.4_1,Vohimarina (Iharana),FALSE,6.480486257746838,TRUE,MDG.2.2_1,MDG.2.2.4_1,FALSE
2018,789,-13.906096,49.993601,MDG.2_1,Antsiranana,MDG.2.2_1,Sava,MDG.2.2.3_1,Sambava,FALSE,1.2133147496746954,TRUE,MDG.2.2_1,MDG.2.2.3_1,TRUE
2018,790,-13.979914,49.970789,MDG.2_1,Antsiranana,MDG.2.2_1,Sava,MDG.2.2.4_1,Vohimarina (Iharana),FALSE,6.2124965464863,TRUE,MDG.2.2_1,MDG.2.2.4_1,FALSE
2018,791,-14.346198,49.61947,MDG.2_1,Antsiranana,MDG.2.2_1,Sava,MDG.2.2.1_1,Andapa,FALSE,7.201603842418943,FALSE,MDG.2.2_1,MDG.2.2.1_1,FALSE
2018,792,-14.586671,49.653237,MDG.2_1,Antsiranana,MDG.2.2_1,Sava,MDG.2.2.1_1,Andapa,FALSE,8.807593506510305,FALSE,MDG.2.2_1,MDG.2.2.1_1,FALSE
2018,793,-14.612091,49.481698,MDG.2_1,Antsiranana,MDG.2.2_1,Sava,MDG.2.2.1_1,Andapa,FALSE,8.678442249746034,FALSE,MDG.2.2_1,MDG.2.2.1_1,FALSE
2018,794,-14.684483,49.798649,MDG.2_1,Antsiranana,MDG.2.2_1,Sava,MDG.2.2.1_1,Andapa,FALSE,4.152801085973357,FALSE,MDG.2.2_1,MDG.2.2.1_1,TRUE
2018,795,-14.592228,50.0687,MDG.2_1,Antsiranana,MDG.2.2_1,Sava,MDG.2.2.2_1,Antalaha,FALSE,3.903662919319324,TRUE,MDG.2.2_1,MDG.2.2.2_1,TRUE
2018,796,-14.80984,50.159281,MDG.2_1,Antsiranana,MDG.2.2_1,Sava,MDG.2.2.2_1,Antalaha,FALSE,8.589434707928008,TRUE,MDG.2.2_1,MDG.2.2.2_1,FALSE
2018,797,-15.009902,49.883233,MDG.2_1,Antsiranana,MDG.2.2_1,Sava,MDG.2.2.2_1,Antalaha,FALSE,6.0627499376767,FALSE,MDG.2.2_1,MDG.2.2.2_1,FALSE
2018,798,-15.000644,50.267346,MDG.2_1,Antsiranana,MDG.2.2_1,Sava,MDG.2.2.2_1,Antalaha,FALSE,6.102863282318886,TRUE,MDG.2.2_1,MDG.2.2.2_1,FALSE
2018,800,-15.47821,50.227707,MDG.2_1,Antsiranana,MDG.2.2_1,Sava,MDG.2.2.2_1,Antalaha,FALSE,19.05979683466346,FALSE,MDG.2.2_1,MDG.2.2.2_1,FALSE
2021,1,-18.900499,47.516548,MDG.1_1,Antananarivo,MDG.1.1_1,Analamanga,MDG.1.1.7_1,Antananarivo renivohitra,FALSE,2.0832517044463676,FALSE,MDG.1.1_1,MDG.1.1.7_1,TRUE
2021,2,-18.903698,47.502519,MDG.1_1,Antananarivo,MDG.1.1_1,Analamanga,MDG.1.1.7_1,Antananarivo renivohitra,FALSE,0.5999941313046585,FALSE,MDG.1.1_1,MDG.1.1.7_1,TRUE
2021,3,-18.90855,47.518448,MDG.1_1,Antananarivo,MDG.1.1_1,Analamanga,MDG.1.1.7_1,Antananarivo renivohitra,FALSE,2.086146155827806,FALSE,MDG.1.1_1,MDG.1.1.7_1,TRUE
2021,4,-18.894118,47.510012,MDG.1_1,Antananarivo,MDG.1.1_1,Analamanga,MDG.1.1.7_1,Antananarivo renivohitra,FALSE,1.5912671039755821,FALSE,MDG.1.1_1,MDG.1.1.7_1,TRUE
2021,5,-18.917428,47.50749,MDG.1_1,Antananarivo,MDG.1.1_1,Analamanga,MDG.1.1.7_1,Antananarivo renivohitra,FALSE,1.1379503744423405,FALSE,MDG.1.1_1,MDG.1.1.7_1,TRUE
2021,6,-18.899194,47.500418,MDG.1_1,Antananarivo,MDG.1.1_1,Analamanga,MDG.1.1.7_1,Antananarivo renivohitra,FALSE,0.4575750250757943,FALSE,MDG.1.1_1,MDG.1.1.7_1,TRUE
2021,7,-18.913965,47.515262,MDG.1_1,Antananarivo,MDG.1.1_1,Analamanga,MDG.1.1.7_1,Antananarivo renivohitra,FALSE,1.8230329659557023,FALSE,MDG.1.1_1,MDG.1.1.7_1,TRUE
2021,8,-18.932019,47.499634,MDG.1_1,Antananarivo,MDG.1.1_1,Analamanga,MDG.1.1.7_1,Antananarivo renivohitra,FALSE,0.21294211234463864,FALSE,MDG.1.1_1,MDG.1.1.7_1,TRUE
2021,9,-18.908763,47.549045,MDG.1_1,Antananarivo,MDG.1.1_1,Analamanga,MDG.1.1.7_1,Antananarivo renivohitra,FALSE,2.2887957163528188,FALSE,MDG.1.1_1,MDG.1.1.7_1,TRUE
2021,10,-18.924923,47.556574,MDG.1_1,Antananarivo,MDG.1.1_1,Analamanga,MDG.1.1.7_1,Antananarivo renivohitra,FALSE,0.9407762022918207,FALSE,MDG.1.1_1,MDG.1.1.7_1,TRUE
2021,11,-18.922436,47.536665,MDG.1_1,Antananarivo,MDG.1.1_1,Analamanga,MDG.1.1.7_1,Antananarivo renivohitra,FALSE,2.160713970334046,FALSE,MDG.1.1_1,MDG.1.1.7_1,TRUE
2021,12,-18.922205,47.563533,MDG.1_1,Antananarivo,MDG.1.1_1,Analamanga,MDG.1.1.7_1,Antananarivo renivohitra,FALSE,1.1608215145084457,FALSE,MDG.1.1_1,MDG.1.1.7_1,TRUE
2021,13,-18.928289,47.539168,MDG.1_1,Antananarivo,MDG.1.1_1,Analamanga,MDG.1.1.7_1,Antananarivo renivohitra,FALSE,1.4879520860386861,FALSE,MDG.1.1_1,MDG.1.1.7_1,TRUE
2021,14,-18.915261,47.560646,MDG.1_1,Antananarivo,MDG.1.1_1,Analamanga,MDG.1.1.7_1,Antananarivo renivohitra,FALSE,1.41924225276313,FALSE,MDG.1.1_1,MDG.1.1.7_1,TRUE
2021,15,-18.937954,47.545849,MDG.1_1,Antananarivo,MDG.1.1_1,Analamanga,MDG.1.1.7_1,Antananarivo renivohitra,FALSE,0.2705796354015606,FALSE,MDG.1.1_1,MDG.1.1.7_1,TRUE
2021,16,-18.946432,47.530058,MDG.1_1,Antananarivo,MDG.1.1_1,Analamanga,MDG.1.1.7_1,Antananarivo renivohitra,FALSE,0.4795228370969913,FALSE,MDG.1.1_1,MDG.1.1.7_1,TRUE
2021,17,-18.907128,47.514994,MDG.1_1,Antananarivo,MDG.1.1_1,Analamanga,MDG.1.1.7_1,Antananarivo renivohitra,FALSE,1.7334179638749212,FALSE,MDG.1.1_1,MDG.1.1.7_1,TRUE
2021,18,-18.899169,47.520396,MDG.1_1,Antananarivo,MDG.1.1_1,Analamanga,MDG.1.1.7_1,Antananarivo renivohitra,FALSE,2.5139840872845207,FALSE,MDG.1.1_1,MDG.1.1.7_1,TRUE
2021,19,-18.90596,47.535466,MDG.1_1,Antananarivo,MDG.1.1_1,Analamanga,MDG.1.1.7_1,Antananarivo renivohitra,FALSE,3.082579867017716,FALSE,MDG.1.1_1,MDG.1.1.7_1,TRUE
2021,20,-18.907965,47.530421,MDG.1_1,Antananarivo,MDG.1.1_1,Analamanga,MDG.1.1.7_1,Antananarivo renivohitra,FALSE,3.349605550363033,FALSE,MDG.1.1_1,MDG.1.1.7_1,TRUE
2021,21,-18.901346,47.499211,MDG.1_1,Antananarivo,MDG.1.1_1,Analamanga,MDG.1.1.7_1,Antananarivo renivohitra,FALSE,0.27999510886198126,FALSE,MDG.1.1_1,MDG.1.1.7_1,TRUE
2021,22,-18.927929,47.499525,MDG.1_1,Antananarivo,MDG.1.1_1,Analamanga,MDG.1.1.7_1,Antananarivo renivohitra,FALSE,0.4277650920940836,FALSE,MDG.1.1_1,MDG.1.1.7_1,TRUE
2021,23,-18.934014,47.515619,MDG.1_1,Antananarivo,MDG.1.1_1,Analamanga,MDG.1.1.7_1,Antananarivo renivohitra,FALSE,1.304479911927158,FALSE,MDG.1.1_1,MDG.1.1.7_1,TRUE
2021,24,-18.925327,47.523726,MDG.1_1,Antananarivo,MDG.1.1_1,Analamanga,MDG.1.1.7_1,Antananarivo renivohitra,FALSE,2.355725339514498,FALSE,MDG.1.1_1,MDG.1.1.7_1,TRUE
2021,25,-18.919823,47.531352,MDG.1_1,Antananarivo,MDG.1.1_1,Analamanga,MDG.1.1.7_1,Antananarivo renivohitra,FALSE,2.7359673407256695,FALSE,MDG.1.1_1,MDG.1.1.7_1,TRUE
2021,26,-18.926893,47.535057,MDG.1_1,Antananarivo,MDG.1.1_1,Analamanga,MDG.1.1.7_1,Antananarivo renivohitra,FALSE,1.9024757161801822,FALSE,MDG.1.1_1,MDG.1.1.7_1,TRUE
2021,27,-18.941968,47.511976,MDG.1_1,Antananarivo,MDG.1.1_1,Analamanga,MDG.1.1.7_1,Antananarivo renivohitra,FALSE,0.38683061238297906,FALSE,MDG.1.1_1,MDG.1.1.7_1,TRUE
2021,28,-18.936029,47.508349,MDG.1_1,Antananarivo,MDG.1.1_1,Analamanga,MDG.1.1.7_1,Antananarivo renivohitra,FALSE,0.8564972820916511,FALSE,MDG.1.1_1,MDG.1.1.7_1,TRUE
2021,29,-18.940073,47.510281,MDG.1_1,Antananarivo,MDG.1.1_1,Analamanga,MDG.1.1.7_1,Antananarivo renivohitra,FALSE,0.5136597945983454,FALSE,MDG.1.1_1,MDG.1.1.7_1,TRUE
2021,30,-18.940047,47.508932,MDG.1_1,Antananarivo,MDG.1.1_1,Analamanga,MDG.1.1.7_1,Antananarivo renivohitra,FALSE,0.4586711028245895,FALSE,MDG.1.1_1,MDG.1.1.7_1,TRUE
2021,31,-18.939717,47.523178,MDG.1_1,Antananarivo,MDG.1.1_1,Analamanga,MDG.1.1.7_1,Antananarivo renivohitra,FALSE,0.8187761457208035,FALSE,MDG.1.1_1,MDG.1.1.7_1,TRUE
2021,32,-18.854811,47.510227,MDG.1_1,Antananarivo,MDG.1.1_1,Analamanga,MDG.1.1.7_1,Antananarivo renivohitra,FALSE,0.4946440182298688,FALSE,MDG.1.1_1,MDG.1.1.7_1,TRUE
2021,33,-18.873712,47.525468,MDG.1_1,Antananarivo,MDG.1.1_1,Analamanga,MDG.1.1.7_1,Antananarivo renivohitra,FALSE,1.994711482137594,FALSE,MDG.1.1_1,MDG.1.1.7_1,TRUE
2021,34,-18.859126,47.536268,MDG.1_1,Antananarivo,MDG.1.1_1,Analamanga,MDG.1.1.7_1,Antananarivo renivohitra,FALSE,0.12336728789150796,FALSE,MDG.1.1_1,MDG.1.1.7_1,TRUE
2021,35,-18.876148,47.552576,MDG.1_1,Antananarivo,MDG.1.1_1,Analamanga,MDG.1.1.7_1,Antananarivo renivohitra,FALSE,0.017563146281274096,FALSE,MDG.1.1_1,MDG.1.1.7_1,TRUE
2021,36,-18.882914,47.53688,MDG.1_1,Antananarivo,MDG.1.1_1,Analamanga,MDG.1.1.7_1,Antananarivo renivohitra,FALSE,1.6737578519631338,FALSE,MDG.1.1_1,MDG.1.1.7_1,TRUE
2021,37,-18.898546,47.534411,MDG.1_1,Antananarivo,MDG.1.1_1,Analamanga,MDG.1.1.7_1,Antananarivo renivohitra,FALSE,2.7699295344137953,FALSE,MDG.1.1_1,MDG.1.1.7_1,TRUE
2021,38,-18.883742,47.548473,MDG.1_1,Antananarivo,MDG.1.1_1,Analamanga,MDG.1.1.7_1,Antananarivo renivohitra,FALSE,0.9630785430827682,FALSE,MDG.1.1_1,MDG.1.1.7_1,TRUE
2021,39,-18.905795,47.546673,MDG.1_1,Antananarivo,MDG.1.1_1,Analamanga,MDG.1.1.7_1,Antananarivo renivohitra,FALSE,2.1871888877343695,FALSE,MDG.1.1_1,MDG.1.1.7_1,TRUE
2021,40,-18.904991,47.55202,MDG.1_1,Antananarivo,MDG.1.1_1,Analamanga,MDG.1.1.7_1,Antananarivo renivohitra,FALSE,1.7664751525823,FALSE,MDG.1.1_1,MDG.1.1.7_1,TRUE
2021,41,-18.901432,47.551562,MDG.1_1,Antananarivo,MDG.1.1_1,Analamanga,MDG.1.1.7_1,Antananarivo renivohitra,FALSE,1.4838786306408915,FALSE,MDG.1.1_1,MDG.1.1.7_1,TRUE
2021,42,-18.901431,47.560215,MDG.1_1,Antananarivo,MDG.1.1_1,Analamanga,MDG.1.1.7_1,Antananarivo renivohitra,FALSE,0.9661215357889156,FALSE,MDG.1.1_1,MDG.1.1.7_1,TRUE
2021,43,-18.857582,47.476886,MDG.1_1,Antananarivo,MDG.1.1_1,Analamanga,MDG.1.1.7_1,Antananarivo renivohitra,FALSE,0.0289610567951401,FALSE,MDG.1.1_1,MDG.1.1.7_1,TRUE
2021,44,-18.872006,47.48126,MDG.1_1,Antananarivo,MDG.1.1_1,Analamanga,MDG.1.1.7_1,Antananarivo renivohitra,FALSE,0.5445100443515373,FALSE,MDG.1.1_1,MDG.1.1.7_1,TRUE
2021,45,-18.867771,47.481937,MDG.1_1,Antananarivo,MDG.1.1_1,Analamanga,MDG.1.1.7_1,Antananarivo renivohitra,FALSE,0.9555837794595342,FALSE,MDG.1.1_1,MDG.1.1.7_1,TRUE
2021,46,-18.87159,47.505764,MDG.1_1,Antananarivo,MDG.1.1_1,Analamanga,MDG.1.1.7_1,Antananarivo renivohitra,FALSE,2.3243877030465896,FALSE,MDG.1.1_1,MDG.1.1.7_1,TRUE
2021,47,-18.881085,47.507683,MDG.1_1,Antananarivo,MDG.1.1_1,Analamanga,MDG.1.1.7_1,Antananarivo renivohitra,FALSE,2.0243309831158682,FALSE,MDG.1.1_1,MDG.1.1.7_1,TRUE
2021,48,-18.583975,47.143506,MDG.1_1,Antananarivo,MDG.1.1_1,Analamanga,MDG.1.1.4_1,Ankazobe,FALSE,12.678933881707138,FALSE,MDG.1.1_1,MDG.1.1.4_1,FALSE
2021,49,-18.435701,47.822487,MDG.1_1,Antananarivo,MDG.1.1_1,Analamanga,MDG.1.1.3_1,Anjozorobe,FALSE,11.391227822977067,FALSE,MDG.1.1_1,MDG.1.1.3_1,FALSE
2021,50,-17.972584,47.794929,MDG.1_1,Antananarivo,MDG.1.1_1,Analamanga,MDG.1.1.3_1,Anjozorobe,FALSE,12.452781879708622,TRUE,MDG.1.1_1,MDG.1.1.3_1,FALSE
2021,51,-18.29624,47.596419,MDG.1_1,Antananarivo,MDG.1.1_1,Analamanga,MDG.1.1.3_1,Anjozorobe,FALSE,13.0008892257989,FALSE,MDG.1.1_1,MDG.1.1.3_1,FALSE
2021,52,-18.615197,47.936596,MDG.1_1,Antananarivo,MDG.1.1_1,Analamanga,MDG.1.1.3_1,Anjozorobe,FALSE,1.577741290327028,FALSE,MDG.1.1_1,MDG.1.1.3_1,TRUE
2021,53,-18.824532,47.472779,MDG.1_1,Antananarivo,MDG.1.1_1,Analamanga,MDG.1.1.1_1,Ambohidratrimo,FALSE,1.598888063023391,FALSE,MDG.1.1_1,MDG.1.1.1_1,TRUE
2021,54,-18.748591,47.456436,MDG.1_1,Antananarivo,MDG.1.1_1,Analamanga,MDG.1.1.1_1,Ambohidratrimo,FALSE,7.458128124119951,FALSE,MDG.1.1_1,MDG.1.1.1_1,FALSE
2021,55,-18.744361,47.238953,MDG.1_1,Antananarivo,MDG.1.1_1,Analamanga,MDG.1.1.1_1,Ambohidratrimo,FALSE,1.829142197909047,FALSE,MDG.1.1_1,MDG.1.1.1_1,TRUE
2021,56,-18.809186,47.474796,MDG.1_1,Antananarivo,MDG.1.1_1,Analamanga,MDG.1.1.1_1,Ambohidratrimo,FALSE,2.9794240465424733,FALSE,MDG.1.1_1,MDG.1.1.1_1,TRUE
2021,57,-18.841159,47.47569,MDG.1_1,Antananarivo,MDG.1.1_1,Analamanga,MDG.1.1.1_1,Ambohidratrimo,FALSE,0.3732248898038973,FALSE,MDG.1.1_1,MDG.1.1.1_1,TRUE
2021,58,-18.963273,47.869086,MDG.1_1,Antananarivo,MDG.1.1_1,Analamanga,MDG.1.1.8_1,Manjakandriana,FALSE,7.104924431919974,FALSE,MDG.1.1_1,MDG.1.1.8_1,FALSE
2021,59,-18.753684,47.837756,MDG.1_1,Antananarivo,MDG.1.1_1,Analamanga,MDG.1.1.8_1,Manjakandriana,FALSE,9.472682956163482,FALSE,MDG.1.1_1,MDG.1.1.8_1,FALSE
2021,60,-19.021401,47.867397,MDG.1_1,Antananarivo,MDG.1.1_1,Analamanga,MDG.1.1.8_1,Manjakandriana,FALSE,6.022906696716842,TRUE,MDG.1.1_1,MDG.1.1.8_1,FALSE
2021,61,-18.709838,47.578298,MDG.1_1,Antananarivo,MDG.1.1_1,Analamanga,MDG.1.1.5_1,Antananarivo-Nord,FALSE,1.744696825934396,FALSE,MDG.1.1_1,MDG.1.1.5_1,TRUE
2021,62,-18.837052,47.555638,MDG.1_1,Antananarivo,MDG.1.1_1,Analamanga,MDG.1.1.5_1,Antananarivo-Nord,FALSE,2.9772782424384467,FALSE,MDG.1.1_1,MDG.1.1.5_1,TRUE
2021,63,-18.870327,47.553131,MDG.1_1,Antananarivo,MDG.1.1_1,Analamanga,MDG.1.1.5_1,Antananarivo-Nord,FALSE,0.5306319598152082,FALSE,MDG.1.1_1,MDG.1.1.5_1,TRUE
2021,64,-18.9174,47.600839,MDG.1_1,Antananarivo,MDG.1.1_1,Analamanga,MDG.1.1.5_1,Antananarivo-Nord,FALSE,2.4864226854088822,FALSE,MDG.1.1_1,MDG.1.1.5_1,TRUE
2021,65,-18.933269,47.582714,MDG.1_1,Antananarivo,MDG.1.1_1,Analamanga,MDG.1.1.5_1,Antananarivo-Nord,FALSE,0.634392213592156,FALSE,MDG.1.1_1,MDG.1.1.5_1,TRUE
2021,66,-18.91443,47.483968,MDG.1_1,Antananarivo,MDG.1.1_1,Analamanga,MDG.1.1.6_1,Antananarivo-Sud,FALSE,1.1395729448020793,FALSE,MDG.1.1_1,MDG.1.1.6_1,TRUE
2021,67,-18.925543,47.475473,MDG.1_1,Antananarivo,MDG.1.1_1,Analamanga,MDG.1.1.6_1,Antananarivo-Sud,FALSE,1.7850070541100478,FALSE,MDG.1.1_1,MDG.1.1.6_1,TRUE
2021,68,-18.929771,47.479272,MDG.1_1,Antananarivo,MDG.1.1_1,Analamanga,MDG.1.1.6_1,Antananarivo-Sud,FALSE,1.5165997448368418,FALSE,MDG.1.1_1,MDG.1.1.6_1,TRUE
2021,69,-18.920363,47.491897,MDG.1_1,Antananarivo,MDG.1.1_1,Analamanga,MDG.1.1.6_1,Antananarivo-Sud,FALSE,0.08918486597306222,FALSE,MDG.1.1_1,MDG.1.1.6_1,TRUE
2021,70,-18.960849,47.531768,MDG.1_1,Antananarivo,MDG.1.1_1,Analamanga,MDG.1.1.6_1,Antananarivo-Sud,FALSE,0.6612162531301269,FALSE,MDG.1.1_1,MDG.1.1.6_1,TRUE
2021,71,-18.984887,47.501499,MDG.1_1,Antananarivo,MDG.1.1_1,Analamanga,MDG.1.1.6_1,Antananarivo-Sud,FALSE,4.486500017919292,FALSE,MDG.1.1_1,MDG.1.1.6_1,TRUE
2021,72,-19.027608,47.469262,MDG.1_1,Antananarivo,MDG.1.1_1,Analamanga,MDG.1.1.6_1,Antananarivo-Sud,FALSE,2.7811636426261064,FALSE,MDG.1.1_1,MDG.1.1.6_1,TRUE
2021,73,-19.038951,47.603518,MDG.1_1,Antananarivo,MDG.1.1_1,Analamanga,MDG.1.1.6_1,Antananarivo-Sud,FALSE,2.0642609580090654,FALSE,MDG.1.1_1,MDG.1.1.6_1,TRUE
2021,74,-19.287257,47.680037,MDG.1_1,Antananarivo,MDG.1.1_1,Analamanga,MDG.1.1.2_1,Andramasina,FALSE,12.380876844618772,FALSE,MDG.1.1_1,MDG.1.1.2_1,FALSE
2021,75,-19.208295,47.72302,MDG.1_1,Antananarivo,MDG.1.1_1,Analamanga,MDG.1.1.2_1,Andramasina,FALSE,6.255861036854885,FALSE,MDG.1.1_1,MDG.1.1.2_1,FALSE
2021,76,-19.841722,47.038965,MDG.1_1,Antananarivo,MDG.1.4_1,Vakinankaratra,MDG.1.4.4_1,Antsirabe Urban,FALSE,0.6248212953377313,FALSE,MDG.1.4_1,MDG.1.4.4_1,TRUE
2021,77,-19.867971,47.036144,MDG.1_1,Antananarivo,MDG.1.4_1,Vakinankaratra,MDG.1.4.4_1,Antsirabe Urban,FALSE,3.545018109273102,FALSE,MDG.1.4_1,MDG.1.4.4_1,TRUE
2021,78,-19.863628,47.034485,MDG.1_1,Antananarivo,MDG.1.4_1,Vakinankaratra,MDG.1.4.4_1,Antsirabe Urban,FALSE,3.0481660728923847,FALSE,MDG.1.4_1,MDG.1.4.4_1,TRUE
2021,79,-19.864064,46.975314,MDG.1_1,Antananarivo,MDG.1.4_1,Vakinankaratra,MDG.1.4.4_1,Antsirabe Urban,FALSE,0.5743335517651508,FALSE,MDG.1.4_1,MDG.1.4.4_1,TRUE
2021,80,-19.88512,47.035241,MDG.1_1,Antananarivo,MDG.1.4_1,Vakinankaratra,MDG.1.4.4_1,Antsirabe Urban,FALSE,4.705940825533607,FALSE,MDG.1.4_1,MDG.1.4.4_1,TRUE
2021,81,-19.396918,47.416595,MDG.1_1,Antananarivo,MDG.1.4_1,Vakinankaratra,MDG.1.4.1_1,Ambatolampy,FALSE,5.21982666737681,FALSE,MDG.1.4_1,MDG.1.4.1_1,FALSE
2021,82,-19.387015,47.38159,MDG.1_1,Antananarivo,MDG.1.4_1,Vakinankaratra,MDG.1.4.1_1,Ambatolampy,FALSE,6.15691179834841,TRUE,MDG.1.4_1,MDG.1.4.1_1,FALSE
2021,83,-19.50802,47.612416,MDG.1_1,Antananarivo,MDG.1.4_1,Vakinankaratra,MDG.1.4.1_1,Ambatolampy,FALSE,6.028974689626953,FALSE,MDG.1.4_1,MDG.1.4.1_1,FALSE
2021,84,-19.577682,47.678659,MDG.1_1,Antananarivo,MDG.1.4_1,Vakinankaratra,MDG.1.4.1_1,Ambatolampy,FALSE,8.930502583133933,FALSE,MDG.1.4_1,MDG.1.4.1_1,FALSE
2021,85,-19.241159,47.036616,MDG.1_1,Antananarivo,MDG.1.4_1,Vakinankaratra,MDG.1.4.6_1,Faratsiho,FALSE,3.004771879683096,FALSE,MDG.1.4_1,MDG.1.4.6_1,TRUE
2021,86,-19.32917,46.762485,MDG.1_1,Antananarivo,MDG.1.4_1,Vakinankaratra,MDG.1.4.6_1,Faratsiho,FALSE,3.336769001499764,TRUE,MDG.1.4_1,MDG.1.4.6_1,TRUE
2021,87,-19.543079,46.974232,MDG.1_1,Antananarivo,MDG.1.4_1,Vakinankaratra,MDG.1.4.6_1,Faratsiho,FALSE,7.710790075348416,TRUE,MDG.1.4_1,MDG.1.4.6_1,FALSE
2021,88,-19.560546,46.291775,MDG.1_1,Antananarivo,MDG.1.4_1,Vakinankaratra,MDG.1.4.5_1,Betafo,FALSE,15.633330622038317,FALSE,MDG.1.4_1,MDG.1.4.5_1,FALSE
2021,89,-19.477726,46.575442,MDG.1_1,Antananarivo,MDG.1.4_1,Vakinankaratra,MDG.1.4.5_1,Betafo,FALSE,3.387986275553192,FALSE,MDG.1.4_1,MDG.1.4.5_1,TRUE
2021,90,-19.610688,47.365574,MDG.1_1,Antananarivo,MDG.1.4_1,Vakinankaratra,MDG.1.4.2_1,Antanifotsy,FALSE,13.586791277520055,FALSE,MDG.1.4_1,MDG.1.4.2_1,FALSE
2021,91,-19.544258,47.247957,MDG.1_1,Antananarivo,MDG.1.4_1,Vakinankaratra,MDG.1.4.2_1,Antanifotsy,FALSE,4.644871548877495,FALSE,MDG.1.4_1,MDG.1.4.2_1,TRUE
2021,92,-19.505389,47.437871,MDG.1_1,Antananarivo,MDG.1.4_1,Vakinankaratra,MDG.1.4.2_1,Antanifotsy,FALSE,0.2947547645854055,FALSE,MDG.1.4_1,MDG.1.4.2_1,TRUE
2021,93,-19.650437,47.244277,MDG.1_1,Antananarivo,MDG.1.4_1,Vakinankaratra,MDG.1.4.2_1,Antanifotsy,FALSE,4.8186343858036675,FALSE,MDG.1.4_1,MDG.1.4.2_1,TRUE
2021,94,-19.766427,47.698406,MDG.1_1,Antananarivo,MDG.1.4_1,Vakinankaratra,MDG.1.4.2_1,Antanifotsy,FALSE,7.292551418969841,TRUE,MDG.1.4_1,MDG.1.4.2_1,FALSE
2021,95,-19.663793,46.708324,MDG.1_1,Antananarivo,MDG.1.4_1,Vakinankaratra,MDG.1.4.5_1,Betafo,FALSE,11.52835559445096,FALSE,MDG.1.4_1,MDG.1.4.5_1,FALSE
2021,96,-19.765962,46.650262,MDG.1_1,Antananarivo,MDG.1.4_1,Vakinankaratra,MDG.1.4.5_1,Betafo,FALSE,23.260176611297965,FALSE,MDG.1.4_1,MDG.1.4.5_1,FALSE
2021,97,-19.940927,46.821531,MDG.1_1,Antananarivo,MDG.1.4_1,Vakinankaratra,MDG.1.4.5_1,Betafo,FALSE,11.57520690723351,TRUE,MDG.1.4_1,MDG.1.4.5_1,FALSE
2021,98,-20.158619,46.609243,MDG.1_1,Antananarivo,MDG.1.4_1,Vakinankaratra,MDG.1.4.5_1,Betafo,FALSE,7.8006316438102274,TRUE,MDG.1.4_1,MDG.1.4.5_1,FALSE
2021,99,-19.53311,47.096519,MDG.1_1,Antananarivo,MDG.1.4_1,Vakinankaratra,MDG.1.4.3_1,Antsirabe Rural,FALSE,3.151603022594703,FALSE,MDG.1.4_1,MDG.1.4.3_1,TRUE
2021,100,-19.736053,47.043813,MDG.1_1,Antananarivo,MDG.1.4_1,Vakinankaratra,MDG.1.4.3_1,Antsirabe Rural,FALSE,5.91445187057584,FALSE,MDG.1.4_1,MDG.1.4.3_1,FALSE
2021,101,-19.863953,46.948175,MDG.1_1,Antananarivo,MDG.1.4_1,Vakinankaratra,MDG.1.4.3_1,Antsirabe Rural,FALSE,0.4175668820307592,FALSE,MDG.1.4_1,MDG.1.4.3_1,TRUE
2021,102,-19.912752,47.136997,MDG.1_1,Antananarivo,MDG.1.4_1,Vakinankaratra,MDG.1.4.3_1,Antsirabe Rural,FALSE,5.044745507281778,TRUE,MDG.1.4_1,MDG.1.4.3_1,FALSE
2021,103,-19.929865,47.356744,MDG.1_1,Antananarivo,MDG.1.4_1,Vakinankaratra,MDG.1.4.3_1,Antsirabe Rural,FALSE,9.025375981909315,TRUE,MDG.1.4_1,MDG.1.4.3_1,FALSE
2021,104,-20.03538,46.954681,MDG.1_1,Antananarivo,MDG.1.4_1,Vakinankaratra,MDG.1.4.3_1,Antsirabe Rural,FALSE,1.244454321917311,TRUE,MDG.1.4_1,MDG.1.4.3_1,TRUE
2021,105,-18.954878,46.903441,MDG.1_1,Antananarivo,MDG.1.3_1,Itasy,MDG.1.3.2_1,Miarinarivo,FALSE,16.406477739966203,FALSE,MDG.1.3_1,MDG.1.3.2_1,FALSE
2021,106,-18.882077,46.862129,MDG.1_1,Antananarivo,MDG.1.3_1,Itasy,MDG.1.3.2_1,Miarinarivo,FALSE,16.91230288184877,FALSE,MDG.1.3_1,MDG.1.3.2_1,FALSE
2021,107,-19.062104,46.84367,MDG.1_1,Antananarivo,MDG.1.3_1,Itasy,MDG.1.3.2_1,Miarinarivo,FALSE,4.250066362187332,FALSE,MDG.1.3_1,MDG.1.3.2_1,TRUE
2021,108,-18.910943,46.706937,MDG.1_1,Antananarivo,MDG.1.3_1,Itasy,MDG.1.3.2_1,Miarinarivo,FALSE,11.56413728002455,FALSE,MDG.1.3_1,MDG.1.3.2_1,FALSE
2021,109,-18.989107,46.715914,MDG.1_1,Antananarivo,MDG.1.3_1,Itasy,MDG.1.3.2_1,Miarinarivo,FALSE,3.932228015188708,FALSE,MDG.1.3_1,MDG.1.3.2_1,TRUE
2021,110,-18.97034,46.499052,MDG.1_1,Antananarivo,MDG.1.3_1,Itasy,MDG.1.3.2_1,Miarinarivo,FALSE,0.6479478389576694,FALSE,MDG.1.3_1,MDG.1.3.2_1,TRUE
2021,111,-18.877275,46.762237,MDG.1_1,Antananarivo,MDG.1.3_1,Itasy,MDG.1.3.2_1,Miarinarivo,FALSE,16.816137333392383,FALSE,MDG.1.3_1,MDG.1.3.2_1,FALSE
2021,112,-18.903805,46.993901,MDG.1_1,Antananarivo,MDG.1.3_1,Itasy,MDG.1.3.2_1,Miarinarivo,FALSE,9.488837959946453,FALSE,MDG.1.3_1,MDG.1.3.2_1,FALSE
2021,113,-18.790704,46.666002,MDG.1_1,Antananarivo,MDG.1.3_1,Itasy,MDG.1.3.2_1,Miarinarivo,FALSE,6.965995784160452,FALSE,MDG.1.3_1,MDG.1.3.2_1,FALSE
2021,114,-19.005332,47.173028,MDG.1_1,Antananarivo,MDG.1.3_1,Itasy,MDG.1.3.1_1,Arivonimamo,FALSE,6.333453946976214,FALSE,MDG.1.3_1,MDG.1.3.1_1,FALSE
2021,115,-18.823179,47.313401,MDG.1_1,Antananarivo,MDG.1.3_1,Itasy,MDG.1.3.1_1,Arivonimamo,FALSE,0.9400470596973125,FALSE,MDG.1.3_1,MDG.1.3.1_1,TRUE
2021,116,-18.954163,47.219693,MDG.1_1,Antananarivo,MDG.1.3_1,Itasy,MDG.1.3.1_1,Arivonimamo,FALSE,11.362816536658817,FALSE,MDG.1.3_1,MDG.1.3.1_1,FALSE
2021,117,-18.952871,47.294723,MDG.1_1,Antananarivo,MDG.1.3_1,Itasy,MDG.1.3.1_1,Arivonimamo,FALSE,7.256912353333116,FALSE,MDG.1.3_1,MDG.1.3.1_1,FALSE
2021,118,-18.999515,47.258877,MDG.1_1,Antananarivo,MDG.1.3_1,Itasy,MDG.1.3.1_1,Arivonimamo,FALSE,13.649129304514812,FALSE,MDG.1.3_1,MDG.1.3.1_1,FALSE
2021,119,-18.99613,47.340938,MDG.1_1,Antananarivo,MDG.1.3_1,Itasy,MDG.1.3.1_1,Arivonimamo,FALSE,7.1614919097105325,FALSE,MDG.1.3_1,MDG.1.3.1_1,FALSE
2021,120,-18.986196,47.218669,MDG.1_1,Antananarivo,MDG.1.3_1,Itasy,MDG.1.3.1_1,Arivonimamo,FALSE,11.339875568029127,FALSE,MDG.1.3_1,MDG.1.3.1_1,FALSE
2021,121,-19.076807,47.442499,MDG.1_1,Antananarivo,MDG.1.3_1,Itasy,MDG.1.3.1_1,Arivonimamo,FALSE,1.1737116083042147,FALSE,MDG.1.3_1,MDG.1.3.1_1,TRUE
2021,122,-19.158087,47.360012,MDG.1_1,Antananarivo,MDG.1.3_1,Itasy,MDG.1.3.1_1,Arivonimamo,FALSE,10.247578711055263,FALSE,MDG.1.3_1,MDG.1.3.1_1,FALSE
2021,123,-19.209452,47.343187,MDG.1_1,Antananarivo,MDG.1.3_1,Itasy,MDG.1.3.1_1,Arivonimamo,FALSE,6.74294412374283,FALSE,MDG.1.3_1,MDG.1.3.1_1,FALSE
2021,124,-19.265782,47.163163,MDG.1_1,Antananarivo,MDG.1.3_1,Itasy,MDG.1.3.1_1,Arivonimamo,FALSE,9.082272186724243,TRUE,MDG.1.3_1,MDG.1.3.1_1,FALSE
2021,125,-19.166586,46.733658,MDG.1_1,Antananarivo,MDG.1.3_1,Itasy,MDG.1.3.3_1,Soavinandriana,FALSE,8.467984213198905,FALSE,MDG.1.3_1,MDG.1.3.3_1,FALSE
2021,126,-19.050529,46.615157,MDG.1_1,Antananarivo,MDG.1.3_1,Itasy,MDG.1.3.3_1,Soavinandriana,FALSE,3.495298977769731,FALSE,MDG.1.3_1,MDG.1.3.3_1,TRUE
2021,127,-19.060426,46.723393,MDG.1_1,Antananarivo,MDG.1.3_1,Itasy,MDG.1.3.3_1,Soavinandriana,FALSE,3.48519866696907,FALSE,MDG.1.3_1,MDG.1.3.3_1,TRUE
2021,128,-19.112549,46.828584,MDG.1_1,Antananarivo,MDG.1.3_1,Itasy,MDG.1.3.3_1,Soavinandriana,FALSE,1.194265534502403,FALSE,MDG.1.3_1,MDG.1.3.3_1,TRUE
2021,129,-19.2729,46.692619,MDG.1_1,Antananarivo,MDG.1.3_1,Itasy,MDG.1.3.3_1,Soavinandriana,FALSE,3.951314150718927,TRUE,MDG.1.3_1,MDG.1.3.3_1,TRUE
2021,130,-19.135602,46.462648,MDG.1_1,Antananarivo,MDG.1.3_1,Itasy,MDG.1.3.3_1,Soavinandriana,FALSE,4.39908623057116,FALSE,MDG.1.3_1,MDG.1.3.3_1,TRUE
2021,131,-19.254333,46.525706,MDG.1_1,Antananarivo,MDG.1.3_1,Itasy,MDG.1.3.3_1,Soavinandriana,FALSE,14.429523743572972,TRUE,MDG.1.3_1,MDG.1.3.3_1,FALSE
2021,132,-19.286623,46.743263,MDG.1_1,Antananarivo,MDG.1.3_1,Itasy,MDG.1.3.3_1,Soavinandriana,FALSE,1.2108969643616407,TRUE,MDG.1.3_1,MDG.1.3.3_1,TRUE
2021,133,-18.759033,46.059286,MDG.1_1,Antananarivo,MDG.1.2_1,Bongolava,MDG.1.2.2_1,Tsiroanomandidy,FALSE,29.043516161267384,FALSE,MDG.1.2_1,MDG.1.2.2_1,FALSE
2021,134,-18.752283,46.044481,MDG.1_1,Antananarivo,MDG.1.2_1,Bongolava,MDG.1.2.2_1,Tsiroanomandidy,FALSE,28.406834279688304,FALSE,MDG.1.2_1,MDG.1.2.2_1,FALSE
2021,135,-18.789365,46.046092,MDG.1_1,Antananarivo,MDG.1.2_1,Bongolava,MDG.1.2.2_1,Tsiroanomandidy,FALSE,32.47921716622908,FALSE,MDG.1.2_1,MDG.1.2.2_1,FALSE
2021,136,-18.435251,45.845161,MDG.1_1,Antananarivo,MDG.1.2_1,Bongolava,MDG.1.2.2_1,Tsiroanomandidy,FALSE,1.6667570156412181,TRUE,MDG.1.2_1,MDG.1.2.2_1,TRUE
2021,137,-18.529062,46.133114,MDG.1_1,Antananarivo,MDG.1.2_1,Bongolava,MDG.1.2.2_1,Tsiroanomandidy,FALSE,3.4576433180219577,TRUE,MDG.1.2_1,MDG.1.2.2_1,TRUE
2021,138,-18.661879,46.300469,MDG.1_1,Antananarivo,MDG.1.2_1,Bongolava,MDG.1.2.2_1,Tsiroanomandidy,FALSE,9.499772952089973,FALSE,MDG.1.2_1,MDG.1.2.2_1,FALSE
2021,139,-18.758165,46.395089,MDG.1_1,Antananarivo,MDG.1.2_1,Bongolava,MDG.1.2.2_1,Tsiroanomandidy,FALSE,12.612448499005565,FALSE,MDG.1.2_1,MDG.1.2.2_1,FALSE
2021,140,-18.732218,46.456425,MDG.1_1,Antananarivo,MDG.1.2_1,Bongolava,MDG.1.2.2_1,Tsiroanomandidy,FALSE,8.860906762656677,FALSE,MDG.1.2_1,MDG.1.2.2_1,FALSE
2021,141,-18.630993,45.997196,MDG.1_1,Antananarivo,MDG.1.2_1,Bongolava,MDG.1.2.2_1,Tsiroanomandidy,FALSE,16.735147905780824,TRUE,MDG.1.2_1,MDG.1.2.2_1,FALSE
2021,142,-18.753391,46.182419,MDG.1_1,Antananarivo,MDG.1.2_1,Bongolava,MDG.1.2.2_1,Tsiroanomandidy,FALSE,25.35151940163887,FALSE,MDG.1.2_1,MDG.1.2.2_1,FALSE
2021,143,-18.930678,46.224887,MDG.1_1,Antananarivo,MDG.1.2_1,Bongolava,MDG.1.2.2_1,Tsiroanomandidy,FALSE,27.80414248064777,TRUE,MDG.1.2_1,MDG.1.2.2_1,FALSE
2021,144,-18.944375,46.309854,MDG.1_1,Antananarivo,MDG.1.2_1,Bongolava,MDG.1.2.2_1,Tsiroanomandidy,FALSE,18.770940713381915,FALSE,MDG.1.2_1,MDG.1.2.2_1,FALSE
2021,145,-18.972749,46.449628,MDG.1_1,Antananarivo,MDG.1.2_1,Bongolava,MDG.1.2.2_1,Tsiroanomandidy,FALSE,3.8932285509702527,FALSE,MDG.1.2_1,MDG.1.2.2_1,TRUE
2021,146,-19.028135,46.525136,MDG.1_1,Antananarivo,MDG.1.2_1,Bongolava,MDG.1.2.2_1,Tsiroanomandidy,FALSE,3.082350863878568,FALSE,MDG.1.2_1,MDG.1.2.2_1,TRUE
2021,147,-19.124425,46.270519,MDG.1_1,Antananarivo,MDG.1.2_1,Bongolava,MDG.1.2.2_1,Tsiroanomandidy,FALSE,10.19986061001982,FALSE,MDG.1.2_1,MDG.1.2.2_1,FALSE
2021,148,-19.016955,46.339739,MDG.1_1,Antananarivo,MDG.1.2_1,Bongolava,MDG.1.2.2_1,Tsiroanomandidy,FALSE,12.843444225250629,FALSE,MDG.1.2_1,MDG.1.2.2_1,FALSE
2021,149,-19.373405,46.100772,MDG.1_1,Antananarivo,MDG.1.2_1,Bongolava,MDG.1.2.2_1,Tsiroanomandidy,FALSE,5.70771107464691,FALSE,MDG.1.2_1,MDG.1.2.2_1,FALSE
2021,150,-19.090451,46.146853,MDG.1_1,Antananarivo,MDG.1.2_1,Bongolava,MDG.1.2.2_1,Tsiroanomandidy,FALSE,23.04250304209069,FALSE,MDG.1.2_1,MDG.1.2.2_1,FALSE
2021,151,-19.091885,46.057969,MDG.1_1,Antananarivo,MDG.1.2_1,Bongolava,MDG.1.2.2_1,Tsiroanomandidy,FALSE,29.534941470777756,TRUE,MDG.1.2_1,MDG.1.2.2_1,FALSE
2021,152,-18.899824,45.977768,MDG.1_1,Antananarivo,MDG.1.2_1,Bongolava,MDG.1.2.2_1,Tsiroanomandidy,FALSE,38.19801042437665,TRUE,MDG.1.2_1,MDG.1.2.2_1,FALSE
2021,153,-18.996522,45.689569,MDG.1_1,Antananarivo,MDG.1.2_1,Bongolava,MDG.1.2.2_1,Tsiroanomandidy,FALSE,11.160536634231404,TRUE,MDG.1.2_1,MDG.1.2.2_1,FALSE
2021,154,-18.336487,46.506893,MDG.1_1,Antananarivo,MDG.1.2_1,Bongolava,MDG.1.2.1_1,Fenoarivo-Centre,FALSE,20.37228446499775,TRUE,MDG.1.2_1,MDG.1.2.1_1,FALSE
2021,155,-18.532637,46.811158,MDG.1_1,Antananarivo,MDG.1.2_1,Bongolava,MDG.1.2.1_1,Fenoarivo-Centre,FALSE,8.521829049051915,TRUE,MDG.1.2_1,MDG.1.2.1_1,FALSE
2021,156,-18.648594,46.955989,MDG.1_1,Antananarivo,MDG.1.2_1,Bongolava,MDG.1.2.1_1,Fenoarivo-Centre,FALSE,7.0629185500501785,FALSE,MDG.1.2_1,MDG.1.2.1_1,FALSE
2021,157,-18.326114,46.067939,MDG.1_1,Antananarivo,MDG.1.2_1,Bongolava,MDG.1.2.1_1,Fenoarivo-Centre,FALSE,16.750717721728083,TRUE,MDG.1.2_1,MDG.1.2.1_1,FALSE
2021,158,-17.93123,46.405931,MDG.1_1,Antananarivo,MDG.1.2_1,Bongolava,MDG.1.2.1_1,Fenoarivo-Centre,FALSE,12.39304564062837,TRUE,MDG.1.2_1,MDG.1.2.1_1,FALSE
2021,159,-18.178602,45.892695,MDG.1_1,Antananarivo,MDG.1.2_1,Bongolava,MDG.1.2.1_1,Fenoarivo-Centre,FALSE,8.365147018742089,TRUE,MDG.1.2_1,MDG.1.2.1_1,FALSE
2021,160,-18.061954,45.929274,MDG.1_1,Antananarivo,MDG.1.2_1,Bongolava,MDG.1.2.1_1,Fenoarivo-Centre,FALSE,5.579166952010312,TRUE,MDG.1.2_1,MDG.1.2.1_1,FALSE
2021,161,-21.449356,47.089478,MDG.3_1,Fianarantsoa,MDG.3.3_1,Haute matsiatra,MDG.3.3.4_1,Fianarantsoa Urban,FALSE,3.1492882472535384,FALSE,MDG.3.3_1,MDG.3.3.4_1,TRUE
2021,162,-21.434258,47.102746,MDG.3_1,Fianarantsoa,MDG.3.3_1,Haute matsiatra,MDG.3.3.4_1,Fianarantsoa Urban,FALSE,2.630251282111279,FALSE,MDG.3.3_1,MDG.3.3.4_1,TRUE
2021,163,-21.461032,47.09661,MDG.3_1,Fianarantsoa,MDG.3.3_1,Haute matsiatra,MDG.3.3.4_1,Fianarantsoa Urban,FALSE,1.8444844303564583,FALSE,MDG.3.3_1,MDG.3.3.4_1,TRUE
2021,164,-21.464862,47.10504,MDG.3_1,Fianarantsoa,MDG.3.3_1,Haute matsiatra,MDG.3.3.4_1,Fianarantsoa Urban,FALSE,0.8765016640720938,FALSE,MDG.3.3_1,MDG.3.3.4_1,TRUE
2021,165,-21.180057,47.280675,MDG.3_1,Fianarantsoa,MDG.3.3_1,Haute matsiatra,MDG.3.3.2_1,Ambohimahasoa,FALSE,7.987218673372425,FALSE,MDG.3.3_1,MDG.3.3.2_1,FALSE
2021,166,-20.991511,47.174649,MDG.3_1,Fianarantsoa,MDG.3.3_1,Haute matsiatra,MDG.3.3.2_1,Ambohimahasoa,FALSE,13.542221482664717,TRUE,MDG.3.3_1,MDG.3.3.2_1,FALSE
2021,167,-21.038331,47.053017,MDG.3_1,Fianarantsoa,MDG.3.3_1,Haute matsiatra,MDG.3.3.2_1,Ambohimahasoa,FALSE,8.786148334625393,FALSE,MDG.3.3_1,MDG.3.3.2_1,FALSE
2021,168,-20.82057,47.234969,MDG.3_1,Fianarantsoa,MDG.3.3_1,Haute matsiatra,MDG.3.3.2_1,Ambohimahasoa,FALSE,0.017356209102629718,TRUE,MDG.3.3_1,MDG.3.3.2_1,TRUE
2021,169,-21.051705,46.552059,MDG.3_1,Fianarantsoa,MDG.3.3_1,Haute matsiatra,MDG.3.3.5_1,Ikalamavony,FALSE,15.11816307682109,FALSE,MDG.3.3_1,MDG.3.3.5_1,FALSE
2021,170,-21.260631,46.840623,MDG.3_1,Fianarantsoa,MDG.3.3_1,Haute matsiatra,MDG.3.3.5_1,Ikalamavony,FALSE,2.5927025990696664,TRUE,MDG.3.3_1,MDG.3.3.5_1,TRUE
2021,171,-21.281861,46.969103,MDG.3_1,Fianarantsoa,MDG.3.3_1,Haute matsiatra,MDG.3.3.3_1,Fianarantsoa Rural,FALSE,6.237003338330129,FALSE,MDG.3.3_1,MDG.3.3.3_1,FALSE
2021,172,-21.465382,46.941705,MDG.3_1,Fianarantsoa,MDG.3.3_1,Haute matsiatra,MDG.3.3.3_1,Fianarantsoa Rural,FALSE,7.983653364797848,TRUE,MDG.3.3_1,MDG.3.3.3_1,FALSE
2021,173,-21.377865,47.179517,MDG.3_1,Fianarantsoa,MDG.3.3_1,Haute matsiatra,MDG.3.3.3_1,Fianarantsoa Rural,FALSE,7.259289453137219,FALSE,MDG.3.3_1,MDG.3.3.3_1,FALSE
2021,174,-21.472067,47.167646,MDG.3_1,Fianarantsoa,MDG.3.3_1,Haute matsiatra,MDG.3.3.3_1,Fianarantsoa Rural,FALSE,2.7470903180423156,FALSE,MDG.3.3_1,MDG.3.3.3_1,TRUE
2021,175,-21.349713,47.325228,MDG.3_1,Fianarantsoa,MDG.3.3_1,Haute matsiatra,MDG.3.3.3_1,Fianarantsoa Rural,FALSE,6.738006646076871,FALSE,MDG.3.3_1,MDG.3.3.3_1,FALSE
2021,176,-21.638549,47.145702,MDG.3_1,Fianarantsoa,MDG.3.3_1,Haute matsiatra,MDG.3.3.3_1,Fianarantsoa Rural,FALSE,13.990544761008785,FALSE,MDG.3.3_1,MDG.3.3.3_1,FALSE
2021,177,-21.570183,47.016303,MDG.3_1,Fianarantsoa,MDG.3.3_1,Haute matsiatra,MDG.3.3.3_1,Fianarantsoa Rural,FALSE,8.875622193704901,FALSE,MDG.3.3_1,MDG.3.3.3_1,FALSE
2021,178,-21.68177,47.194026,MDG.3_1,Fianarantsoa,MDG.3.3_1,Haute matsiatra,MDG.3.3.3_1,Fianarantsoa Rural,FALSE,18.47783307079246,FALSE,MDG.3.3_1,MDG.3.3.3_1,FALSE
2021,179,-21.507537,47.034159,MDG.3_1,Fianarantsoa,MDG.3.3_1,Haute matsiatra,MDG.3.3.3_1,Fianarantsoa Rural,FALSE,1.8528642948935932,FALSE,MDG.3.3_1,MDG.3.3.3_1,TRUE
2021,180,-21.809558,46.93507,MDG.3_1,Fianarantsoa,MDG.3.3_1,Haute matsiatra,MDG.3.3.1_1,Ambalavao,FALSE,8.450422598345419,FALSE,MDG.3.3_1,MDG.3.3.1_1,FALSE
2021,181,-22.055005,47.158075,MDG.3_1,Fianarantsoa,MDG.3.3_1,Haute matsiatra,MDG.3.3.1_1,Ambalavao,FALSE,1.0280104752237502,FALSE,MDG.3.3_1,MDG.3.3.1_1,TRUE
2021,182,-21.944032,46.959398,MDG.3_1,Fianarantsoa,MDG.3.3_1,Haute matsiatra,MDG.3.3.1_1,Ambalavao,FALSE,18.14804800900097,FALSE,MDG.3.3_1,MDG.3.3.1_1,FALSE
2021,183,-21.898275,46.844679,MDG.3_1,Fianarantsoa,MDG.3.3_1,Haute matsiatra,MDG.3.3.1_1,Ambalavao,FALSE,19.42217454947662,FALSE,MDG.3.3_1,MDG.3.3.1_1,FALSE
2021,184,-22.142155,46.771521,MDG.3_1,Fianarantsoa,MDG.3.3_1,Haute matsiatra,MDG.3.3.1_1,Ambalavao,FALSE,1.5863349061764869,FALSE,MDG.3.3_1,MDG.3.3.1_1,TRUE
2021,185,-21.800866,47.05056,MDG.3_1,Fianarantsoa,MDG.3.3_1,Haute matsiatra,MDG.3.3.1_1,Ambalavao,FALSE,1.0947177143648177,TRUE,MDG.3.3_1,MDG.3.3.1_1,TRUE
2021,186,-20.528908,47.246391,MDG.3_1,Fianarantsoa,MDG.3.1_1,Amoron'i mania,MDG.3.1.2_1,Ambositra,FALSE,5.777953455511819,FALSE,MDG.3.1_1,MDG.3.1.2_1,FALSE
2021,187,-20.540875,47.244051,MDG.3_1,Fianarantsoa,MDG.3.1_1,Amoron'i mania,MDG.3.1.2_1,Ambositra,FALSE,6.845253366349822,FALSE,MDG.3.1_1,MDG.3.1.2_1,FALSE
2021,188,-20.566554,47.233763,MDG.3_1,Fianarantsoa,MDG.3.1_1,Amoron'i mania,MDG.3.1.2_1,Ambositra,FALSE,9.702103657907747,FALSE,MDG.3.1_1,MDG.3.1.2_1,FALSE
2021,189,-20.209819,47.109629,MDG.3_1,Fianarantsoa,MDG.3.1_1,Amoron'i mania,MDG.3.1.2_1,Ambositra,FALSE,4.522134359277913,TRUE,MDG.3.1_1,MDG.3.1.2_1,TRUE
2021,190,-20.404046,47.023786,MDG.3_1,Fianarantsoa,MDG.3.1_1,Amoron'i mania,MDG.3.1.2_1,Ambositra,FALSE,1.1358244635654042,FALSE,MDG.3.1_1,MDG.3.1.2_1,TRUE
2021,191,-20.474328,47.050943,MDG.3_1,Fianarantsoa,MDG.3.1_1,Amoron'i mania,MDG.3.1.2_1,Ambositra,FALSE,4.927499531035176,TRUE,MDG.3.1_1,MDG.3.1.2_1,TRUE
2021,192,-20.544117,47.283826,MDG.3_1,Fianarantsoa,MDG.3.1_1,Amoron'i mania,MDG.3.1.2_1,Ambositra,FALSE,5.252257539344745,TRUE,MDG.3.1_1,MDG.3.1.2_1,FALSE
2021,193,-20.577433,47.311445,MDG.3_1,Fianarantsoa,MDG.3.1_1,Amoron'i mania,MDG.3.1.2_1,Ambositra,FALSE,8.688228347109817,TRUE,MDG.3.1_1,MDG.3.1.2_1,FALSE
2021,194,-20.647316,47.451618,MDG.3_1,Fianarantsoa,MDG.3.1_1,Amoron'i mania,MDG.3.1.2_1,Ambositra,FALSE,10.096399600859923,FALSE,MDG.3.1_1,MDG.3.1.2_1,FALSE
2021,195,-20.741355,47.43461,MDG.3_1,Fianarantsoa,MDG.3.1_1,Amoron'i mania,MDG.3.1.2_1,Ambositra,FALSE,5.738846522584503,FALSE,MDG.3.1_1,MDG.3.1.2_1,FALSE
2021,196,-20.532992,47.598451,MDG.3_1,Fianarantsoa,MDG.3.1_1,Amoron'i mania,MDG.3.1.2_1,Ambositra,FALSE,4.850054169557811,TRUE,MDG.3.1_1,MDG.3.1.2_1,TRUE
2021,197,-20.906432,47.437562,MDG.3_1,Fianarantsoa,MDG.3.1_1,Amoron'i mania,MDG.3.1.2_1,Ambositra,FALSE,2.79855048440015,FALSE,MDG.3.1_1,MDG.3.1.2_1,TRUE
2021,198,-20.237248,47.379617,MDG.3_1,Fianarantsoa,MDG.3.1_1,Amoron'i mania,MDG.3.1.3_1,Fandriana,FALSE,16.671131495713695,FALSE,MDG.3.1_1,MDG.3.1.3_1,FALSE
2021,199,-20.126878,47.472093,MDG.3_1,Fianarantsoa,MDG.3.1_1,Amoron'i mania,MDG.3.1.3_1,Fandriana,FALSE,5.404569529348463,TRUE,MDG.3.1_1,MDG.3.1.3_1,FALSE
2021,200,-20.264202,47.582816,MDG.3_1,Fianarantsoa,MDG.3.1_1,Amoron'i mania,MDG.3.1.3_1,Fandriana,FALSE,8.80669213260257,TRUE,MDG.3.1_1,MDG.3.1.3_1,FALSE
2021,201,-20.419809,47.268317,MDG.3_1,Fianarantsoa,MDG.3.1_1,Amoron'i mania,MDG.3.1.3_1,Fandriana,FALSE,2.4070443963905914,FALSE,MDG.3.1_1,MDG.3.1.3_1,TRUE
2021,202,-20.352529,47.409522,MDG.3_1,Fianarantsoa,MDG.3.1_1,Amoron'i mania,MDG.3.1.3_1,Fandriana,FALSE,15.641912048994271,FALSE,MDG.3.1_1,MDG.3.1.3_1,FALSE
2021,203,-20.344181,47.360437,MDG.3_1,Fianarantsoa,MDG.3.1_1,Amoron'i mania,MDG.3.1.3_1,Fandriana,FALSE,12.9800001569295,FALSE,MDG.3.1_1,MDG.3.1.3_1,FALSE
2021,204,-20.532544,46.793631,MDG.3_1,Fianarantsoa,MDG.3.1_1,Amoron'i mania,MDG.3.1.1_1,Ambatofinandrahana,FALSE,18.268020935965495,FALSE,MDG.3.1_1,MDG.3.1.1_1,FALSE
2021,205,-20.17105,46.18234,MDG.3_1,Fianarantsoa,MDG.3.1_1,Amoron'i mania,MDG.3.1.1_1,Ambatofinandrahana,FALSE,7.133351508943683,FALSE,MDG.3.1_1,MDG.3.1.1_1,FALSE
2021,206,-20.592246,46.154692,MDG.3_1,Fianarantsoa,MDG.3.1_1,Amoron'i mania,MDG.3.1.1_1,Ambatofinandrahana,FALSE,25.415237781288823,TRUE,MDG.3.1_1,MDG.3.1.1_1,FALSE
2021,207,-20.625834,46.688916999999996,MDG.3_1,Fianarantsoa,MDG.3.1_1,Amoron'i mania,MDG.3.1.1_1,Ambatofinandrahana,FALSE,14.603549699975543,TRUE,MDG.3.1_1,MDG.3.1.1_1,FALSE
2021,208,-20.347734,46.867115,MDG.3_1,Fianarantsoa,MDG.3.1_1,Amoron'i mania,MDG.3.1.1_1,Ambatofinandrahana,FALSE,8.882654594012665,FALSE,MDG.3.1_1,MDG.3.1.1_1,FALSE
2021,209,-20.420909,46.971014,MDG.3_1,Fianarantsoa,MDG.3.1_1,Amoron'i mania,MDG.3.1.1_1,Ambatofinandrahana,FALSE,0.5307557783098505,FALSE,MDG.3.1_1,MDG.3.1.1_1,TRUE
2021,210,-20.8155,46.841747,MDG.3_1,Fianarantsoa,MDG.3.1_1,Amoron'i mania,MDG.3.1.1_1,Ambatofinandrahana,FALSE,5.762624463728435,TRUE,MDG.3.1_1,MDG.3.1.1_1,FALSE
2021,211,-20.800709,47.073036,MDG.3_1,Fianarantsoa,MDG.3.1_1,Amoron'i mania,MDG.3.1.4_1,Manandriana,FALSE,3.9248993794544997,TRUE,MDG.3.1_1,MDG.3.1.4_1,TRUE
2021,212,-20.649706,47.094945,MDG.3_1,Fianarantsoa,MDG.3.1_1,Amoron'i mania,MDG.3.1.4_1,Manandriana,FALSE,3.518683438544177,TRUE,MDG.3.1_1,MDG.3.1.4_1,TRUE
2021,213,-20.780755,46.998901,MDG.3_1,Fianarantsoa,MDG.3.1_1,Amoron'i mania,MDG.3.1.4_1,Manandriana,FALSE,8.362050836569423,FALSE,MDG.3.1_1,MDG.3.1.4_1,FALSE
2021,214,-22.138112,48.022006,MDG.3_1,Fianarantsoa,MDG.3.5_1,Vatovavy Fitovinany,MDG.3.5.3_1,Manakara-Sud,FALSE,0.1726863976949808,FALSE,MDG.3.5_1,MDG.3.5.3_1,TRUE
2021,215,-22.015359,47.958969,MDG.3_1,Fianarantsoa,MDG.3.5_1,Vatovavy Fitovinany,MDG.3.5.3_1,Manakara-Sud,FALSE,11.521479351114545,TRUE,MDG.3.5_1,MDG.3.5.3_1,FALSE
2021,216,-21.825395,47.843551,MDG.3_1,Fianarantsoa,MDG.3.5_1,Vatovavy Fitovinany,MDG.3.5.3_1,Manakara-Sud,FALSE,15.34860293172235,TRUE,MDG.3.5_1,MDG.3.5.3_1,FALSE
2021,217,-22.213934,47.726614,MDG.3_1,Fianarantsoa,MDG.3.5_1,Vatovavy Fitovinany,MDG.3.5.3_1,Manakara-Sud,FALSE,3.293029892744979,TRUE,MDG.3.5_1,MDG.3.5.3_1,TRUE
2021,218,-22.074323,47.678161,MDG.3_1,Fianarantsoa,MDG.3.5_1,Vatovavy Fitovinany,MDG.3.5.3_1,Manakara-Sud,FALSE,2.2927300195743525,TRUE,MDG.3.5_1,MDG.3.5.3_1,TRUE
2021,219,-21.786043,48.15642,MDG.3_1,Fianarantsoa,MDG.3.5_1,Vatovavy Fitovinany,MDG.3.5.3_1,Manakara-Sud,FALSE,0.8225755339758223,FALSE,MDG.3.5_1,MDG.3.5.3_1,TRUE
2021,220,-21.672065,47.883661,MDG.3_1,Fianarantsoa,MDG.3.5_1,Vatovavy Fitovinany,MDG.3.5.3_1,Manakara-Sud,FALSE,4.131290884996737,TRUE,MDG.3.5_1,MDG.3.5.3_1,TRUE
2021,221,-20.616941,48.514331,MDG.3_1,Fianarantsoa,MDG.3.5_1,Vatovavy Fitovinany,MDG.3.5.5_1,Nosy varika,FALSE,1.789866707909575,TRUE,MDG.3.5_1,MDG.3.5.5_1,TRUE
2021,222,-20.466416,48.42163,MDG.3_1,Fianarantsoa,MDG.3.5_1,Vatovavy Fitovinany,MDG.3.5.5_1,Nosy varika,FALSE,7.231295893484737,TRUE,MDG.3.5_1,MDG.3.5.5_1,FALSE
2021,223,-20.469204,47.974808,MDG.3_1,Fianarantsoa,MDG.3.5_1,Vatovavy Fitovinany,MDG.3.5.5_1,Nosy varika,FALSE,5.286254442483614,TRUE,MDG.3.5_1,MDG.3.5.5_1,FALSE
2021,224,-20.535816,48.239756,MDG.3_1,Fianarantsoa,MDG.3.5_1,Vatovavy Fitovinany,MDG.3.5.5_1,Nosy varika,FALSE,20.232511509753397,TRUE,MDG.3.5_1,MDG.3.5.5_1,FALSE
2021,225,-20.748656,48.300238,MDG.3_1,Fianarantsoa,MDG.3.5_1,Vatovavy Fitovinany,MDG.3.5.5_1,Nosy varika,FALSE,2.696793814376507,TRUE,MDG.3.5_1,MDG.3.5.5_1,TRUE
2021,226,-21.217211,48.341658,MDG.3_1,Fianarantsoa,MDG.3.5_1,Vatovavy Fitovinany,MDG.3.5.4_1,Mananjary,FALSE,1.3612492221056558,FALSE,MDG.3.5_1,MDG.3.5.4_1,TRUE
2021,227,-21.021247,48.405517,MDG.3_1,Fianarantsoa,MDG.3.5_1,Vatovavy Fitovinany,MDG.3.5.4_1,Mananjary,FALSE,1.6371989611544093,TRUE,MDG.3.5_1,MDG.3.5.4_1,TRUE
2021,228,-20.894341,47.840912,MDG.3_1,Fianarantsoa,MDG.3.5_1,Vatovavy Fitovinany,MDG.3.5.4_1,Mananjary,FALSE,1.6660976601906732,TRUE,MDG.3.5_1,MDG.3.5.4_1,TRUE
2021,229,-21.219447,48.196897,MDG.3_1,Fianarantsoa,MDG.3.5_1,Vatovavy Fitovinany,MDG.3.5.4_1,Mananjary,FALSE,15.864570480966789,TRUE,MDG.3.5_1,MDG.3.5.4_1,FALSE
2021,230,-21.298659,48.011719,MDG.3_1,Fianarantsoa,MDG.3.5_1,Vatovavy Fitovinany,MDG.3.5.4_1,Mananjary,FALSE,20.300790047246494,TRUE,MDG.3.5_1,MDG.3.5.4_1,FALSE
2021,231,-21.420199,47.864619,MDG.3_1,Fianarantsoa,MDG.3.5_1,Vatovavy Fitovinany,MDG.3.5.4_1,Mananjary,FALSE,4.648877360529632,FALSE,MDG.3.5_1,MDG.3.5.4_1,TRUE
2021,232,-21.302088,47.637789,MDG.3_1,Fianarantsoa,MDG.3.5_1,Vatovavy Fitovinany,MDG.3.5.1_1,Ifanadiana,FALSE,14.017605795856939,FALSE,MDG.3.5_1,MDG.3.5.1_1,FALSE
2021,233,-20.761795,47.803865,MDG.3_1,Fianarantsoa,MDG.3.5_1,Vatovavy Fitovinany,MDG.3.5.1_1,Ifanadiana,FALSE,8.131208079585454,TRUE,MDG.3.5_1,MDG.3.5.1_1,FALSE
2021,234,-21.086718,47.608562,MDG.3_1,Fianarantsoa,MDG.3.5_1,Vatovavy Fitovinany,MDG.3.5.1_1,Ifanadiana,FALSE,17.16008185605907,FALSE,MDG.3.5_1,MDG.3.5.1_1,FALSE
2021,235,-21.469621,47.639175,MDG.3_1,Fianarantsoa,MDG.3.5_1,Vatovavy Fitovinany,MDG.3.5.1_1,Ifanadiana,FALSE,2.69717612819466,TRUE,MDG.3.5_1,MDG.3.5.1_1,TRUE
2021,236,-21.930166,47.389214,MDG.3_1,Fianarantsoa,MDG.3.5_1,Vatovavy Fitovinany,MDG.3.5.2_1,Ikongo,FALSE,7.775042003498834,FALSE,MDG.3.5_1,MDG.3.5.2_1,FALSE
2021,237,-21.643457,47.586023,MDG.3_1,Fianarantsoa,MDG.3.5_1,Vatovavy Fitovinany,MDG.3.5.2_1,Ikongo,FALSE,1.353264272725079,FALSE,MDG.3.5_1,MDG.3.5.2_1,TRUE
2021,238,-22.020706,47.40882,MDG.3_1,Fianarantsoa,MDG.3.5_1,Vatovavy Fitovinany,MDG.3.5.2_1,Ikongo,FALSE,9.84136782752897,FALSE,MDG.3.5_1,MDG.3.5.2_1,FALSE
2021,239,-22.108369,47.37785,MDG.3_1,Fianarantsoa,MDG.3.5_1,Vatovavy Fitovinany,MDG.3.5.2_1,Ikongo,FALSE,12.592325989953453,FALSE,MDG.3.5_1,MDG.3.5.2_1,FALSE
2021,240,-22.285534,47.64056,MDG.3_1,Fianarantsoa,MDG.3.5_1,Vatovavy Fitovinany,MDG.3.5.6_1,Vohipeno,FALSE,2.9475583896150557,TRUE,MDG.3.5_1,MDG.3.5.6_1,TRUE
2021,241,-22.364195,47.895073,MDG.3_1,Fianarantsoa,MDG.3.5_1,Vatovavy Fitovinany,MDG.3.5.6_1,Vohipeno,FALSE,3.9737408406742394,TRUE,MDG.3.5_1,MDG.3.5.6_1,TRUE
2021,242,-22.390031,46.127732,MDG.3_1,Fianarantsoa,MDG.3.4_1,Ihorombe,MDG.3.4.2_1,Ihosy,FALSE,35.4074442840778,FALSE,MDG.3.4_1,MDG.3.4.2_1,FALSE
2021,243,-22.404501,46.127709,MDG.3_1,Fianarantsoa,MDG.3.4_1,Ihorombe,MDG.3.4.2_1,Ihosy,FALSE,33.96478238345552,FALSE,MDG.3.4_1,MDG.3.4.2_1,FALSE
2021,244,-22.41455,46.121835,MDG.3_1,Fianarantsoa,MDG.3.4_1,Ihorombe,MDG.3.4.2_1,Ihosy,FALSE,32.69943071309389,FALSE,MDG.3.4_1,MDG.3.4.2_1,FALSE
2021,245,-21.942703,46.349333,MDG.3_1,Fianarantsoa,MDG.3.4_1,Ihorombe,MDG.3.4.2_1,Ihosy,FALSE,7.164365398386171,FALSE,MDG.3.4_1,MDG.3.4.2_1,FALSE
2021,246,-22.353188,46.179052,MDG.3_1,Fianarantsoa,MDG.3.4_1,Ihorombe,MDG.3.4.2_1,Ihosy,FALSE,37.6511806439573,FALSE,MDG.3.4_1,MDG.3.4.2_1,FALSE
2021,247,-22.332321,46.456273,MDG.3_1,Fianarantsoa,MDG.3.4_1,Ihorombe,MDG.3.4.2_1,Ihosy,FALSE,9.30206151951438,FALSE,MDG.3.4_1,MDG.3.4.2_1,FALSE
2021,248,-22.509075,46.287142,MDG.3_1,Fianarantsoa,MDG.3.4_1,Ihorombe,MDG.3.4.2_1,Ihosy,FALSE,30.74841822205251,FALSE,MDG.3.4_1,MDG.3.4.2_1,FALSE
2021,249,-22.553013,46.601568,MDG.3_1,Fianarantsoa,MDG.3.4_1,Ihorombe,MDG.3.4.2_1,Ihosy,FALSE,3.3841092191450795,FALSE,MDG.3.4_1,MDG.3.4.2_1,TRUE
2021,250,-22.569384,46.203277,MDG.3_1,Fianarantsoa,MDG.3.4_1,Ihorombe,MDG.3.4.2_1,Ihosy,FALSE,22.62846490053019,TRUE,MDG.3.4_1,MDG.3.4.2_1,FALSE
2021,251,-21.937961,45.948389,MDG.3_1,Fianarantsoa,MDG.3.4_1,Ihorombe,MDG.3.4.2_1,Ihosy,FALSE,22.561215221670675,FALSE,MDG.3.4_1,MDG.3.4.2_1,FALSE
2021,252,-22.227188,46.135979,MDG.3_1,Fianarantsoa,MDG.3.4_1,Ihorombe,MDG.3.4.2_1,Ihosy,FALSE,36.22235696301972,FALSE,MDG.3.4_1,MDG.3.4.2_1,FALSE
2021,253,-22.466007,45.760328,MDG.3_1,Fianarantsoa,MDG.3.4_1,Ihorombe,MDG.3.4.2_1,Ihosy,FALSE,25.143362044724448,TRUE,MDG.3.4_1,MDG.3.4.2_1,FALSE
2021,254,-22.149455,45.654407,MDG.3_1,Fianarantsoa,MDG.3.4_1,Ihorombe,MDG.3.4.2_1,Ihosy,FALSE,34.10900432040576,TRUE,MDG.3.4_1,MDG.3.4.2_1,FALSE
2021,255,-22.496228,45.599393,MDG.3_1,Fianarantsoa,MDG.3.4_1,Ihorombe,MDG.3.4.2_1,Ihosy,FALSE,27.329167679505332,TRUE,MDG.3.4_1,MDG.3.4.2_1,FALSE
2021,256,-22.557247,45.403763,MDG.3_1,Fianarantsoa,MDG.3.4_1,Ihorombe,MDG.3.4.2_1,Ihosy,FALSE,26.34771882495863,FALSE,MDG.3.4_1,MDG.3.4.2_1,FALSE
2021,257,-22.73866,45.318437,MDG.3_1,Fianarantsoa,MDG.3.4_1,Ihorombe,MDG.3.4.2_1,Ihosy,FALSE,15.94604736577523,FALSE,MDG.3.4_1,MDG.3.4.2_1,FALSE
2021,258,-22.915329,45.174922,MDG.3_1,Fianarantsoa,MDG.3.4_1,Ihorombe,MDG.3.4.2_1,Ihosy,FALSE,15.459425739995332,TRUE,MDG.3.4_1,MDG.3.4.2_1,FALSE
2021,259,-22.78713,45.112725,MDG.3_1,Fianarantsoa,MDG.3.4_1,Ihorombe,MDG.3.4.2_1,Ihosy,FALSE,8.35856173702009,FALSE,MDG.3.4_1,MDG.3.4.2_1,FALSE
2021,260,-22.692627,45.174141,MDG.3_1,Fianarantsoa,MDG.3.4_1,Ihorombe,MDG.3.4.2_1,Ihosy,FALSE,12.839825564829786,FALSE,MDG.3.4_1,MDG.3.4.2_1,FALSE
2021,261,-22.683176,45.991065999999996,MDG.3_1,Fianarantsoa,MDG.3.4_1,Ihorombe,MDG.3.4.2_1,Ihosy,FALSE,0.9026176013324124,TRUE,MDG.3.4_1,MDG.3.4.2_1,TRUE
2021,262,-22.482973,46.872142,MDG.3_1,Fianarantsoa,MDG.3.4_1,Ihorombe,MDG.3.4.3_1,Ivohibe,FALSE,15.386426620733495,FALSE,MDG.3.4_1,MDG.3.4.3_1,FALSE
2021,263,-22.275712,46.819487,MDG.3_1,Fianarantsoa,MDG.3.4_1,Ihorombe,MDG.3.4.3_1,Ivohibe,FALSE,10.839679115551991,FALSE,MDG.3.4_1,MDG.3.4.3_1,FALSE
2021,264,-22.714062,46.907395,MDG.3_1,Fianarantsoa,MDG.3.4_1,Ihorombe,MDG.3.4.3_1,Ivohibe,FALSE,8.32916784838137,TRUE,MDG.3.4_1,MDG.3.4.3_1,FALSE
2021,265,-22.626976,46.82283,MDG.3_1,Fianarantsoa,MDG.3.4_1,Ihorombe,MDG.3.4.3_1,Ivohibe,FALSE,12.197304006836404,TRUE,MDG.3.4_1,MDG.3.4.3_1,FALSE
2021,266,-23.039832,46.586101,MDG.3_1,Fianarantsoa,MDG.3.4_1,Ihorombe,MDG.3.4.1_1,Iakora,FALSE,20.308242664550274,TRUE,MDG.3.4_1,MDG.3.4.1_1,FALSE
2021,267,-22.777663,46.572598,MDG.3_1,Fianarantsoa,MDG.3.4_1,Ihorombe,MDG.3.4.1_1,Iakora,FALSE,8.692308676334159,TRUE,MDG.3.4_1,MDG.3.4.1_1,FALSE
2021,268,-22.763387,46.812706,MDG.3_1,Fianarantsoa,MDG.3.4_1,Ihorombe,MDG.3.4.1_1,Iakora,FALSE,0.23997244415584593,TRUE,MDG.3.4_1,MDG.3.4.1_1,TRUE
2021,269,-22.817253,47.833738,MDG.3_1,Fianarantsoa,MDG.3.2_1,Atsimo-Atsinana,MDG.3.2.2_1,Farafangana,FALSE,0.17226045838610846,FALSE,MDG.3.2_1,MDG.3.2.2_1,TRUE
2021,270,-22.829506,47.799036,MDG.3_1,Fianarantsoa,MDG.3.2_1,Atsimo-Atsinana,MDG.3.2.2_1,Farafangana,FALSE,3.829774829889148,FALSE,MDG.3.2_1,MDG.3.2.2_1,TRUE
2021,271,-22.601712,47.801369,MDG.3_1,Fianarantsoa,MDG.3.2_1,Atsimo-Atsinana,MDG.3.2.2_1,Farafangana,FALSE,7.115600639285466,TRUE,MDG.3.2_1,MDG.3.2.2_1,FALSE
2021,272,-22.598733,47.561787,MDG.3_1,Fianarantsoa,MDG.3.2_1,Atsimo-Atsinana,MDG.3.2.2_1,Farafangana,FALSE,4.985716689812534,TRUE,MDG.3.2_1,MDG.3.2.2_1,TRUE
2021,273,-22.717983,47.820266,MDG.3_1,Fianarantsoa,MDG.3.2_1,Atsimo-Atsinana,MDG.3.2.2_1,Farafangana,FALSE,3.7279006532969214,TRUE,MDG.3.2_1,MDG.3.2.2_1,TRUE
2021,274,-22.689035,47.649244,MDG.3_1,Fianarantsoa,MDG.3.2_1,Atsimo-Atsinana,MDG.3.2.2_1,Farafangana,FALSE,11.939517863782832,TRUE,MDG.3.2_1,MDG.3.2.2_1,FALSE
2021,275,-22.750568,47.605974,MDG.3_1,Fianarantsoa,MDG.3.2_1,Atsimo-Atsinana,MDG.3.2.2_1,Farafangana,FALSE,6.769397449418314,TRUE,MDG.3.2_1,MDG.3.2.2_1,FALSE
2021,276,-22.89179,47.6649,MDG.3_1,Fianarantsoa,MDG.3.2_1,Atsimo-Atsinana,MDG.3.2.2_1,Farafangana,FALSE,16.04891309301137,FALSE,MDG.3.2_1,MDG.3.2.2_1,FALSE
2021,277,-22.89949,47.503733,MDG.3_1,Fianarantsoa,MDG.3.2_1,Atsimo-Atsinana,MDG.3.2.2_1,Farafangana,FALSE,5.691662450030485,TRUE,MDG.3.2_1,MDG.3.2.2_1,FALSE
2021,278,-23.126491,47.740857,MDG.3_1,Fianarantsoa,MDG.3.2_1,Atsimo-Atsinana,MDG.3.2.2_1,Farafangana,FALSE,1.494797172917437,FALSE,MDG.3.2_1,MDG.3.2.2_1,TRUE
2021,279,-22.791271,47.326233,MDG.3_1,Fianarantsoa,MDG.3.2_1,Atsimo-Atsinana,MDG.3.2.5_1,Vondrozo,FALSE,10.745204246058423,FALSE,MDG.3.2_1,MDG.3.2.5_1,FALSE
2021,280,-22.473956,47.371342,MDG.3_1,Fianarantsoa,MDG.3.2_1,Atsimo-Atsinana,MDG.3.2.5_1,Vondrozo,FALSE,15.181379416652387,TRUE,MDG.3.2_1,MDG.3.2.5_1,FALSE
2021,281,-22.650097,47.328945,MDG.3_1,Fianarantsoa,MDG.3.2_1,Atsimo-Atsinana,MDG.3.2.5_1,Vondrozo,FALSE,11.587873503773858,FALSE,MDG.3.2_1,MDG.3.2.5_1,FALSE
2021,282,-22.816856,47.4324,MDG.3_1,Fianarantsoa,MDG.3.2_1,Atsimo-Atsinana,MDG.3.2.5_1,Vondrozo,FALSE,4.152805055518227,TRUE,MDG.3.2_1,MDG.3.2.5_1,TRUE
2021,283,-22.247506,47.231018,MDG.3_1,Fianarantsoa,MDG.3.2_1,Atsimo-Atsinana,MDG.3.2.5_1,Vondrozo,FALSE,1.8026288749787271,FALSE,MDG.3.2_1,MDG.3.2.5_1,TRUE
2021,284,-23.358711,47.590913,MDG.3_1,Fianarantsoa,MDG.3.2_1,Atsimo-Atsinana,MDG.3.2.4_1,Vangaindrano,FALSE,9.986796270947053,FALSE,MDG.3.2_1,MDG.3.2.4_1,FALSE
2021,285,-23.194341,47.480716,MDG.3_1,Fianarantsoa,MDG.3.2_1,Atsimo-Atsinana,MDG.3.2.4_1,Vangaindrano,FALSE,7.767450931852178,TRUE,MDG.3.2_1,MDG.3.2.4_1,FALSE
2021,286,-23.194084,47.625912,MDG.3_1,Fianarantsoa,MDG.3.2_1,Atsimo-Atsinana,MDG.3.2.4_1,Vangaindrano,FALSE,2.456454799404276,TRUE,MDG.3.2_1,MDG.3.2.4_1,TRUE
2021,287,-23.354779,47.596982,MDG.3_1,Fianarantsoa,MDG.3.2_1,Atsimo-Atsinana,MDG.3.2.4_1,Vangaindrano,FALSE,9.558660074485923,TRUE,MDG.3.2_1,MDG.3.2.4_1,FALSE
2021,288,-23.537197,47.36591,MDG.3_1,Fianarantsoa,MDG.3.2_1,Atsimo-Atsinana,MDG.3.2.4_1,Vangaindrano,FALSE,18.902948475835185,TRUE,MDG.3.2_1,MDG.3.2.4_1,FALSE
2021,289,-23.530686,47.524464,MDG.3_1,Fianarantsoa,MDG.3.2_1,Atsimo-Atsinana,MDG.3.2.4_1,Vangaindrano,FALSE,7.024629766622384,TRUE,MDG.3.2_1,MDG.3.2.4_1,FALSE
2021,290,-23.633528,47.209985,MDG.3_1,Fianarantsoa,MDG.3.2_1,Atsimo-Atsinana,MDG.3.2.4_1,Vangaindrano,FALSE,5.191455444255931,FALSE,MDG.3.2_1,MDG.3.2.4_1,FALSE
2021,291,-23.807372,47.539108,MDG.3_1,Fianarantsoa,MDG.3.2_1,Atsimo-Atsinana,MDG.3.2.4_1,Vangaindrano,FALSE,3.760300698422731,TRUE,MDG.3.2_1,MDG.3.2.4_1,TRUE
2021,292,-23.264844,46.994204,MDG.3_1,Fianarantsoa,MDG.3.2_1,Atsimo-Atsinana,MDG.3.2.3_1,Midongy-Sud,FALSE,11.363256688422162,FALSE,MDG.3.2_1,MDG.3.2.3_1,FALSE
2021,293,-23.755535,46.565162,MDG.3_1,Fianarantsoa,MDG.3.2_1,Atsimo-Atsinana,MDG.3.2.1_1,Befotaka,FALSE,13.160151814777482,TRUE,MDG.3.2_1,MDG.3.2.1_1,FALSE
2021,294,-18.13674,49.377578,MDG.5_1,Toamasina,MDG.5.3_1,Atsinanana,MDG.5.3.5_1,Toamasina Rural,FALSE,3.5050189677193813,FALSE,MDG.5.3_1,MDG.5.3.5_1,TRUE
2021,295,-18.127485,49.397903,MDG.5_1,Toamasina,MDG.5.3_1,Atsinanana,MDG.5.3.5_1,Toamasina Rural,FALSE,1.1371146478700658,FALSE,MDG.5.3_1,MDG.5.3.5_1,TRUE
2021,296,-18.142239,49.380478,MDG.5_1,Toamasina,MDG.5.3_1,Atsinanana,MDG.5.3.5_1,Toamasina Rural,FALSE,3.47201866591619,FALSE,MDG.5.3_1,MDG.5.3.5_1,TRUE
2021,297,-18.147315,49.367103,MDG.5_1,Toamasina,MDG.5.3_1,Atsinanana,MDG.5.3.5_1,Toamasina Rural,FALSE,4.584072474795637,FALSE,MDG.5.3_1,MDG.5.3.5_1,TRUE
2021,298,-18.154491,49.397647,MDG.5_1,Toamasina,MDG.5.3_1,Atsinanana,MDG.5.3.5_1,Toamasina Rural,FALSE,1.8261473453898567,FALSE,MDG.5.3_1,MDG.5.3.5_1,TRUE
2021,299,-18.156204,49.415801,MDG.5_1,Toamasina,MDG.5.3_1,Atsinanana,MDG.5.3.5_1,Toamasina Rural,FALSE,0.3770731567336264,FALSE,MDG.5.3_1,MDG.5.3.5_1,TRUE
2021,300,-17.593875,49.390815,MDG.5_1,Toamasina,MDG.5.3_1,Atsinanana,MDG.5.3.5_1,Toamasina Rural,FALSE,0.25336583030283116,TRUE,MDG.5.3_1,MDG.5.3.5_1,TRUE
2021,301,-17.782969,49.409755,MDG.5_1,Toamasina,MDG.5.3_1,Atsinanana,MDG.5.3.5_1,Toamasina Rural,FALSE,8.478484624059952,FALSE,MDG.5.3_1,MDG.5.3.5_1,FALSE
2021,302,-17.954708,49.047557,MDG.5_1,Toamasina,MDG.5.3_1,Atsinanana,MDG.5.3.5_1,Toamasina Rural,FALSE,22.581644685075336,FALSE,MDG.5.3_1,MDG.5.3.5_1,FALSE
2021,303,-18.248475,49.008831,MDG.5_1,Toamasina,MDG.5.3_1,Atsinanana,MDG.5.3.5_1,Toamasina Rural,FALSE,0.44932743109342754,FALSE,MDG.5.3_1,MDG.5.3.5_1,TRUE
2021,304,-18.806924,49.022991,MDG.5_1,Toamasina,MDG.5.3_1,Atsinanana,MDG.5.3.1_1,Ampasimanolotra,FALSE,14.37418920965322,FALSE,MDG.5.3_1,MDG.5.3.1_1,FALSE
2021,305,-18.331686,48.974996,MDG.5_1,Toamasina,MDG.5.3_1,Atsinanana,MDG.5.3.1_1,Ampasimanolotra,FALSE,1.5089840081411152,FALSE,MDG.5.3_1,MDG.5.3.1_1,TRUE
2021,306,-18.675337,48.93596,MDG.5_1,Toamasina,MDG.5.3_1,Atsinanana,MDG.5.3.1_1,Ampasimanolotra,FALSE,28.149416293020145,TRUE,MDG.5.3_1,MDG.5.3.1_1,FALSE
2021,307,-18.836513,48.628475,MDG.5_1,Toamasina,MDG.5.3_1,Atsinanana,MDG.5.3.1_1,Ampasimanolotra,FALSE,1.1058164980465532,TRUE,MDG.5.3_1,MDG.5.3.1_1,TRUE
2021,308,-18.932505,48.988278,MDG.5_1,Toamasina,MDG.5.3_1,Atsinanana,MDG.5.3.1_1,Ampasimanolotra,FALSE,12.820384658811584,TRUE,MDG.5.3_1,MDG.5.3.1_1,FALSE
2021,309,-19.253826,48.813688,MDG.5_1,Toamasina,MDG.5.3_1,Atsinanana,MDG.5.3.6_1,Vatomandry,FALSE,14.843466796999495,TRUE,MDG.5.3_1,MDG.5.3.6_1,FALSE
2021,310,-19.516404,48.802683,MDG.5_1,Toamasina,MDG.5.3_1,Atsinanana,MDG.5.3.6_1,Vatomandry,FALSE,9.807934284384228,TRUE,MDG.5.3_1,MDG.5.3.6_1,FALSE
2021,311,-19.388092,48.534207,MDG.5_1,Toamasina,MDG.5.3_1,Atsinanana,MDG.5.3.2_1,Antanambao manampotsy,FALSE,3.835559141776177,TRUE,MDG.5.3_1,MDG.5.3.2_1,TRUE
2021,312,-19.863666,48.776008,MDG.5_1,Toamasina,MDG.5.3_1,Atsinanana,MDG.5.3.3_1,Mahanoro,FALSE,3.871612928551225,FALSE,MDG.5.3_1,MDG.5.3.3_1,TRUE
2021,313,-19.782868,48.777939,MDG.5_1,Toamasina,MDG.5.3_1,Atsinanana,MDG.5.3.3_1,Mahanoro,FALSE,5.113158155105936,TRUE,MDG.5.3_1,MDG.5.3.3_1,FALSE
2021,314,-20.088413,48.437084,MDG.5_1,Toamasina,MDG.5.3_1,Atsinanana,MDG.5.3.3_1,Mahanoro,FALSE,19.232966669961954,TRUE,MDG.5.3_1,MDG.5.3.3_1,FALSE
2021,315,-20.179927,48.222873,MDG.5_1,Toamasina,MDG.5.3_1,Atsinanana,MDG.5.3.3_1,Mahanoro,FALSE,3.302542985095617,TRUE,MDG.5.3_1,MDG.5.3.3_1,TRUE
2021,316,-20.249395,48.380865,MDG.5_1,Toamasina,MDG.5.3_1,Atsinanana,MDG.5.3.3_1,Mahanoro,FALSE,5.7993262825154845,TRUE,MDG.5.3_1,MDG.5.3.3_1,FALSE
2021,317,-20.098473,48.070992,MDG.5_1,Toamasina,MDG.5.3_1,Atsinanana,MDG.5.3.4_1,Marolambo,FALSE,11.790262478382346,TRUE,MDG.5.3_1,MDG.5.3.4_1,FALSE
2021,318,-20.067575,47.933113,MDG.5_1,Toamasina,MDG.5.3_1,Atsinanana,MDG.5.3.4_1,Marolambo,FALSE,18.20467888686307,TRUE,MDG.5.3_1,MDG.5.3.4_1,FALSE
2021,319,-19.840942,48.31182,MDG.5_1,Toamasina,MDG.5.3_1,Atsinanana,MDG.5.3.4_1,Marolambo,FALSE,1.3275199197647263,TRUE,MDG.5.3_1,MDG.5.3.4_1,TRUE
2021,320,-17.373672,49.402946,MDG.5_1,Toamasina,MDG.5.2_1,Analanjirofo,MDG.5.2.1_1,Fenoarivo Atsinanana,FALSE,0.8963152157868797,FALSE,MDG.5.2_1,MDG.5.2.1_1,TRUE
2021,321,-16.9416,49.180668,MDG.5_1,Toamasina,MDG.5.2_1,Analanjirofo,MDG.5.2.1_1,Fenoarivo Atsinanana,FALSE,2.6774638928460384,FALSE,MDG.5.2_1,MDG.5.2.1_1,TRUE
2021,322,-17.105181,49.381693,MDG.5_1,Toamasina,MDG.5.2_1,Analanjirofo,MDG.5.2.1_1,Fenoarivo Atsinanana,FALSE,9.082648648918978,TRUE,MDG.5.2_1,MDG.5.2.1_1,FALSE
2021,323,-17.155385,49.440748,MDG.5_1,Toamasina,MDG.5.2_1,Analanjirofo,MDG.5.2.1_1,Fenoarivo Atsinanana,FALSE,4.789379245821411,TRUE,MDG.5.2_1,MDG.5.2.1_1,TRUE
2021,324,-17.17173,49.248905,MDG.5_1,Toamasina,MDG.5.2_1,Analanjirofo,MDG.5.2.1_1,Fenoarivo Atsinanana,FALSE,13.585395958120783,TRUE,MDG.5.2_1,MDG.5.2.1_1,FALSE
2021,325,-17.373079,49.216771,MDG.5_1,Toamasina,MDG.5.2_1,Analanjirofo,MDG.5.2.1_1,Fenoarivo Atsinanana,FALSE,1.558681287397997,TRUE,MDG.5.2_1,MDG.5.2.1_1,TRUE
2021,326,-17.438519,49.432036,MDG.5_1,Toamasina,MDG.5.2_1,Analanjirofo,MDG.5.2.1_1,Fenoarivo Atsinanana,FALSE,1.688955507651402,FALSE,MDG.5.2_1,MDG.5.2.1_1,TRUE
2021,327,-17.584877,49.411582,MDG.5_1,Toamasina,MDG.5.2_1,Analanjirofo,MDG.5.2.1_1,Fenoarivo Atsinanana,FALSE,0.08079915395233739,TRUE,MDG.5.2_1,MDG.5.2.1_1,TRUE
2021,328,-15.411084,49.730513,MDG.5_1,Toamasina,MDG.5.2_1,Analanjirofo,MDG.5.2.3_1,Maroansetra,FALSE,3.629385683855746,FALSE,MDG.5.2_1,MDG.5.2.3_1,TRUE
2021,329,-15.328313,49.837352,MDG.5_1,Toamasina,MDG.5.2_1,Analanjirofo,MDG.5.2.3_1,Maroansetra,FALSE,9.042778984957472,FALSE,MDG.5.2_1,MDG.5.2.3_1,FALSE
2021,330,-15.315927,49.610417,MDG.5_1,Toamasina,MDG.5.2_1,Analanjirofo,MDG.5.2.3_1,Maroansetra,FALSE,18.01804106870688,FALSE,MDG.5.2_1,MDG.5.2.3_1,FALSE
2021,331,-15.397328,49.913246,MDG.5_1,Toamasina,MDG.5.2_1,Analanjirofo,MDG.5.2.3_1,Maroansetra,FALSE,4.6523146308502135,FALSE,MDG.5.2_1,MDG.5.2.3_1,TRUE
2021,332,-15.686567,49.631568,MDG.5_1,Toamasina,MDG.5.2_1,Analanjirofo,MDG.5.2.3_1,Maroansetra,FALSE,0.24490241880518454,TRUE,MDG.5.2_1,MDG.5.2.3_1,TRUE
2021,333,-16.183987,49.756781,MDG.5_1,Toamasina,MDG.5.2_1,Analanjirofo,MDG.5.2.2_1,Mananara,FALSE,2.27441410034601,FALSE,MDG.5.2_1,MDG.5.2.2_1,TRUE
2021,334,-16.062364,49.434502,MDG.5_1,Toamasina,MDG.5.2_1,Analanjirofo,MDG.5.2.2_1,Mananara,FALSE,19.459598518026723,TRUE,MDG.5.2_1,MDG.5.2.2_1,FALSE
2021,335,-16.091171,49.646121,MDG.5_1,Toamasina,MDG.5.2_1,Analanjirofo,MDG.5.2.2_1,Mananara,FALSE,4.786571796479852,TRUE,MDG.5.2_1,MDG.5.2.2_1,TRUE
2021,336,-16.180972,49.698397,MDG.5_1,Toamasina,MDG.5.2_1,Analanjirofo,MDG.5.2.2_1,Mananara,FALSE,4.778397184076188,TRUE,MDG.5.2_1,MDG.5.2.2_1,TRUE
2021,337,-16.351201,49.6165,MDG.5_1,Toamasina,MDG.5.2_1,Analanjirofo,MDG.5.2.2_1,Mananara,FALSE,21.192480164166017,FALSE,MDG.5.2_1,MDG.5.2.2_1,FALSE
2021,338,-16.418806,49.823825,MDG.5_1,Toamasina,MDG.5.2_1,Analanjirofo,MDG.5.2.2_1,Mananara,FALSE,0.021744765471644497,FALSE,MDG.5.2_1,MDG.5.2.2_1,TRUE
2021,339,-16.903091,49.588836,MDG.5_1,Toamasina,MDG.5.2_1,Analanjirofo,MDG.5.2.5_1,Soanierana-Ivongo,FALSE,0.8419204933092096,TRUE,MDG.5.2_1,MDG.5.2.5_1,TRUE
2021,340,-16.705852,49.65235,MDG.5_1,Toamasina,MDG.5.2_1,Analanjirofo,MDG.5.2.5_1,Soanierana-Ivongo,FALSE,7.409345830017025,TRUE,MDG.5.2_1,MDG.5.2.5_1,FALSE
2021,341,-16.805763,49.446632,MDG.5_1,Toamasina,MDG.5.2_1,Analanjirofo,MDG.5.2.5_1,Soanierana-Ivongo,FALSE,18.471339751398315,FALSE,MDG.5.2_1,MDG.5.2.5_1,FALSE
2021,342,-16.991477,49.852505,MDG.5_1,Toamasina,MDG.5.2_1,Analanjirofo,MDG.5.2.4_1,Nosy-Boraha (St. Marie),FALSE,0.11466678035111973,FALSE,MDG.5.2_1,MDG.5.2.4_1,TRUE
2021,343,-17.462526,49.197069,MDG.5_1,Toamasina,MDG.5.2_1,Analanjirofo,MDG.5.2.6_1,Vavatenina,FALSE,7.160167288492691,FALSE,MDG.5.2_1,MDG.5.2.6_1,FALSE
2021,344,-17.33674,49.043224,MDG.5_1,Toamasina,MDG.5.2_1,Analanjirofo,MDG.5.2.6_1,Vavatenina,FALSE,10.117177066659957,TRUE,MDG.5.2_1,MDG.5.2.6_1,FALSE
2021,345,-17.513335,49.221029,MDG.5_1,Toamasina,MDG.5.2_1,Analanjirofo,MDG.5.2.6_1,Vavatenina,FALSE,7.523949461949199,TRUE,MDG.5.2_1,MDG.5.2.6_1,FALSE
2021,346,-17.488905,49.052107,MDG.5_1,Toamasina,MDG.5.2_1,Analanjirofo,MDG.5.2.6_1,Vavatenina,FALSE,19.523638191488757,TRUE,MDG.5.2_1,MDG.5.2.6_1,FALSE
2021,347,-17.809613,48.423899,MDG.5_1,Toamasina,MDG.5.1_1,Alaotra-Mangoro,MDG.5.1.1_1,Ambatondrazaka,FALSE,9.843807022073031,FALSE,MDG.5.1_1,MDG.5.1.1_1,FALSE
2021,348,-17.836473,48.420496,MDG.5_1,Toamasina,MDG.5.1_1,Alaotra-Mangoro,MDG.5.1.1_1,Ambatondrazaka,FALSE,12.29423036490085,FALSE,MDG.5.1_1,MDG.5.1.1_1,FALSE
2021,349,-17.819754,48.457815,MDG.5_1,Toamasina,MDG.5.1_1,Alaotra-Mangoro,MDG.5.1.1_1,Ambatondrazaka,FALSE,12.719735193514449,FALSE,MDG.5.1_1,MDG.5.1.1_1,FALSE
2021,350,-17.719541,48.476025,MDG.5_1,Toamasina,MDG.5.1_1,Alaotra-Mangoro,MDG.5.1.1_1,Ambatondrazaka,FALSE,4.979939427926584,FALSE,MDG.5.1_1,MDG.5.1.1_1,TRUE
2021,351,-17.873825,48.262776,MDG.5_1,Toamasina,MDG.5.1_1,Alaotra-Mangoro,MDG.5.1.1_1,Ambatondrazaka,FALSE,8.647506619756614,FALSE,MDG.5.1_1,MDG.5.1.1_1,FALSE
2021,352,-17.968332,48.168637,MDG.5_1,Toamasina,MDG.5.1_1,Alaotra-Mangoro,MDG.5.1.1_1,Ambatondrazaka,FALSE,6.809059380682473,TRUE,MDG.5.1_1,MDG.5.1.1_1,FALSE
2021,353,-18.158041,48.401021,MDG.5_1,Toamasina,MDG.5.1_1,Alaotra-Mangoro,MDG.5.1.1_1,Ambatondrazaka,FALSE,7.823449892194087,TRUE,MDG.5.1_1,MDG.5.1.1_1,FALSE
2021,354,-17.416162,48.768336,MDG.5_1,Toamasina,MDG.5.1_1,Alaotra-Mangoro,MDG.5.1.1_1,Ambatondrazaka,FALSE,2.2415643309941067,FALSE,MDG.5.1_1,MDG.5.1.1_1,TRUE
2021,355,-18.166635,48.164302,MDG.5_1,Toamasina,MDG.5.1_1,Alaotra-Mangoro,MDG.5.1.1_1,Ambatondrazaka,FALSE,0.6404118581426279,TRUE,MDG.5.1_1,MDG.5.1.1_1,TRUE
2021,356,-17.029424,48.668629,MDG.5_1,Toamasina,MDG.5.1_1,Alaotra-Mangoro,MDG.5.1.3_1,Andilamena,FALSE,12.76629768803259,FALSE,MDG.5.1_1,MDG.5.1.3_1,FALSE
2021,357,-16.459113,48.425264,MDG.5_1,Toamasina,MDG.5.1_1,Alaotra-Mangoro,MDG.5.1.3_1,Andilamena,FALSE,10.122107613151256,TRUE,MDG.5.1_1,MDG.5.1.3_1,FALSE
2021,358,-17.577829,48.207472,MDG.5_1,Toamasina,MDG.5.1_1,Alaotra-Mangoro,MDG.5.1.2_1,Amparafaravola,FALSE,18.271295617380392,FALSE,MDG.5.1_1,MDG.5.1.2_1,FALSE
2021,359,-17.306112,48.704704,MDG.5_1,Toamasina,MDG.5.1_1,Alaotra-Mangoro,MDG.5.1.2_1,Amparafaravola,FALSE,8.27150910436491,TRUE,MDG.5.1_1,MDG.5.1.2_1,FALSE
2021,360,-17.312797,48.505555,MDG.5_1,Toamasina,MDG.5.1_1,Alaotra-Mangoro,MDG.5.1.2_1,Amparafaravola,FALSE,9.307625724476392,FALSE,MDG.5.1_1,MDG.5.1.2_1,FALSE
2021,361,-17.356134,48.452619,MDG.5_1,Toamasina,MDG.5.1_1,Alaotra-Mangoro,MDG.5.1.2_1,Amparafaravola,FALSE,13.127141671559533,FALSE,MDG.5.1_1,MDG.5.1.2_1,FALSE
2021,362,-17.46185,48.384178,MDG.5_1,Toamasina,MDG.5.1_1,Alaotra-Mangoro,MDG.5.1.2_1,Amparafaravola,FALSE,12.168062205763304,FALSE,MDG.5.1_1,MDG.5.1.2_1,FALSE
2021,363,-17.632392,48.240234,MDG.5_1,Toamasina,MDG.5.1_1,Alaotra-Mangoro,MDG.5.1.2_1,Amparafaravola,FALSE,14.699367892136767,FALSE,MDG.5.1_1,MDG.5.1.2_1,FALSE
2021,364,-17.740088,48.197292,MDG.5_1,Toamasina,MDG.5.1_1,Alaotra-Mangoro,MDG.5.1.2_1,Amparafaravola,FALSE,6.806684883323279,FALSE,MDG.5.1_1,MDG.5.1.2_1,FALSE
2021,365,-17.838535,48.137771,MDG.5_1,Toamasina,MDG.5.1_1,Alaotra-Mangoro,MDG.5.1.2_1,Amparafaravola,FALSE,3.900278994739261,TRUE,MDG.5.1_1,MDG.5.1.2_1,TRUE
2021,366,-18.935137,48.235675,MDG.5_1,Toamasina,MDG.5.1_1,Alaotra-Mangoro,MDG.5.1.5_1,Moramanga,FALSE,28.368540771196525,FALSE,MDG.5.1_1,MDG.5.1.5_1,FALSE
2021,367,-18.413504,48.114906,MDG.5_1,Toamasina,MDG.5.1_1,Alaotra-Mangoro,MDG.5.1.5_1,Moramanga,FALSE,9.074017715241347,FALSE,MDG.5.1_1,MDG.5.1.5_1,FALSE
2021,368,-18.6622,48.235355,MDG.5_1,Toamasina,MDG.5.1_1,Alaotra-Mangoro,MDG.5.1.5_1,Moramanga,FALSE,27.02026816343297,TRUE,MDG.5.1_1,MDG.5.1.5_1,FALSE
2021,369,-18.874777,48.22615,MDG.5_1,Toamasina,MDG.5.1_1,Alaotra-Mangoro,MDG.5.1.5_1,Moramanga,FALSE,29.445754095775243,TRUE,MDG.5.1_1,MDG.5.1.5_1,FALSE
2021,370,-18.885725,47.979419,MDG.5_1,Toamasina,MDG.5.1_1,Alaotra-Mangoro,MDG.5.1.5_1,Moramanga,FALSE,3.4795570262919613,FALSE,MDG.5.1_1,MDG.5.1.5_1,TRUE
2021,371,-19.256796,47.962017,MDG.5_1,Toamasina,MDG.5.1_1,Alaotra-Mangoro,MDG.5.1.5_1,Moramanga,FALSE,0.7797613430315379,TRUE,MDG.5.1_1,MDG.5.1.5_1,TRUE
2021,372,-19.079956,48.584679,MDG.5_1,Toamasina,MDG.5.1_1,Alaotra-Mangoro,MDG.5.1.5_1,Moramanga,FALSE,7.198106456071613,FALSE,MDG.5.1_1,MDG.5.1.5_1,FALSE
2021,373,-19.481282,48.224435,MDG.5_1,Toamasina,MDG.5.1_1,Alaotra-Mangoro,MDG.5.1.4_1,Anosibe,FALSE,11.156792047252118,TRUE,MDG.5.1_1,MDG.5.1.4_1,FALSE
2021,374,-19.598113,48.045408,MDG.5_1,Toamasina,MDG.5.1_1,Alaotra-Mangoro,MDG.5.1.4_1,Anosibe,FALSE,11.729287377486084,TRUE,MDG.5.1_1,MDG.5.1.4_1,FALSE
2021,375,-15.714371,46.32569,MDG.4_1,Mahajanga,MDG.4.2_1,Boeny,MDG.4.2.3_1,Mahajanga Urban,FALSE,1.3229906798602609,FALSE,MDG.4.2_1,MDG.4.2.3_1,TRUE
2021,376,-15.718024,46.307903,MDG.4_1,Mahajanga,MDG.4.2_1,Boeny,MDG.4.2.3_1,Mahajanga Urban,FALSE,0.5475109997382025,FALSE,MDG.4.2_1,MDG.4.2.3_1,TRUE
2021,377,-15.725091,46.326063,MDG.4_1,Mahajanga,MDG.4.2_1,Boeny,MDG.4.2.3_1,Mahajanga Urban,FALSE,0.18960662417212729,FALSE,MDG.4.2_1,MDG.4.2.3_1,TRUE
2021,378,-15.693117,46.333738,MDG.4_1,Mahajanga,MDG.4.2_1,Boeny,MDG.4.2.3_1,Mahajanga Urban,FALSE,1.873245809135586,FALSE,MDG.4.2_1,MDG.4.2.3_1,TRUE
2021,379,-15.715086,46.340785,MDG.4_1,Mahajanga,MDG.4.2_1,Boeny,MDG.4.2.3_1,Mahajanga Urban,FALSE,0.8329251136939952,FALSE,MDG.4.2_1,MDG.4.2.3_1,TRUE
2021,380,-15.707579,46.318600000000004,MDG.4_1,Mahajanga,MDG.4.2_1,Boeny,MDG.4.2.3_1,Mahajanga Urban,FALSE,0.9222009404486768,FALSE,MDG.4.2_1,MDG.4.2.3_1,TRUE
2021,381,-15.716706,46.33452,MDG.4_1,Mahajanga,MDG.4.2_1,Boeny,MDG.4.2.3_1,Mahajanga Urban,FALSE,0.6823810178233307,FALSE,MDG.4.2_1,MDG.4.2.3_1,TRUE
2021,383,-15.646272,47.068072,MDG.4_1,Mahajanga,MDG.4.2_1,Boeny,MDG.4.2.2_1,Mahajanga Rural,FALSE,2.6818196242163928,TRUE,MDG.4.2_1,MDG.4.2.2_1,TRUE
2021,384,-15.752308,47.00455,MDG.4_1,Mahajanga,MDG.4.2_1,Boeny,MDG.4.2.2_1,Mahajanga Rural,FALSE,11.442740017681205,TRUE,MDG.4.2_1,MDG.4.2.2_1,FALSE
2021,385,-16.291284,45.759949,MDG.4_1,Mahajanga,MDG.4.2_1,Boeny,MDG.4.2.5_1,Mitsinjo,FALSE,7.359319969125665,FALSE,MDG.4.2_1,MDG.4.2.5_1,FALSE
2021,386,-16.004078,45.613091,MDG.4_1,Mahajanga,MDG.4.2_1,Boeny,MDG.4.2.5_1,Mitsinjo,FALSE,1.416668697117603,FALSE,MDG.4.2_1,MDG.4.2.5_1,TRUE
2021,387,-16.073412,46.725456,MDG.4_1,Mahajanga,MDG.4.2_1,Boeny,MDG.4.2.4_1,Marovoay,FALSE,11.48858954439392,FALSE,MDG.4.2_1,MDG.4.2.4_1,FALSE
2021,388,-16.122974,46.650969,MDG.4_1,Mahajanga,MDG.4.2_1,Boeny,MDG.4.2.4_1,Marovoay,FALSE,19.912181199023667,FALSE,MDG.4.2_1,MDG.4.2.4_1,FALSE
2021,389,-16.009276,46.664299,MDG.4_1,Mahajanga,MDG.4.2_1,Boeny,MDG.4.2.4_1,Marovoay,FALSE,9.612006060275904,TRUE,MDG.4.2_1,MDG.4.2.4_1,FALSE
2021,390,-16.127271,46.816814,MDG.4_1,Mahajanga,MDG.4.2_1,Boeny,MDG.4.2.4_1,Marovoay,FALSE,18.21378323751297,FALSE,MDG.4.2_1,MDG.4.2.4_1,FALSE
2021,391,-16.190995,46.462324,MDG.4_1,Mahajanga,MDG.4.2_1,Boeny,MDG.4.2.4_1,Marovoay,FALSE,15.585322918784367,FALSE,MDG.4.2_1,MDG.4.2.4_1,FALSE
2021,392,-16.207664,46.503695,MDG.4_1,Mahajanga,MDG.4.2_1,Boeny,MDG.4.2.4_1,Marovoay,FALSE,12.406433764152345,FALSE,MDG.4.2_1,MDG.4.2.4_1,FALSE
2021,393,-16.082683,46.262697,MDG.4_1,Mahajanga,MDG.4.2_1,Boeny,MDG.4.2.4_1,Marovoay,FALSE,2.5611016263749513,TRUE,MDG.4.2_1,MDG.4.2.4_1,TRUE
2021,395,-16.469247,46.701789,MDG.4_1,Mahajanga,MDG.4.2_1,Boeny,MDG.4.2.1_1,Ambato-Boina,FALSE,13.627171714906117,FALSE,MDG.4.2_1,MDG.4.2.1_1,FALSE
2021,396,-16.416056,47.131829,MDG.4_1,Mahajanga,MDG.4.2_1,Boeny,MDG.4.2.1_1,Ambato-Boina,FALSE,8.164720216862252,TRUE,MDG.4.2_1,MDG.4.2.1_1,FALSE
2021,397,-16.455992,47.042531,MDG.4_1,Mahajanga,MDG.4.2_1,Boeny,MDG.4.2.1_1,Ambato-Boina,FALSE,11.859513867383221,TRUE,MDG.4.2_1,MDG.4.2.1_1,FALSE
2021,398,-16.467016,46.93325,MDG.4_1,Mahajanga,MDG.4.2_1,Boeny,MDG.4.2.1_1,Ambato-Boina,FALSE,14.146507045823393,TRUE,MDG.4.2_1,MDG.4.2.1_1,FALSE
2021,399,-16.398646,46.756861,MDG.4_1,Mahajanga,MDG.4.2_1,Boeny,MDG.4.2.1_1,Ambato-Boina,FALSE,5.969572384503041,FALSE,MDG.4.2_1,MDG.4.2.1_1,FALSE
2021,400,-16.923762,46.496107,MDG.4_1,Mahajanga,MDG.4.2_1,Boeny,MDG.4.2.1_1,Ambato-Boina,FALSE,6.512765651687105,FALSE,MDG.4.2_1,MDG.4.2.1_1,FALSE
2021,401,-16.57937,46.304741,MDG.4_1,Mahajanga,MDG.4.2_1,Boeny,MDG.4.2.1_1,Ambato-Boina,FALSE,2.722481998000038,TRUE,MDG.4.2_1,MDG.4.2.1_1,TRUE
2021,402,-14.647841,48.165937,MDG.4_1,Mahajanga,MDG.4.4_1,Sofia,MDG.4.4.2_1,Antsihihy,FALSE,6.930130777525214,TRUE,MDG.4.4_1,MDG.4.4.2_1,FALSE
2021,403,-14.949731,48.285473,MDG.4_1,Mahajanga,MDG.4.4_1,Sofia,MDG.4.4.2_1,Antsihihy,FALSE,0.8157403128735206,FALSE,MDG.4.4_1,MDG.4.4.2_1,TRUE
2021,404,-15.359412,47.88505,MDG.4_1,Mahajanga,MDG.4.4_1,Sofia,MDG.4.4.2_1,Antsihihy,FALSE,0.9085092641040314,TRUE,MDG.4.4_1,MDG.4.4.2_1,TRUE
2021,405,-14.666128,47.736276,MDG.4_1,Mahajanga,MDG.4.4_1,Sofia,MDG.4.4.1_1,Analalava,FALSE,1.0241026772078796,FALSE,MDG.4.4_1,MDG.4.4.1_1,TRUE
2021,406,-13.940504,48.178223,MDG.4_1,Mahajanga,MDG.4.4_1,Sofia,MDG.4.4.1_1,Analalava,FALSE,3.1951673424668394,FALSE,MDG.4.4_1,MDG.4.4.1_1,TRUE
2021,407,-15.369957,47.191861,MDG.4_1,Mahajanga,MDG.4.4_1,Sofia,MDG.4.4.1_1,Analalava,FALSE,3.6104103808729384,TRUE,MDG.4.4_1,MDG.4.4.1_1,TRUE
2021,408,-14.547682,48.551306,MDG.4_1,Mahajanga,MDG.4.4_1,Sofia,MDG.4.4.3_1,Bealanana,FALSE,17.099963373577314,TRUE,MDG.4.4_1,MDG.4.4.3_1,FALSE
2021,409,-14.389004,48.993768,MDG.4_1,Mahajanga,MDG.4.4_1,Sofia,MDG.4.4.3_1,Bealanana,FALSE,18.570226322650683,TRUE,MDG.4.4_1,MDG.4.4.3_1,FALSE
2021,410,-14.715547,48.922896,MDG.4_1,Mahajanga,MDG.4.4_1,Sofia,MDG.4.4.3_1,Bealanana,FALSE,17.445736784672693,TRUE,MDG.4.4_1,MDG.4.4.3_1,FALSE
2021,411,-15.254874,48.539841,MDG.4_1,Mahajanga,MDG.4.4_1,Sofia,MDG.4.4.4_1,Befandriana-Nord,FALSE,25.928546862351222,FALSE,MDG.4.4_1,MDG.4.4.4_1,FALSE
2021,412,-15.386461,48.586289,MDG.4_1,Mahajanga,MDG.4.4_1,Sofia,MDG.4.4.4_1,Befandriana-Nord,FALSE,11.70962467707388,TRUE,MDG.4.4_1,MDG.4.4.4_1,FALSE
2021,413,-15.481317,48.563207,MDG.4_1,Mahajanga,MDG.4.4_1,Sofia,MDG.4.4.4_1,Befandriana-Nord,FALSE,3.875992502278721,TRUE,MDG.4.4_1,MDG.4.4.4_1,TRUE
2021,414,-15.215547,48.826161,MDG.4_1,Mahajanga,MDG.4.4_1,Sofia,MDG.4.4.4_1,Befandriana-Nord,FALSE,21.64572949154232,TRUE,MDG.4.4_1,MDG.4.4.4_1,FALSE
2021,415,-15.118604,49.252993,MDG.4_1,Mahajanga,MDG.4.4_1,Sofia,MDG.4.4.4_1,Befandriana-Nord,FALSE,10.512680315001823,FALSE,MDG.4.4_1,MDG.4.4.4_1,FALSE
2021,416,-15.829686,47.534827,MDG.4_1,Mahajanga,MDG.4.4_1,Sofia,MDG.4.4.7_1,Port Bergé,FALSE,5.370709591066162,FALSE,MDG.4.4_1,MDG.4.4.7_1,FALSE
2021,417,-15.685553,47.73743,MDG.4_1,Mahajanga,MDG.4.4_1,Sofia,MDG.4.4.7_1,Port Bergé,FALSE,13.468838180636544,TRUE,MDG.4.4_1,MDG.4.4.7_1,FALSE
2021,418,-15.580094,47.851143,MDG.4_1,Mahajanga,MDG.4.4_1,Sofia,MDG.4.4.7_1,Port Bergé,FALSE,18.692420309610622,TRUE,MDG.4.4_1,MDG.4.4.7_1,FALSE
2021,419,-15.50248,47.3338,MDG.4_1,Mahajanga,MDG.4.4_1,Sofia,MDG.4.4.7_1,Port Bergé,FALSE,7.100346642238604,FALSE,MDG.4.4_1,MDG.4.4.7_1,FALSE
2021,420,-15.854078,48.82334,MDG.4_1,Mahajanga,MDG.4.4_1,Sofia,MDG.4.4.6_1,Mandritsara,FALSE,25.713554476481463,FALSE,MDG.4.4_1,MDG.4.4.6_1,FALSE
2021,421,-15.515757,49.043086,MDG.4_1,Mahajanga,MDG.4.4_1,Sofia,MDG.4.4.6_1,Mandritsara,FALSE,3.1674770324762407,FALSE,MDG.4.4_1,MDG.4.4.6_1,TRUE
2021,422,-15.835653,48.987737,MDG.4_1,Mahajanga,MDG.4.4_1,Sofia,MDG.4.4.6_1,Mandritsara,FALSE,9.727735563379651,TRUE,MDG.4.4_1,MDG.4.4.6_1,FALSE
2021,423,-15.88479,48.826631,MDG.4_1,Mahajanga,MDG.4.4_1,Sofia,MDG.4.4.6_1,Mandritsara,FALSE,26.930393286711045,FALSE,MDG.4.4_1,MDG.4.4.6_1,FALSE
2021,425,-16.044192,48.388317,MDG.4_1,Mahajanga,MDG.4.4_1,Sofia,MDG.4.4.6_1,Mandritsara,FALSE,14.185909768786736,TRUE,MDG.4.4_1,MDG.4.4.6_1,FALSE
2021,426,-16.086668,47.653761,MDG.4_1,Mahajanga,MDG.4.4_1,Sofia,MDG.4.4.5_1,Mampikony,FALSE,22.003968069336377,FALSE,MDG.4.4_1,MDG.4.4.5_1,FALSE
2021,427,-16.016291,47.696558,MDG.4_1,Mahajanga,MDG.4.4_1,Sofia,MDG.4.4.5_1,Mampikony,FALSE,13.975723174425164,TRUE,MDG.4.4_1,MDG.4.4.5_1,FALSE
2021,428,-16.057192,47.551825,MDG.4_1,Mahajanga,MDG.4.4_1,Sofia,MDG.4.4.5_1,Mampikony,FALSE,18.95934864727006,TRUE,MDG.4.4_1,MDG.4.4.5_1,FALSE
2021,429,-16.945554,46.835836,MDG.4_1,Mahajanga,MDG.4.1_1,Betsiboka,MDG.4.1.2_1,Maevatanana,FALSE,22.980702399850603,FALSE,MDG.4.1_1,MDG.4.1.2_1,FALSE
2021,430,-16.939021,46.820109,MDG.4_1,Mahajanga,MDG.4.1_1,Betsiboka,MDG.4.1.2_1,Maevatanana,FALSE,21.17392818467126,FALSE,MDG.4.1_1,MDG.4.1.2_1,FALSE
2021,431,-16.951846,46.8211,MDG.4_1,Mahajanga,MDG.4.1_1,Betsiboka,MDG.4.1.2_1,Maevatanana,FALSE,21.684269830744153,FALSE,MDG.4.1_1,MDG.4.1.2_1,FALSE
2021,432,-16.699019,46.823558,MDG.4_1,Mahajanga,MDG.4.1_1,Betsiboka,MDG.4.1.2_1,Maevatanana,FALSE,6.399002064629875,FALSE,MDG.4.1_1,MDG.4.1.2_1,FALSE
2021,433,-16.772321,47.02171,MDG.4_1,Mahajanga,MDG.4.1_1,Betsiboka,MDG.4.1.2_1,Maevatanana,FALSE,18.680546037121086,FALSE,MDG.4.1_1,MDG.4.1.2_1,FALSE
2021,434,-16.718411,46.914467,MDG.4_1,Mahajanga,MDG.4.1_1,Betsiboka,MDG.4.1.2_1,Maevatanana,FALSE,7.702663995560776,FALSE,MDG.4.1_1,MDG.4.1.2_1,FALSE
2021,435,-16.857207,46.957083,MDG.4_1,Mahajanga,MDG.4.1_1,Betsiboka,MDG.4.1.2_1,Maevatanana,FALSE,23.717823765301812,FALSE,MDG.4.1_1,MDG.4.1.2_1,FALSE
2021,436,-16.880824,47.271036,MDG.4_1,Mahajanga,MDG.4.1_1,Betsiboka,MDG.4.1.2_1,Maevatanana,FALSE,3.715347554489759,TRUE,MDG.4.1_1,MDG.4.1.2_1,TRUE
2021,437,-16.921539,46.961252,MDG.4_1,Mahajanga,MDG.4.1_1,Betsiboka,MDG.4.1.2_1,Maevatanana,FALSE,27.196286249960913,FALSE,MDG.4.1_1,MDG.4.1.2_1,FALSE
2021,438,-17.115413,46.662925,MDG.4_1,Mahajanga,MDG.4.1_1,Betsiboka,MDG.4.1.2_1,Maevatanana,FALSE,16.935864893782327,FALSE,MDG.4.1_1,MDG.4.1.2_1,FALSE
2021,439,-17.199805,46.556181,MDG.4_1,Mahajanga,MDG.4.1_1,Betsiboka,MDG.4.1.2_1,Maevatanana,FALSE,13.609626130980416,FALSE,MDG.4.1_1,MDG.4.1.2_1,FALSE
2021,440,-17.37036,46.382132,MDG.4_1,Mahajanga,MDG.4.1_1,Betsiboka,MDG.4.1.2_1,Maevatanana,FALSE,9.117663842363335,FALSE,MDG.4.1_1,MDG.4.1.2_1,FALSE
2021,441,-17.195302,46.94211,MDG.4_1,Mahajanga,MDG.4.1_1,Betsiboka,MDG.4.1.2_1,Maevatanana,FALSE,16.81580362168581,FALSE,MDG.4.1_1,MDG.4.1.2_1,FALSE
2021,442,-17.751603,46.489345,MDG.4_1,Mahajanga,MDG.4.1_1,Betsiboka,MDG.4.1.2_1,Maevatanana,FALSE,0.8026890967573544,TRUE,MDG.4.1_1,MDG.4.1.2_1,TRUE
2021,443,-17.671732,47.05011,MDG.4_1,Mahajanga,MDG.4.1_1,Betsiboka,MDG.4.1.2_1,Maevatanana,FALSE,13.578988724280995,TRUE,MDG.4.1_1,MDG.4.1.2_1,FALSE
2021,444,-17.565872,47.1411,MDG.4_1,Mahajanga,MDG.4.1_1,Betsiboka,MDG.4.1.2_1,Maevatanana,FALSE,20.134690561813535,TRUE,MDG.4.1_1,MDG.4.1.2_1,FALSE
2021,445,-16.813858,47.683455,MDG.4_1,Mahajanga,MDG.4.1_1,Betsiboka,MDG.4.1.3_1,Tsaratanana,FALSE,27.625287293707434,FALSE,MDG.4.1_1,MDG.4.1.3_1,FALSE
2021,446,-16.794307,47.66637,MDG.4_1,Mahajanga,MDG.4.1_1,Betsiboka,MDG.4.1.3_1,Tsaratanana,FALSE,28.519794781411594,FALSE,MDG.4.1_1,MDG.4.1.3_1,FALSE
2021,448,-16.69985,47.623841,MDG.4_1,Mahajanga,MDG.4.1_1,Betsiboka,MDG.4.1.3_1,Tsaratanana,FALSE,21.52327717372332,FALSE,MDG.4.1_1,MDG.4.1.3_1,FALSE
2021,449,-16.833241,47.565882,MDG.4_1,Mahajanga,MDG.4.1_1,Betsiboka,MDG.4.1.3_1,Tsaratanana,FALSE,26.981586641896428,TRUE,MDG.4.1_1,MDG.4.1.3_1,FALSE
2021,450,-17.221026,48.031868,MDG.4_1,Mahajanga,MDG.4.1_1,Betsiboka,MDG.4.1.3_1,Tsaratanana,FALSE,12.185670057964721,FALSE,MDG.4.1_1,MDG.4.1.3_1,FALSE
2021,451,-17.419001,47.54817,MDG.4_1,Mahajanga,MDG.4.1_1,Betsiboka,MDG.4.1.3_1,Tsaratanana,FALSE,24.646688449154432,TRUE,MDG.4.1_1,MDG.4.1.3_1,FALSE
2021,452,-17.571364,47.893188,MDG.4_1,Mahajanga,MDG.4.1_1,Betsiboka,MDG.4.1.3_1,Tsaratanana,FALSE,6.35967949348231,TRUE,MDG.4.1_1,MDG.4.1.3_1,FALSE
2021,453,-17.787795,47.922916,MDG.4_1,Mahajanga,MDG.4.1_1,Betsiboka,MDG.4.1.3_1,Tsaratanana,FALSE,2.9086746156659413,TRUE,MDG.4.1_1,MDG.4.1.3_1,TRUE
2021,454,-17.662045,47.560794,MDG.4_1,Mahajanga,MDG.4.1_1,Betsiboka,MDG.4.1.3_1,Tsaratanana,FALSE,17.334221582597316,TRUE,MDG.4.1_1,MDG.4.1.3_1,FALSE
2021,455,-17.517011,46.060794,MDG.4_1,Mahajanga,MDG.4.1_1,Betsiboka,MDG.4.1.1_1,Kandreho,FALSE,11.6096060775448,FALSE,MDG.4.1_1,MDG.4.1.1_1,FALSE
2021,456,-17.578133,46.237481,MDG.4_1,Mahajanga,MDG.4.1_1,Betsiboka,MDG.4.1.1_1,Kandreho,FALSE,3.5243344029408004,FALSE,MDG.4.1_1,MDG.4.1.1_1,TRUE
2021,457,-18.048827,44.03077,MDG.4_1,Mahajanga,MDG.4.3_1,Melaky,MDG.4.3.4_1,Maintirano,FALSE,1.5785160999225387,FALSE,MDG.4.3_1,MDG.4.3.4_1,TRUE
2021,458,-18.04959,44.038696,MDG.4_1,Mahajanga,MDG.4.3_1,Melaky,MDG.4.3.4_1,Maintirano,FALSE,2.391730839638561,FALSE,MDG.4.3_1,MDG.4.3.4_1,TRUE
2021,459,-18.063745,44.020583,MDG.4_1,Mahajanga,MDG.4.3_1,Melaky,MDG.4.3.4_1,Maintirano,FALSE,0.2969409362633808,FALSE,MDG.4.3_1,MDG.4.3.4_1,TRUE
2021,460,-17.252622,44.378336,MDG.4_1,Mahajanga,MDG.4.3_1,Melaky,MDG.4.3.4_1,Maintirano,FALSE,20.49107327590506,TRUE,MDG.4.3_1,MDG.4.3.4_1,FALSE
2021,461,-17.255359,44.114975,MDG.4_1,Mahajanga,MDG.4.3_1,Melaky,MDG.4.3.4_1,Maintirano,FALSE,2.7197327486266207,TRUE,MDG.4.3_1,MDG.4.3.4_1,TRUE
2021,462,-17.505942,44.323972,MDG.4_1,Mahajanga,MDG.4.3_1,Melaky,MDG.4.3.4_1,Maintirano,FALSE,23.238851300880263,TRUE,MDG.4.3_1,MDG.4.3.4_1,FALSE
2021,463,-17.511401,43.961995,MDG.4_1,Mahajanga,MDG.4.3_1,Melaky,MDG.4.3.4_1,Maintirano,FALSE,2.3229882453999395,TRUE,MDG.4.3_1,MDG.4.3.4_1,TRUE
2021,464,-17.590737,44.067314,MDG.4_1,Mahajanga,MDG.4.3_1,Melaky,MDG.4.3.4_1,Maintirano,FALSE,10.919069375403295,TRUE,MDG.4.3_1,MDG.4.3.4_1,FALSE
2021,465,-17.927231,44.101261,MDG.4_1,Mahajanga,MDG.4.3_1,Melaky,MDG.4.3.4_1,Maintirano,FALSE,7.699869315272099,TRUE,MDG.4.3_1,MDG.4.3.4_1,FALSE
2021,467,-18.226474,44.110453,MDG.4_1,Mahajanga,MDG.4.3_1,Melaky,MDG.4.3.4_1,Maintirano,FALSE,5.922421677594566,TRUE,MDG.4.3_1,MDG.4.3.4_1,FALSE
2021,468,-16.745099,44.487536,MDG.4_1,Mahajanga,MDG.4.3_1,Melaky,MDG.4.3.3_1,Besalampy,FALSE,7.4441614866276815,FALSE,MDG.4.3_1,MDG.4.3.3_1,FALSE
2021,469,-16.749494,44.846264,MDG.4_1,Mahajanga,MDG.4.3_1,Melaky,MDG.4.3.3_1,Besalampy,FALSE,31.046927513627143,TRUE,MDG.4.3_1,MDG.4.3.3_1,FALSE
2021,470,-16.387212,44.506679,MDG.4_1,Mahajanga,MDG.4.3_1,Melaky,MDG.4.3.3_1,Besalampy,FALSE,8.245032717174155,TRUE,MDG.4.3_1,MDG.4.3.3_1,FALSE
2021,471,-16.956554,45.153938,MDG.4_1,Mahajanga,MDG.4.3_1,Melaky,MDG.4.3.3_1,Besalampy,FALSE,18.672973534064884,TRUE,MDG.4.3_1,MDG.4.3.3_1,FALSE
2021,472,-16.353917,44.841181,MDG.4_1,Mahajanga,MDG.4.3_1,Melaky,MDG.4.3.3_1,Besalampy,FALSE,9.2993923189914,TRUE,MDG.4.3_1,MDG.4.3.3_1,FALSE
2021,474,-17.680749,45.64242,MDG.4_1,Mahajanga,MDG.4.3_1,Melaky,MDG.4.3.1_1,Ambatomainty,FALSE,24.248273687476765,TRUE,MDG.4.3_1,MDG.4.3.1_1,FALSE
2021,475,-17.593641,45.708318,MDG.4_1,Mahajanga,MDG.4.3_1,Melaky,MDG.4.3.1_1,Ambatomainty,FALSE,14.368238860021398,TRUE,MDG.4.3_1,MDG.4.3.1_1,FALSE
2021,476,-17.738804,45.611689,MDG.4_1,Mahajanga,MDG.4.3_1,Melaky,MDG.4.3.1_1,Ambatomainty,FALSE,24.62734136572928,TRUE,MDG.4.3_1,MDG.4.3.1_1,FALSE
2021,477,-17.776855,44.938158,MDG.4_1,Mahajanga,MDG.4.3_1,Melaky,MDG.4.3.5_1,Morafanobe,FALSE,25.154164339870505,TRUE,MDG.4.3_1,MDG.4.3.5_1,FALSE
2021,478,-17.697528,44.561774,MDG.4_1,Mahajanga,MDG.4.3_1,Melaky,MDG.4.3.5_1,Morafanobe,FALSE,0.6663403217727457,TRUE,MDG.4.3_1,MDG.4.3.5_1,TRUE
2021,479,-17.963693,45.364988,MDG.4_1,Mahajanga,MDG.4.3_1,Melaky,MDG.4.3.5_1,Morafanobe,FALSE,7.139362201561978,TRUE,MDG.4.3_1,MDG.4.3.5_1,FALSE
2021,480,-18.623714,44.625306,MDG.4_1,Mahajanga,MDG.4.3_1,Melaky,MDG.4.3.2_1,Antsalova,FALSE,25.117901901653486,FALSE,MDG.4.3_1,MDG.4.3.2_1,FALSE
2021,481,-18.81953,44.509533,MDG.4_1,Mahajanga,MDG.4.3_1,Melaky,MDG.4.3.2_1,Antsalova,FALSE,26.279876924801627,TRUE,MDG.4.3_1,MDG.4.3.2_1,FALSE
2021,482,-19.05997,44.363602,MDG.4_1,Mahajanga,MDG.4.3_1,Melaky,MDG.4.3.2_1,Antsalova,FALSE,9.212710120084495,TRUE,MDG.4.3_1,MDG.4.3.2_1,FALSE
2021,483,-19.129338,44.645893,MDG.4_1,Mahajanga,MDG.4.3_1,Melaky,MDG.4.3.2_1,Antsalova,FALSE,5.004737776679961,TRUE,MDG.4.3_1,MDG.4.3.2_1,FALSE
2021,484,-19.095096,44.749838,MDG.4_1,Mahajanga,MDG.4.3_1,Melaky,MDG.4.3.2_1,Antsalova,FALSE,10.36259388224204,FALSE,MDG.4.3_1,MDG.4.3.2_1,FALSE
2021,485,-23.355459,43.691311,MDG.6_1,Toliary,MDG.6.3_1,Atsimo-Andrefana,MDG.6.3.8_1,Toliary Urban,FALSE,2.244479074140031,FALSE,MDG.6.3_1,MDG.6.3.8_1,TRUE
2021,486,-23.365153,43.676345,MDG.6_1,Toliary,MDG.6.3_1,Atsimo-Andrefana,MDG.6.3.8_1,Toliary Urban,FALSE,0.41182366907125206,FALSE,MDG.6.3_1,MDG.6.3.8_1,TRUE
2021,487,-23.355724,43.705779,MDG.6_1,Toliary,MDG.6.3_1,Atsimo-Andrefana,MDG.6.3.8_1,Toliary Urban,FALSE,3.323742294336194,FALSE,MDG.6.3_1,MDG.6.3.8_1,TRUE
2021,488,-23.356641,43.702397,MDG.6_1,Toliary,MDG.6.3_1,Atsimo-Andrefana,MDG.6.3.8_1,Toliary Urban,FALSE,3.0604596893964944,FALSE,MDG.6.3_1,MDG.6.3.8_1,TRUE
2021,489,-21.618562,45.380028,MDG.6_1,Toliary,MDG.6.3_1,Atsimo-Andrefana,MDG.6.3.4_1,Beroroha,FALSE,7.908650652516839,TRUE,MDG.6.3_1,MDG.6.3.4_1,FALSE
2021,490,-22.063539,43.626813,MDG.6_1,Toliary,MDG.6.3_1,Atsimo-Andrefana,MDG.6.3.6_1,Morombe,FALSE,29.63821049160257,FALSE,MDG.6.3_1,MDG.6.3.6_1,FALSE
2021,491,-21.591296,43.661511,MDG.6_1,Toliary,MDG.6.3_1,Atsimo-Andrefana,MDG.6.3.6_1,Morombe,FALSE,7.068236219939082,TRUE,MDG.6.3_1,MDG.6.3.6_1,FALSE
2021,492,-22.098848,43.905828,MDG.6_1,Toliary,MDG.6.3_1,Atsimo-Andrefana,MDG.6.3.6_1,Morombe,FALSE,22.52800303385423,TRUE,MDG.6.3_1,MDG.6.3.6_1,FALSE
2021,493,-22.342989,44.451138,MDG.6_1,Toliary,MDG.6.3_1,Atsimo-Andrefana,MDG.6.3.2_1,Ankazoabo-Sud,FALSE,13.777585379950635,TRUE,MDG.6.3_1,MDG.6.3.2_1,FALSE
2021,494,-22.945613,44.522477,MDG.6_1,Toliary,MDG.6.3_1,Atsimo-Andrefana,MDG.6.3.7_1,Sakaraha,FALSE,26.22520413329359,FALSE,MDG.6.3_1,MDG.6.3.7_1,FALSE
2021,495,-22.862459,44.341075,MDG.6_1,Toliary,MDG.6.3_1,Atsimo-Andrefana,MDG.6.3.7_1,Sakaraha,FALSE,24.60591707082039,TRUE,MDG.6.3_1,MDG.6.3.7_1,FALSE
2021,496,-22.895497,44.956432,MDG.6_1,Toliary,MDG.6.3_1,Atsimo-Andrefana,MDG.6.3.7_1,Sakaraha,FALSE,3.516668111067732,FALSE,MDG.6.3_1,MDG.6.3.7_1,TRUE
2021,497,-22.650503,43.629298,MDG.6_1,Toliary,MDG.6.3_1,Atsimo-Andrefana,MDG.6.3.9_1,Toliary,FALSE,14.43732212943244,TRUE,MDG.6.3_1,MDG.6.3.9_1,FALSE
2021,498,-22.826852,43.374598,MDG.6_1,Toliary,MDG.6.3_1,Atsimo-Andrefana,MDG.6.3.9_1,Toliary,FALSE,0.9695159373995043,FALSE,MDG.6.3_1,MDG.6.3.9_1,TRUE
2021,499,-23.203265,43.6299,MDG.6_1,Toliary,MDG.6.3_1,Atsimo-Andrefana,MDG.6.3.9_1,Toliary,FALSE,0.8893441057602864,TRUE,MDG.6.3_1,MDG.6.3.9_1,TRUE
2021,500,-23.371507,43.754351,MDG.6_1,Toliary,MDG.6.3_1,Atsimo-Andrefana,MDG.6.3.9_1,Toliary,FALSE,0.5107507712635209,FALSE,MDG.6.3_1,MDG.6.3.9_1,TRUE
2021,501,-23.412298,43.765953,MDG.6_1,Toliary,MDG.6.3_1,Atsimo-Andrefana,MDG.6.3.9_1,Toliary,FALSE,2.385059418214755,FALSE,MDG.6.3_1,MDG.6.3.9_1,TRUE
2021,502,-23.503141,44.837921,MDG.6_1,Toliary,MDG.6.3_1,Atsimo-Andrefana,MDG.6.3.3_1,Benenitra,FALSE,0.6128851585081405,TRUE,MDG.6.3_1,MDG.6.3.3_1,TRUE
2021,503,-23.350058,44.239026,MDG.6_1,Toliary,MDG.6.3_1,Atsimo-Andrefana,MDG.6.3.5_1,Betioky-Sud,FALSE,5.289546535164869,TRUE,MDG.6.3_1,MDG.6.3.5_1,FALSE
2021,504,-23.554061,44.719277,MDG.6_1,Toliary,MDG.6.3_1,Atsimo-Andrefana,MDG.6.3.5_1,Betioky-Sud,FALSE,11.617228743994367,FALSE,MDG.6.3_1,MDG.6.3.5_1,FALSE
2021,505,-23.613227,44.61995,MDG.6_1,Toliary,MDG.6.3_1,Atsimo-Andrefana,MDG.6.3.5_1,Betioky-Sud,FALSE,23.42520046465949,FALSE,MDG.6.3_1,MDG.6.3.5_1,FALSE
2021,506,-23.865878,44.817726,MDG.6_1,Toliary,MDG.6.3_1,Atsimo-Andrefana,MDG.6.3.5_1,Betioky-Sud,FALSE,8.120659049903809,FALSE,MDG.6.3_1,MDG.6.3.5_1,FALSE
2021,507,-24.68925,44.797181,MDG.6_1,Toliary,MDG.6.3_1,Atsimo-Andrefana,MDG.6.3.1_1,Ampanihy,FALSE,20.512401076175042,FALSE,MDG.6.3_1,MDG.6.3.1_1,FALSE
2021,508,-24.071108,44.892095,MDG.6_1,Toliary,MDG.6.3_1,Atsimo-Andrefana,MDG.6.3.1_1,Ampanihy,FALSE,12.19993356265498,FALSE,MDG.6.3_1,MDG.6.3.1_1,FALSE
2021,509,-24.13878,44.493452,MDG.6_1,Toliary,MDG.6.3_1,Atsimo-Andrefana,MDG.6.3.1_1,Ampanihy,FALSE,9.520658387833455,FALSE,MDG.6.3_1,MDG.6.3.1_1,FALSE
2021,510,-24.377518,44.524253,MDG.6_1,Toliary,MDG.6.3_1,Atsimo-Andrefana,MDG.6.3.1_1,Ampanihy,FALSE,36.048560127004805,TRUE,MDG.6.3_1,MDG.6.3.1_1,FALSE
2021,511,-24.590102,44.705813,MDG.6_1,Toliary,MDG.6.3_1,Atsimo-Andrefana,MDG.6.3.1_1,Ampanihy,FALSE,34.26866885256731,TRUE,MDG.6.3_1,MDG.6.3.1_1,FALSE
2021,512,-24.619983,44.968458,MDG.6_1,Toliary,MDG.6.3_1,Atsimo-Andrefana,MDG.6.3.1_1,Ampanihy,FALSE,8.641383287830134,FALSE,MDG.6.3_1,MDG.6.3.1_1,FALSE
2021,513,-25.176901,46.075159,MDG.6_1,Toliary,MDG.6.1_1,Androy,MDG.6.1.1_1,Ambovombe-Androy,FALSE,9.92246039056772,FALSE,MDG.6.1_1,MDG.6.1.1_1,FALSE
2021,514,-25.180533,46.082596,MDG.6_1,Toliary,MDG.6.1_1,Androy,MDG.6.1.1_1,Ambovombe-Androy,FALSE,9.290561484729798,FALSE,MDG.6.1_1,MDG.6.1.1_1,FALSE
2021,515,-25.257321,46.01218,MDG.6_1,Toliary,MDG.6.1_1,Androy,MDG.6.1.1_1,Ambovombe-Androy,FALSE,4.162397284332932,FALSE,MDG.6.1_1,MDG.6.1.1_1,TRUE
2021,516,-25.075182,46.198293,MDG.6_1,Toliary,MDG.6.1_1,Androy,MDG.6.1.1_1,Ambovombe-Androy,FALSE,3.2273274151659663,TRUE,MDG.6.1_1,MDG.6.1.1_1,TRUE
2021,517,-25.216029,46.119041,MDG.6_1,Toliary,MDG.6.1_1,Androy,MDG.6.1.1_1,Ambovombe-Androy,FALSE,4.288894122701559,FALSE,MDG.6.1_1,MDG.6.1.1_1,TRUE
2021,518,-24.556957,45.604539,MDG.6_1,Toliary,MDG.6.1_1,Androy,MDG.6.1.1_1,Ambovombe-Androy,FALSE,5.635770635765951,FALSE,MDG.6.1_1,MDG.6.1.1_1,FALSE
2021,519,-24.778835,45.39324,MDG.6_1,Toliary,MDG.6.1_1,Androy,MDG.6.1.1_1,Ambovombe-Androy,FALSE,1.2237389760404562,FALSE,MDG.6.1_1,MDG.6.1.1_1,TRUE
2021,520,-24.645899,45.902467,MDG.6_1,Toliary,MDG.6.1_1,Androy,MDG.6.1.1_1,Ambovombe-Androy,FALSE,2.5834539251021824,TRUE,MDG.6.1_1,MDG.6.1.1_1,TRUE
2021,521,-24.693322,45.756232,MDG.6_1,Toliary,MDG.6.1_1,Androy,MDG.6.1.1_1,Ambovombe-Androy,FALSE,18.22778586731815,TRUE,MDG.6.1_1,MDG.6.1.1_1,FALSE
2021,522,-25.213748,45.847634,MDG.6_1,Toliary,MDG.6.1_1,Androy,MDG.6.1.1_1,Ambovombe-Androy,FALSE,6.213891039339588,FALSE,MDG.6.1_1,MDG.6.1.1_1,FALSE
2021,523,-25.115225,45.849905,MDG.6_1,Toliary,MDG.6.1_1,Androy,MDG.6.1.1_1,Ambovombe-Androy,FALSE,16.803099163351074,TRUE,MDG.6.1_1,MDG.6.1.1_1,FALSE
2021,524,-25.188576,46.017049,MDG.6_1,Toliary,MDG.6.1_1,Androy,MDG.6.1.1_1,Ambovombe-Androy,FALSE,10.883399850053545,FALSE,MDG.6.1_1,MDG.6.1.1_1,FALSE
2021,525,-24.235267,45.328766,MDG.6_1,Toliary,MDG.6.1_1,Androy,MDG.6.1.2_1,Bekily,FALSE,19.33150098453143,FALSE,MDG.6.1_1,MDG.6.1.2_1,FALSE
2021,526,-24.097805,45.217595,MDG.6_1,Toliary,MDG.6.1_1,Androy,MDG.6.1.2_1,Bekily,FALSE,6.886958701494206,FALSE,MDG.6.1_1,MDG.6.1.2_1,FALSE
2021,527,-24.178006,45.734652,MDG.6_1,Toliary,MDG.6.1_1,Androy,MDG.6.1.2_1,Bekily,FALSE,4.612733469180775,FALSE,MDG.6.1_1,MDG.6.1.2_1,TRUE
2021,528,-24.151253,45.37387,MDG.6_1,Toliary,MDG.6.1_1,Androy,MDG.6.1.2_1,Bekily,FALSE,21.739982350003075,FALSE,MDG.6.1_1,MDG.6.1.2_1,FALSE
2021,529,-24.336557,45.220666,MDG.6_1,Toliary,MDG.6.1_1,Androy,MDG.6.1.2_1,Bekily,FALSE,16.101351896460734,FALSE,MDG.6.1_1,MDG.6.1.2_1,FALSE
2021,530,-24.463444,45.338417,MDG.6_1,Toliary,MDG.6.1_1,Androy,MDG.6.1.2_1,Bekily,FALSE,19.833106747064473,FALSE,MDG.6.1_1,MDG.6.1.2_1,FALSE
2021,531,-24.416587,45.44356,MDG.6_1,Toliary,MDG.6.1_1,Androy,MDG.6.1.2_1,Bekily,FALSE,15.93084882704333,FALSE,MDG.6.1_1,MDG.6.1.2_1,FALSE
2021,532,-25.089907,44.900859,MDG.6_1,Toliary,MDG.6.1_1,Androy,MDG.6.1.3_1,Beloha,FALSE,18.225778863167257,FALSE,MDG.6.1_1,MDG.6.1.3_1,FALSE
2021,533,-24.783459,45.060022,MDG.6_1,Toliary,MDG.6.1_1,Androy,MDG.6.1.3_1,Beloha,FALSE,3.3020595485167394,TRUE,MDG.6.1_1,MDG.6.1.3_1,TRUE
2021,534,-25.107268,45.267513,MDG.6_1,Toliary,MDG.6.1_1,Androy,MDG.6.1.3_1,Beloha,FALSE,3.475216695399931,TRUE,MDG.6.1_1,MDG.6.1.3_1,TRUE
2021,535,-25.196037,44.626278,MDG.6_1,Toliary,MDG.6.1_1,Androy,MDG.6.1.3_1,Beloha,FALSE,7.367207647797172,TRUE,MDG.6.1_1,MDG.6.1.3_1,FALSE
2021,536,-25.455649,44.994486,MDG.6_1,Toliary,MDG.6.1_1,Androy,MDG.6.1.3_1,Beloha,FALSE,2.9472452782515033,FALSE,MDG.6.1_1,MDG.6.1.3_1,TRUE
2021,537,-25.333877,45.593757,MDG.6_1,Toliary,MDG.6.1_1,Androy,MDG.6.1.4_1,Tsiombe,FALSE,13.793201109225821,FALSE,MDG.6.1_1,MDG.6.1.4_1,FALSE
2021,538,-25.375288,45.695025,MDG.6_1,Toliary,MDG.6.1_1,Androy,MDG.6.1.4_1,Tsiombe,FALSE,8.773152597556928,FALSE,MDG.6.1_1,MDG.6.1.4_1,FALSE
2021,539,-25.468912,45.65557,MDG.6_1,Toliary,MDG.6.1_1,Androy,MDG.6.1.4_1,Tsiombe,FALSE,3.718721279587361,FALSE,MDG.6.1_1,MDG.6.1.4_1,TRUE
2021,540,-25.554804,45.540276,MDG.6_1,Toliary,MDG.6.1_1,Androy,MDG.6.1.4_1,Tsiombe,FALSE,1.0184888305293769,FALSE,MDG.6.1_1,MDG.6.1.4_1,TRUE
2021,541,-25.016416,46.98345,MDG.6_1,Toliary,MDG.6.2_1,Anosy,MDG.6.2.3_1,Taolagnaro,FALSE,0.7663557078603944,FALSE,MDG.6.2_1,MDG.6.2.3_1,TRUE
2021,542,-25.01474,46.979223,MDG.6_1,Toliary,MDG.6.2_1,Anosy,MDG.6.2.3_1,Taolagnaro,FALSE,1.2140055845240136,FALSE,MDG.6.2_1,MDG.6.2.3_1,TRUE
2021,543,-24.179729,47.22791,MDG.6_1,Toliary,MDG.6.2_1,Anosy,MDG.6.2.3_1,Taolagnaro,FALSE,14.014092444879726,TRUE,MDG.6.2_1,MDG.6.2.3_1,FALSE
2021,544,-24.404137,47.073896,MDG.6_1,Toliary,MDG.6.2_1,Anosy,MDG.6.2.3_1,Taolagnaro,FALSE,17.059312321608775,TRUE,MDG.6.2_1,MDG.6.2.3_1,FALSE
2021,545,-24.676217,46.934704,MDG.6_1,Toliary,MDG.6.2_1,Anosy,MDG.6.2.3_1,Taolagnaro,FALSE,20.179585291252074,FALSE,MDG.6.2_1,MDG.6.2.3_1,FALSE
2021,546,-24.746143,47.079685,MDG.6_1,Toliary,MDG.6.2_1,Anosy,MDG.6.2.3_1,Taolagnaro,FALSE,9.622164704011167,FALSE,MDG.6.2_1,MDG.6.2.3_1,FALSE
2021,547,-24.838441,46.857916,MDG.6_1,Toliary,MDG.6.2_1,Anosy,MDG.6.2.3_1,Taolagnaro,FALSE,21.60543585725068,FALSE,MDG.6.2_1,MDG.6.2.3_1,FALSE
2021,548,-24.963645,46.869356,MDG.6_1,Toliary,MDG.6.2_1,Anosy,MDG.6.2.3_1,Taolagnaro,FALSE,8.114960849708497,FALSE,MDG.6.2_1,MDG.6.2.3_1,FALSE
2021,549,-25.013431,46.758768,MDG.6_1,Toliary,MDG.6.2_1,Anosy,MDG.6.2.3_1,Taolagnaro,FALSE,11.227827054355812,FALSE,MDG.6.2_1,MDG.6.2.3_1,FALSE
2021,550,-25.092284,46.772639,MDG.6_1,Toliary,MDG.6.2_1,Anosy,MDG.6.2.3_1,Taolagnaro,FALSE,3.4248375726682436,FALSE,MDG.6.2_1,MDG.6.2.3_1,TRUE
2021,551,-25.161083,46.667775,MDG.6_1,Toliary,MDG.6.2_1,Anosy,MDG.6.2.3_1,Taolagnaro,FALSE,2.7516349860448295,FALSE,MDG.6.2_1,MDG.6.2.3_1,TRUE
2021,552,-23.25407,46.105596,MDG.6_1,Toliary,MDG.6.2_1,Anosy,MDG.6.2.2_1,Betroka,FALSE,27.95526765026111,FALSE,MDG.6.2_1,MDG.6.2.2_1,FALSE
2021,553,-22.894037,45.708657,MDG.6_1,Toliary,MDG.6.2_1,Anosy,MDG.6.2.2_1,Betroka,FALSE,16.569164098356325,TRUE,MDG.6.2_1,MDG.6.2.2_1,FALSE
2021,554,-23.029104,45.670294,MDG.6_1,Toliary,MDG.6.2_1,Anosy,MDG.6.2.2_1,Betroka,FALSE,28.398283929939367,FALSE,MDG.6.2_1,MDG.6.2.2_1,FALSE
2021,555,-23.274752,45.879636,MDG.6_1,Toliary,MDG.6.2_1,Anosy,MDG.6.2.2_1,Betroka,FALSE,50.052809003164604,FALSE,MDG.6.2_1,MDG.6.2.2_1,FALSE
2021,556,-23.511841,45.998938,MDG.6_1,Toliary,MDG.6.2_1,Anosy,MDG.6.2.2_1,Betroka,FALSE,41.61904980149009,FALSE,MDG.6.2_1,MDG.6.2.2_1,FALSE
2021,557,-23.544427,45.544545,MDG.6_1,Toliary,MDG.6.2_1,Anosy,MDG.6.2.2_1,Betroka,FALSE,6.586974673847006,FALSE,MDG.6.2_1,MDG.6.2.2_1,FALSE
2021,558,-23.820287,45.48035,MDG.6_1,Toliary,MDG.6.2_1,Anosy,MDG.6.2.2_1,Betroka,FALSE,1.172133267635633,FALSE,MDG.6.2_1,MDG.6.2.2_1,TRUE
2021,559,-24.137171,45.815546,MDG.6_1,Toliary,MDG.6.2_1,Anosy,MDG.6.2.2_1,Betroka,FALSE,0.2929138615323228,TRUE,MDG.6.2_1,MDG.6.2.2_1,TRUE
2021,560,-25.0338,46.499222,MDG.6_1,Toliary,MDG.6.2_1,Anosy,MDG.6.2.1_1,Amboasary-Sud,FALSE,2.865400678609365,FALSE,MDG.6.2_1,MDG.6.2.1_1,TRUE
2021,561,-25.086379,46.322876,MDG.6_1,Toliary,MDG.6.2_1,Anosy,MDG.6.2.1_1,Amboasary-Sud,FALSE,4.753880172290812,FALSE,MDG.6.2_1,MDG.6.2.1_1,TRUE
2021,562,-24.230481,46.331535,MDG.6_1,Toliary,MDG.6.2_1,Anosy,MDG.6.2.1_1,Amboasary-Sud,FALSE,36.508605803951866,TRUE,MDG.6.2_1,MDG.6.2.1_1,FALSE
2021,563,-24.348277,46.71881,MDG.6_1,Toliary,MDG.6.2_1,Anosy,MDG.6.2.1_1,Amboasary-Sud,FALSE,17.10990702957251,FALSE,MDG.6.2_1,MDG.6.2.1_1,FALSE
2021,564,-24.258182,45.956825,MDG.6_1,Toliary,MDG.6.2_1,Anosy,MDG.6.2.1_1,Amboasary-Sud,FALSE,7.027757301218999,FALSE,MDG.6.2_1,MDG.6.2.1_1,FALSE
2021,565,-24.637081,46.655034,MDG.6_1,Toliary,MDG.6.2_1,Anosy,MDG.6.2.1_1,Amboasary-Sud,FALSE,3.0876611794487334,FALSE,MDG.6.2_1,MDG.6.2.1_1,TRUE
2021,566,-24.600705,46.281854,MDG.6_1,Toliary,MDG.6.2_1,Anosy,MDG.6.2.1_1,Amboasary-Sud,FALSE,30.050904048897326,TRUE,MDG.6.2_1,MDG.6.2.1_1,FALSE
2021,567,-25.126779,46.426768,MDG.6_1,Toliary,MDG.6.2_1,Anosy,MDG.6.2.1_1,Amboasary-Sud,FALSE,5.398009943213826,FALSE,MDG.6.2_1,MDG.6.2.1_1,FALSE
2021,568,-20.304891,44.278636,MDG.6_1,Toliary,MDG.6.4_1,Menabe,MDG.6.4.5_1,Morondava,FALSE,0.442528642922125,FALSE,MDG.6.4_1,MDG.6.4.5_1,TRUE
2021,569,-20.296946,44.27418,MDG.6_1,Toliary,MDG.6.4_1,Menabe,MDG.6.4.5_1,Morondava,FALSE,0.577193162944318,FALSE,MDG.6.4_1,MDG.6.4.5_1,TRUE
2021,570,-20.324191,44.268466,MDG.6_1,Toliary,MDG.6.4_1,Menabe,MDG.6.4.5_1,Morondava,FALSE,1.0358539742541337,FALSE,MDG.6.4_1,MDG.6.4.5_1,TRUE
2021,571,-20.259473,44.320543,MDG.6_1,Toliary,MDG.6.4_1,Menabe,MDG.6.4.5_1,Morondava,FALSE,2.259013430452445,FALSE,MDG.6.4_1,MDG.6.4.5_1,TRUE
2021,572,-20.462531,44.35146,MDG.6_1,Toliary,MDG.6.4_1,Menabe,MDG.6.4.5_1,Morondava,FALSE,13.539115933332313,TRUE,MDG.6.4_1,MDG.6.4.5_1,FALSE
2021,573,-20.487442,44.434319,MDG.6_1,Toliary,MDG.6.4_1,Menabe,MDG.6.4.5_1,Morondava,FALSE,5.734908664633923,TRUE,MDG.6.4_1,MDG.6.4.5_1,FALSE
2021,574,-18.357641,45.079665,MDG.6_1,Toliary,MDG.6.4_1,Menabe,MDG.6.4.4_1,Miandrivazo,FALSE,10.986751465787897,TRUE,MDG.6.4_1,MDG.6.4.4_1,FALSE
2021,576,-19.575792,45.434894,MDG.6_1,Toliary,MDG.6.4_1,Menabe,MDG.6.4.4_1,Miandrivazo,FALSE,17.81003217636729,FALSE,MDG.6.4_1,MDG.6.4.4_1,FALSE
2021,577,-19.73759,45.436515,MDG.6_1,Toliary,MDG.6.4_1,Menabe,MDG.6.4.4_1,Miandrivazo,FALSE,16.669383554109565,FALSE,MDG.6.4_1,MDG.6.4.4_1,FALSE
2021,578,-20.024241,45.526417,MDG.6_1,Toliary,MDG.6.4_1,Menabe,MDG.6.4.4_1,Miandrivazo,FALSE,13.31906134958994,TRUE,MDG.6.4_1,MDG.6.4.4_1,FALSE
2021,579,-19.564538,44.457553,MDG.6_1,Toliary,MDG.6.4_1,Menabe,MDG.6.4.1_1,Belon-i Tsiribihina,FALSE,0.7672054306726738,FALSE,MDG.6.4_1,MDG.6.4.1_1,TRUE
2021,580,-19.267524,44.436366,MDG.6_1,Toliary,MDG.6.4_1,Menabe,MDG.6.4.1_1,Belon-i Tsiribihina,FALSE,8.205767414246125,TRUE,MDG.6.4_1,MDG.6.4.1_1,FALSE
2021,581,-19.643167,44.747469,MDG.6_1,Toliary,MDG.6.4_1,Menabe,MDG.6.4.1_1,Belon-i Tsiribihina,FALSE,25.2488502944399,FALSE,MDG.6.4_1,MDG.6.4.1_1,FALSE
2021,582,-19.723013,44.738252,MDG.6_1,Toliary,MDG.6.4_1,Menabe,MDG.6.4.1_1,Belon-i Tsiribihina,FALSE,24.320688196847783,FALSE,MDG.6.4_1,MDG.6.4.1_1,FALSE
2021,583,-19.79735,45.104746,MDG.6_1,Toliary,MDG.6.4_1,Menabe,MDG.6.4.1_1,Belon-i Tsiribihina,FALSE,13.610552067678798,TRUE,MDG.6.4_1,MDG.6.4.1_1,FALSE
2021,584,-20.370658,44.66153,MDG.6_1,Toliary,MDG.6.4_1,Menabe,MDG.6.4.2_1,Mahabo,FALSE,5.768114061980021,FALSE,MDG.6.4_1,MDG.6.4.2_1,FALSE
2021,585,-20.240336,44.742922,MDG.6_1,Toliary,MDG.6.4_1,Menabe,MDG.6.4.2_1,Mahabo,FALSE,9.946735174203436,FALSE,MDG.6.4_1,MDG.6.4.2_1,FALSE
2021,586,-20.273891,44.600304,MDG.6_1,Toliary,MDG.6.4_1,Menabe,MDG.6.4.2_1,Mahabo,FALSE,2.1837091332992498,FALSE,MDG.6.4_1,MDG.6.4.2_1,TRUE
2021,587,-20.40612,44.830206,MDG.6_1,Toliary,MDG.6.4_1,Menabe,MDG.6.4.2_1,Mahabo,FALSE,23.358596687743646,TRUE,MDG.6.4_1,MDG.6.4.2_1,FALSE
2021,588,-20.620186,45.374561,MDG.6_1,Toliary,MDG.6.4_1,Menabe,MDG.6.4.2_1,Mahabo,FALSE,41.77061826911751,FALSE,MDG.6.4_1,MDG.6.4.2_1,FALSE
2021,589,-20.39259,45.701745,MDG.6_1,Toliary,MDG.6.4_1,Menabe,MDG.6.4.2_1,Mahabo,FALSE,11.575117259526353,FALSE,MDG.6.4_1,MDG.6.4.2_1,FALSE
2021,590,-20.912619,45.034611,MDG.6_1,Toliary,MDG.6.4_1,Menabe,MDG.6.4.2_1,Mahabo,FALSE,32.64150290797339,TRUE,MDG.6.4_1,MDG.6.4.2_1,FALSE
2021,591,-21.40869,44.386237,MDG.6_1,Toliary,MDG.6.4_1,Menabe,MDG.6.4.3_1,Manja,FALSE,30.935195828773285,FALSE,MDG.6.4_1,MDG.6.4.3_1,FALSE
2021,592,-21.031847,44.13733,MDG.6_1,Toliary,MDG.6.4_1,Menabe,MDG.6.4.3_1,Manja,FALSE,8.468423323283192,FALSE,MDG.6.4_1,MDG.6.4.3_1,FALSE
2021,593,-21.707878,43.924181,MDG.6_1,Toliary,MDG.6.4_1,Menabe,MDG.6.4.3_1,Manja,FALSE,11.775604554040335,TRUE,MDG.6.4_1,MDG.6.4.3_1,FALSE
2021,594,-21.341545,44.098291,MDG.6_1,Toliary,MDG.6.4_1,Menabe,MDG.6.4.3_1,Manja,FALSE,33.37442986707805,TRUE,MDG.6.4_1,MDG.6.4.3_1,FALSE
2021,595,-12.304137,49.279051,MDG.2_1,Antsiranana,MDG.2.1_1,Diana,MDG.2.1.3_1,Antsiranana Rural,FALSE,1.1855582437230823,FALSE,MDG.2.1_1,MDG.2.1.3_1,TRUE
2021,596,-12.278725,49.285766,MDG.2_1,Antsiranana,MDG.2.1_1,Diana,MDG.2.1.3_1,Antsiranana Rural,FALSE,0.18024308517480922,FALSE,MDG.2.1_1,MDG.2.1.3_1,TRUE
2021,597,-12.300163,49.284122000000004,MDG.2_1,Antsiranana,MDG.2.1_1,Diana,MDG.2.1.3_1,Antsiranana Rural,FALSE,1.4819285952920085,FALSE,MDG.2.1_1,MDG.2.1.3_1,TRUE
2021,598,-12.302928,49.288107,MDG.2_1,Antsiranana,MDG.2.1_1,Diana,MDG.2.1.3_1,Antsiranana Rural,FALSE,1.4940499972675805,FALSE,MDG.2.1_1,MDG.2.1.3_1,TRUE
2021,599,-12.297724,49.28668,MDG.2_1,Antsiranana,MDG.2.1_1,Diana,MDG.2.1.3_1,Antsiranana Rural,FALSE,1.6500890827210501,FALSE,MDG.2.1_1,MDG.2.1.3_1,TRUE
2021,600,-11.991017,49.255476,MDG.2_1,Antsiranana,MDG.2.1_1,Diana,MDG.2.1.3_1,Antsiranana Rural,FALSE,2.729714516970218,TRUE,MDG.2.1_1,MDG.2.1.3_1,TRUE
2021,601,-12.495983,49.212629,MDG.2_1,Antsiranana,MDG.2.1_1,Diana,MDG.2.1.3_1,Antsiranana Rural,FALSE,18.571632429162353,FALSE,MDG.2.1_1,MDG.2.1.3_1,FALSE
2021,602,-12.572433,49.316131,MDG.2_1,Antsiranana,MDG.2.1_1,Diana,MDG.2.1.3_1,Antsiranana Rural,FALSE,23.566004446203834,FALSE,MDG.2.1_1,MDG.2.1.3_1,FALSE
2021,603,-12.68194,49.306046,MDG.2_1,Antsiranana,MDG.2.1_1,Diana,MDG.2.1.3_1,Antsiranana Rural,FALSE,25.97013681968557,FALSE,MDG.2.1_1,MDG.2.1.3_1,FALSE
2021,604,-12.909612,49.302677,MDG.2_1,Antsiranana,MDG.2.1_1,Diana,MDG.2.1.3_1,Antsiranana Rural,FALSE,11.742560565358161,FALSE,MDG.2.1_1,MDG.2.1.3_1,FALSE
2021,605,-13.179184,49.060846,MDG.2_1,Antsiranana,MDG.2.1_1,Diana,MDG.2.1.2_1,Ambilobe,FALSE,23.48032354523546,FALSE,MDG.2.1_1,MDG.2.1.2_1,FALSE
2021,606,-13.19337,49.052409,MDG.2_1,Antsiranana,MDG.2.1_1,Diana,MDG.2.1.2_1,Ambilobe,FALSE,22.026801377831664,FALSE,MDG.2.1_1,MDG.2.1.2_1,FALSE
2021,607,-13.091669,49.009177,MDG.2_1,Antsiranana,MDG.2.1_1,Diana,MDG.2.1.2_1,Ambilobe,FALSE,14.500126716869984,FALSE,MDG.2.1_1,MDG.2.1.2_1,FALSE
2021,608,-13.093015,49.301644,MDG.2_1,Antsiranana,MDG.2.1_1,Diana,MDG.2.1.2_1,Ambilobe,FALSE,5.721773461121641,TRUE,MDG.2.1_1,MDG.2.1.2_1,FALSE
2021,609,-13.241427,49.188943,MDG.2_1,Antsiranana,MDG.2.1_1,Diana,MDG.2.1.2_1,Ambilobe,FALSE,22.573171116390565,TRUE,MDG.2.1_1,MDG.2.1.2_1,FALSE
2021,610,-13.169475,48.95344,MDG.2_1,Antsiranana,MDG.2.1_1,Diana,MDG.2.1.2_1,Ambilobe,FALSE,14.085200766824952,TRUE,MDG.2.1_1,MDG.2.1.2_1,FALSE
2021,611,-13.313708,48.869099,MDG.2_1,Antsiranana,MDG.2.1_1,Diana,MDG.2.1.2_1,Ambilobe,FALSE,4.59270926054123,TRUE,MDG.2.1_1,MDG.2.1.2_1,TRUE
2021,612,-13.503029,48.856966,MDG.2_1,Antsiranana,MDG.2.1_1,Diana,MDG.2.1.2_1,Ambilobe,FALSE,13.871664765709065,TRUE,MDG.2.1_1,MDG.2.1.2_1,FALSE
2021,613,-13.091409,48.987319,MDG.2_1,Antsiranana,MDG.2.1_1,Diana,MDG.2.1.2_1,Ambilobe,FALSE,13.142844340191289,FALSE,MDG.2.1_1,MDG.2.1.2_1,FALSE
2021,614,-13.391923,48.263653,MDG.2_1,Antsiranana,MDG.2.1_1,Diana,MDG.2.1.5_1,Nosibe,FALSE,1.3134718503808631,FALSE,MDG.2.1_1,MDG.2.1.5_1,TRUE
2021,615,-13.40058,48.275576,MDG.2_1,Antsiranana,MDG.2.1_1,Diana,MDG.2.1.5_1,Nosibe,FALSE,0.2877865082794031,FALSE,MDG.2.1_1,MDG.2.1.5_1,TRUE
2021,616,-13.345164,48.193229,MDG.2_1,Antsiranana,MDG.2.1_1,Diana,MDG.2.1.5_1,Nosibe,FALSE,0.4907514116879406,FALSE,MDG.2.1_1,MDG.2.1.5_1,TRUE
2021,617,-13.384048,48.199574,MDG.2_1,Antsiranana,MDG.2.1_1,Diana,MDG.2.1.5_1,Nosibe,FALSE,0.5260679928805791,FALSE,MDG.2.1_1,MDG.2.1.5_1,TRUE
2021,618,-13.650318,48.450286,MDG.2_1,Antsiranana,MDG.2.1_1,Diana,MDG.2.1.1_1,Ambanja,FALSE,8.535381479886958,FALSE,MDG.2.1_1,MDG.2.1.1_1,FALSE
2021,619,-13.676053,48.456772,MDG.2_1,Antsiranana,MDG.2.1_1,Diana,MDG.2.1.1_1,Ambanja,FALSE,11.453205016613111,FALSE,MDG.2.1_1,MDG.2.1.1_1,FALSE
2021,620,-13.801541,48.15407,MDG.2_1,Antsiranana,MDG.2.1_1,Diana,MDG.2.1.1_1,Ambanja,FALSE,4.932342410082251,TRUE,MDG.2.1_1,MDG.2.1.1_1,TRUE
2021,621,-13.598604,48.360933,MDG.2_1,Antsiranana,MDG.2.1_1,Diana,MDG.2.1.1_1,Ambanja,FALSE,0.7166422414345583,TRUE,MDG.2.1_1,MDG.2.1.1_1,TRUE
2021,622,-13.938265,48.062408,MDG.2_1,Antsiranana,MDG.2.1_1,Diana,MDG.2.1.1_1,Ambanja,FALSE,3.228491205377873,TRUE,MDG.2.1_1,MDG.2.1.1_1,TRUE
2021,623,-13.843909,48.072173,MDG.2_1,Antsiranana,MDG.2.1_1,Diana,MDG.2.1.1_1,Ambanja,FALSE,10.643671993342899,TRUE,MDG.2.1_1,MDG.2.1.1_1,FALSE
2021,624,-13.801666,48.32655,MDG.2_1,Antsiranana,MDG.2.1_1,Diana,MDG.2.1.1_1,Ambanja,FALSE,1.4255488344975886,TRUE,MDG.2.1_1,MDG.2.1.1_1,TRUE
2021,625,-14.035661,48.628577,MDG.2_1,Antsiranana,MDG.2.1_1,Diana,MDG.2.1.1_1,Ambanja,FALSE,19.042976679385184,TRUE,MDG.2.1_1,MDG.2.1.1_1,FALSE
2021,626,-14.275817,50.145212,MDG.2_1,Antsiranana,MDG.2.2_1,Sava,MDG.2.2.3_1,Sambava,FALSE,2.6703728883483757,FALSE,MDG.2.2_1,MDG.2.2.3_1,TRUE
2021,627,-14.250401,50.131305,MDG.2_1,Antsiranana,MDG.2.2_1,Sava,MDG.2.2.3_1,Sambava,FALSE,1.7702868722974257,FALSE,MDG.2.2_1,MDG.2.2.3_1,TRUE
2021,628,-13.897005,50.12559,MDG.2_1,Antsiranana,MDG.2.2_1,Sava,MDG.2.2.3_1,Sambava,FALSE,1.4328218217481654,TRUE,MDG.2.2_1,MDG.2.2.3_1,TRUE
2021,629,-14.065861,50.114236,MDG.2_1,Antsiranana,MDG.2.2_1,Sava,MDG.2.2.3_1,Sambava,FALSE,4.587941051142862,TRUE,MDG.2.2_1,MDG.2.2.3_1,TRUE
2021,630,-14.130027,49.805792,MDG.2_1,Antsiranana,MDG.2.2_1,Sava,MDG.2.2.3_1,Sambava,FALSE,5.789640619784305,TRUE,MDG.2.2_1,MDG.2.2.3_1,FALSE
2021,631,-14.073404,49.545845,MDG.2_1,Antsiranana,MDG.2.2_1,Sava,MDG.2.2.3_1,Sambava,FALSE,10.19937797698735,TRUE,MDG.2.2_1,MDG.2.2.3_1,FALSE
2021,632,-14.139084,49.811606,MDG.2_1,Antsiranana,MDG.2.2_1,Sava,MDG.2.2.3_1,Sambava,FALSE,5.580837699977391,TRUE,MDG.2.2_1,MDG.2.2.3_1,FALSE
2021,633,-14.330985,49.957159,MDG.2_1,Antsiranana,MDG.2.2_1,Sava,MDG.2.2.3_1,Sambava,FALSE,18.264903985470077,FALSE,MDG.2.2_1,MDG.2.2.3_1,FALSE
2021,634,-14.330808,50.014326,MDG.2_1,Antsiranana,MDG.2.2_1,Sava,MDG.2.2.3_1,Sambava,FALSE,17.14490572168304,TRUE,MDG.2.2_1,MDG.2.2.3_1,FALSE
2021,635,-14.52054,49.864808,MDG.2_1,Antsiranana,MDG.2.2_1,Sava,MDG.2.2.3_1,Sambava,FALSE,8.563412866521983,FALSE,MDG.2.2_1,MDG.2.2.3_1,FALSE
2021,636,-14.498757,50.051519,MDG.2_1,Antsiranana,MDG.2.2_1,Sava,MDG.2.2.3_1,Sambava,FALSE,2.8310551800640193,TRUE,MDG.2.2_1,MDG.2.2.3_1,TRUE
2021,637,-13.362163,49.999942,MDG.2_1,Antsiranana,MDG.2.2_1,Sava,MDG.2.2.4_1,Vohimarina (Iharana),FALSE,0.05561066183361132,FALSE,MDG.2.2_1,MDG.2.2.4_1,TRUE
2021,638,-12.861595,49.587646,MDG.2_1,Antsiranana,MDG.2.2_1,Sava,MDG.2.2.4_1,Vohimarina (Iharana),FALSE,3.888777509041839,FALSE,MDG.2.2_1,MDG.2.2.4_1,TRUE
2021,639,-13.478872,49.61356,MDG.2_1,Antsiranana,MDG.2.2_1,Sava,MDG.2.2.4_1,Vohimarina (Iharana),FALSE,25.701880363686758,TRUE,MDG.2.2_1,MDG.2.2.4_1,FALSE
2021,640,-13.696741,50.007425,MDG.2_1,Antsiranana,MDG.2.2_1,Sava,MDG.2.2.4_1,Vohimarina (Iharana),FALSE,8.006950508529638,TRUE,MDG.2.2_1,MDG.2.2.4_1,FALSE
2021,641,-13.753574,49.519022,MDG.2_1,Antsiranana,MDG.2.2_1,Sava,MDG.2.2.4_1,Vohimarina (Iharana),FALSE,12.851278643882685,TRUE,MDG.2.2_1,MDG.2.2.4_1,FALSE
2021,642,-13.829839,49.931593,MDG.2_1,Antsiranana,MDG.2.2_1,Sava,MDG.2.2.4_1,Vohimarina (Iharana),FALSE,6.174197051703867,TRUE,MDG.2.2_1,MDG.2.2.4_1,FALSE
2021,643,-13.926535,49.941145,MDG.2_1,Antsiranana,MDG.2.2_1,Sava,MDG.2.2.4_1,Vohimarina (Iharana),FALSE,3.2951948559254007,TRUE,MDG.2.2_1,MDG.2.2.4_1,TRUE
2021,644,-14.648403,49.65891,MDG.2_1,Antsiranana,MDG.2.2_1,Sava,MDG.2.2.1_1,Andapa,FALSE,14.59766817662384,FALSE,MDG.2.2_1,MDG.2.2.1_1,FALSE
2021,645,-14.364413,49.501608,MDG.2_1,Antsiranana,MDG.2.2_1,Sava,MDG.2.2.1_1,Andapa,FALSE,13.408069561651114,FALSE,MDG.2.2_1,MDG.2.2.1_1,FALSE
2021,646,-14.577358,49.624838,MDG.2_1,Antsiranana,MDG.2.2_1,Sava,MDG.2.2.1_1,Andapa,FALSE,9.080572697481202,FALSE,MDG.2.2_1,MDG.2.2.1_1,FALSE
2021,647,-14.570323,49.54721,MDG.2_1,Antsiranana,MDG.2.2_1,Sava,MDG.2.2.1_1,Andapa,FALSE,14.743738246074502,FALSE,MDG.2.2_1,MDG.2.2.1_1,FALSE
2021,648,-14.628599,49.553569,MDG.2_1,Antsiranana,MDG.2.2_1,Sava,MDG.2.2.1_1,Andapa,FALSE,14.898308454551994,FALSE,MDG.2.2_1,MDG.2.2.1_1,FALSE
2021,649,-14.820468,49.811827,MDG.2_1,Antsiranana,MDG.2.2_1,Sava,MDG.2.2.1_1,Andapa,FALSE,6.7474590812485165,FALSE,MDG.2.2_1,MDG.2.2.1_1,FALSE
2021,650,-14.874666,50.223929,MDG.2_1,Antsiranana,MDG.2.2_1,Sava,MDG.2.2.2_1,Antalaha,FALSE,4.32286381973535,FALSE,MDG.2.2_1,MDG.2.2.2_1,TRUE
2021,651,-14.918725,50.265822,MDG.2_1,Antsiranana,MDG.2.2_1,Sava,MDG.2.2.2_1,Antalaha,FALSE,2.5562441787044206,FALSE,MDG.2.2_1,MDG.2.2.2_1,TRUE
2021,652,-14.969323,50.300383,MDG.2_1,Antsiranana,MDG.2.2_1,Sava,MDG.2.2.2_1,Antalaha,FALSE,2.1209190426650975,FALSE,MDG.2.2_1,MDG.2.2.2_1,TRUE
2021,653,-14.588654,50.125889,MDG.2_1,Antsiranana,MDG.2.2_1,Sava,MDG.2.2.2_1,Antalaha,FALSE,0.5135307654381934,TRUE,MDG.2.2_1,MDG.2.2.2_1,TRUE
2021,654,-14.814995,50.031688,MDG.2_1,Antsiranana,MDG.2.2_1,Sava,MDG.2.2.2_1,Antalaha,FALSE,15.859168222570878,TRUE,MDG.2.2_1,MDG.2.2.2_1,FALSE
2021,655,-14.980124,50.174414,MDG.2_1,Antsiranana,MDG.2.2_1,Sava,MDG.2.2.2_1,Antalaha,FALSE,13.878758007905875,TRUE,MDG.2.2_1,MDG.2.2.2_1,FALSE
2021,656,-15.179514,49.960083,MDG.2_1,Antsiranana,MDG.2.2_1,Sava,MDG.2.2.2_1,Antalaha,FALSE,7.420942219586356,FALSE,MDG.2.2_1,MDG.2.2.2_1,FALSE
2021,657,-15.41811,50.360668,MDG.2_1,Antsiranana,MDG.2.2_1,Sava,MDG.2.2.2_1,Antalaha,FALSE,9.512947327217104,FALSE,MDG.2.2_1,MDG.2.2.2_1,FALSE
