DHSYEAR,DHSCLUST,GROUP,WDPAID,STATUS_YR,IUCN_CAT,dist_km,geometry
1997,1,Excluded,NA,NA,NA,NA,"c(47.5133201002799, -18.9200979760921)"
1997,2,Excluded,NA,NA,NA,NA,"c(47.5093977369685, -18.9027649415765)"
1997,3,Excluded,NA,NA,NA,NA,"c(47.5014116719212, -18.9032875455453)"
1997,4,Excluded,NA,NA,NA,NA,"c(47.51720134614, -18.890959079341)"
1997,5,Excluded,NA,NA,NA,NA,"c(47.5471860996221, -18.8816678160028)"
1997,7,Excluded,NA,NA,NA,NA,"c(47.5130576355827, -18.883719093116)"
1997,8,Excluded,NA,NA,NA,NA,"c(47.5175773307506, -18.9361647603031)"
1997,9,Excluded,NA,NA,NA,NA,"c(47.522718428607, -18.9252996071624)"
1997,10,Excluded,NA,NA,NA,NA,"c(47.518389657646, -18.9363626237867)"
1997,11,Excluded,NA,NA,NA,NA,"c(47.5174965334282, -18.8666829879771)"
1997,12,Excluded,NA,NA,NA,NA,"c(47.5563866868285, -18.9039071274818)"
1997,13,Excluded,NA,NA,NA,NA,"c(47.4897731641427, -18.8602319436948)"
1997,14,Excluded,NA,NA,NA,NA,"c(47.5066718664983, -18.8743824734333)"
1997,15,Excluded,NA,NA,NA,NA,"c(47.5104795567283, -18.9070145153469)"
1997,16,Excluded,NA,NA,NA,NA,"c(47.5223741836278, -18.9350428248625)"
1997,17,Excluded,NA,NA,NA,NA,"c(47.5534997342517, -18.918123673715)"
1997,18,Excluded,NA,NA,NA,NA,"c(47.5173352883283, -18.8896472655007)"
1997,19,Excluded,NA,NA,NA,NA,"c(47.5078326970992, -18.9287284472456)"
1997,20,Excluded,NA,NA,NA,NA,"c(47.516481225079, -18.8834890077239)"
1997,21,Excluded,NA,NA,NA,NA,"c(47.5222309452659, -18.8929372122753)"
1997,22,Excluded,NA,NA,NA,NA,"c(47.5627984326363, -18.9035259458758)"
1997,23,Excluded,NA,NA,NA,NA,"c(48.0025222285901, -19.0047274016541)"
1997,24,Excluded,NA,NA,NA,NA,"c(47.4913708066075, -18.8687963717336)"
1997,25,Excluded,NA,NA,NA,NA,"c(47.5006152896293, -18.8743693810764)"
1997,26,Excluded,NA,NA,NA,NA,"c(47.5044768375581, -18.8838125161149)"
1997,27,Excluded,NA,NA,NA,NA,"c(47.5213440004101, -18.9119110468947)"
1997,28,Excluded,NA,NA,NA,NA,"c(47.5312827300763, -18.9009624104657)"
1997,29,Excluded,NA,NA,NA,NA,"c(47.541957834597, -18.9268726929595)"
1997,30,Excluded,NA,NA,NA,NA,"c(47.5488019350084, -18.928756817844)"
1997,31,Excluded,NA,NA,NA,NA,"c(47.5245472335613, -18.894748734767)"
1997,32,Excluded,NA,NA,NA,NA,"c(47.535793322137, -18.8846299466324)"
1997,33,Excluded,NA,NA,NA,NA,"c(47.5427239212617, -18.8893032708189)"
1997,34,Excluded,NA,NA,NA,NA,"c(47.5199185329603, -18.9384479893449)"
1997,35,Excluded,NA,NA,NA,NA,"c(47.5459777895949, -18.8891562440756)"
1997,36,Excluded,NA,NA,NA,NA,"c(47.5222326946318, -18.873010099113)"
1997,37,Excluded,NA,NA,NA,NA,"c(47.5717328413733, -18.8787836874329)"
1997,38,Excluded,NA,NA,NA,NA,"c(47.5442379283616, -18.8934467487179)"
1997,39,Excluded,NA,NA,NA,NA,"c(47.5127566445202, -18.9055520126294)"
1997,40,Excluded,NA,NA,NA,NA,"c(47.5170720819057, -18.9128357163463)"
1997,41,Excluded,NA,NA,NA,NA,"c(47.5115545446139, -18.9071708563471)"
1997,42,Excluded,NA,NA,NA,NA,"c(47.5309350823637, -18.9200662033567)"
1997,43,Excluded,NA,NA,NA,NA,"c(47.5257885766862, -18.8919931628851)"
1997,44,Excluded,NA,NA,NA,NA,"c(47.5284869027503, -18.9245933999585)"
1997,45,Excluded,NA,NA,NA,NA,"c(47.5622102552026, -18.9163467586624)"
1997,46,Excluded,NA,NA,NA,NA,"c(47.5433536964623, -18.9046184903541)"
1997,47,Excluded,NA,NA,NA,NA,"c(47.5311604284204, -18.8975059539447)"
1997,48,Excluded,NA,NA,NA,NA,"c(47.520483064793, -18.8945043011779)"
1997,49,Excluded,NA,NA,NA,NA,"c(47.5353626837531, -18.8909522907053)"
1997,50,Excluded,NA,NA,NA,NA,"c(47.5211779117584, -18.9431792107884)"
1997,51,Excluded,NA,NA,NA,NA,"c(47.0005891072408, -19.9042752676771)"
1997,52,Excluded,NA,NA,NA,NA,"c(47.0472667126582, -19.8789571043851)"
1997,53,Excluded,NA,NA,NA,NA,"c(47.0249086357915, -19.8868217817679)"
1997,54,Excluded,NA,NA,NA,NA,"c(47.2169045084037, -19.0189147157683)"
1997,55,Excluded,NA,NA,NA,NA,"c(46.8576979429505, -19.8387475039005)"
1997,56,Excluded,NA,NA,NA,NA,"c(46.7671124429212, -19.0951766854272)"
1997,57,Excluded,NA,NA,NA,NA,"c(47.3175252552591, -19.7017239426408)"
1997,58,Excluded,NA,NA,NA,NA,"c(46.9714769998712, -19.392460670072)"
1997,59,Excluded,NA,NA,NA,NA,"c(47.4970649309716, -18.8160997923428)"
1997,60,Control,NA,NA,NA,NA,"c(47.6183695134789, -18.8611582306418)"
1997,61,Excluded,NA,NA,NA,NA,"c(47.5139812767059, -18.8035144630725)"
1997,62,Control,NA,NA,NA,NA,"c(47.3381744675209, -18.7370922740177)"
1997,63,Control,NA,NA,NA,NA,"c(47.0908894198179, -18.4127065416053)"
1997,64,Treatment,555697911,2013,VI,6.086932104107902,"c(47.2624873049569, -19.2441961034349)"
1997,65,Control,NA,NA,NA,NA,"c(47.3692107471528, -18.9506842749572)"
1997,66,Treatment,555697911,2013,VI,7.743888109768243,"c(47.3971699046117, -19.2707405038332)"
1997,67,Control,NA,NA,NA,NA,"c(47.8128203240479, -19.1417652782091)"
1997,68,Control,NA,NA,NA,NA,"c(47.6019742662487, -18.2852738310311)"
1997,69,Control,NA,NA,NA,NA,"c(46.9351274156805, -19.7177192848446)"
1997,70,Control,NA,NA,NA,NA,"c(46.524352682485, -19.5829042890157)"
1997,71,Control,NA,NA,NA,NA,"c(47.4943660528957, -19.4229614622055)"
1997,72,Control,NA,NA,NA,NA,"c(47.561542662403, -19.5773959682146)"
1997,73,Control,NA,NA,NA,NA,"c(46.4517450959318, -19.0589620834944)"
1997,74,Control,NA,NA,NA,NA,"c(45.8707253120248, -18.5639914639421)"
1997,75,Control,NA,NA,NA,NA,"c(46.7806172723119, -18.9621255405073)"
1997,76,Control,NA,NA,NA,NA,"c(46.7598513444648, -19.0479193343765)"
1997,77,Control,NA,NA,NA,NA,"c(47.4174530620597, -19.7514325009229)"
1997,78,Control,NA,NA,NA,NA,"c(47.5571447916426, -19.569224213058)"
1997,79,Control,NA,NA,NA,NA,"c(47.7481426693369, -19.2513539567756)"
1997,80,Control,NA,NA,NA,NA,"c(47.0276535838778, -19.2866447759207)"
1997,81,Excluded,NA,NA,NA,NA,"c(47.4929228594165, -18.9225062158827)"
1997,82,Excluded,NA,NA,NA,NA,"c(47.4579957429361, -18.9203456492506)"
1997,83,Control,NA,NA,NA,NA,"c(47.4975124098864, -19.0349648749957)"
1997,84,Control,NA,NA,NA,NA,"c(47.0675424180069, -19.7629454188847)"
1997,85,Control,NA,NA,NA,NA,"c(46.969504894521, -19.9258109225999)"
1997,86,Control,NA,NA,NA,NA,"c(47.2169075249389, -19.6216660961903)"
1997,87,Excluded,NA,NA,NA,NA,"c(47.1050609496817, -21.4993127236244)"
1997,88,Excluded,NA,NA,NA,NA,"c(47.1046702544844, -21.4719308496292)"
1997,89,Excluded,NA,NA,NA,NA,"c(46.7069197307145, -20.3010515269606)"
1997,90,Excluded,NA,NA,NA,NA,"c(47.3647812229678, -20.1440514816483)"
1997,91,Excluded,NA,NA,NA,NA,"c(48.517885044269, -20.5250634340372)"
1997,92,Excluded,NA,NA,NA,NA,"c(48.0240531484043, -22.1287116716689)"
1997,93,Excluded,NA,NA,NA,NA,"c(47.8171451347441, -22.8234768455035)"
1997,94,Excluded,NA,NA,NA,NA,"c(47.2777369080529, -22.7617888711829)"
1997,95,Control,NA,NA,NA,NA,"c(46.9132840762742, -20.4242076623049)"
1997,96,Control,NA,NA,NA,NA,"c(47.1108207149354, -21.0783068921432)"
1997,97,Control,NA,NA,NA,NA,"c(47.31238313255, -20.5998282144217)"
1997,98,Excluded,NA,NA,NA,NA,"c(47.5552689669339, -20.6898727784078)"
1997,99,Control,NA,NA,NA,NA,"c(47.363123203216, -20.4479608828277)"
1997,100,Excluded,NA,NA,NA,NA,"c(46.9695514309751, -21.9975480703723)"
1997,101,Excluded,NA,NA,NA,NA,"c(47.1188209651049, -21.984145115741)"
1997,102,Treatment,555697917,2015,II,8.382747893116933,"c(47.7280667213417, -20.6604005069358)"
1997,103,Control,NA,NA,NA,NA,"c(48.3316179676757, -20.4907553361582)"
1997,104,Control,NA,NA,NA,NA,"c(48.2153356928413, -20.8012221937569)"
1997,105,Control,NA,NA,NA,NA,"c(47.0325248508438, -21.122229623424)"
1997,106,Control,NA,NA,NA,NA,"c(48.2726669546736, -21.2258165569478)"
1997,107,Control,NA,NA,NA,NA,"c(47.0006411947185, -21.0010013807843)"
1997,108,Control,NA,NA,NA,NA,"c(47.9599427464365, -22.0924924928264)"
1997,109,Control,NA,NA,NA,NA,"c(47.7032219922432, -22.1763484239282)"
1997,110,Excluded,NA,NA,NA,NA,"c(47.559506272778, -21.6315363685173)"
1997,111,Control,NA,NA,NA,NA,"c(47.8518966089352, -22.4028359163135)"
1997,112,Control,NA,NA,NA,NA,"c(47.730807477327, -22.7143634309412)"
1997,113,Control,NA,NA,NA,NA,"c(47.6780679357138, -22.8646501904818)"
1997,114,Control,NA,NA,NA,NA,"c(47.5188919897619, -23.2422663668224)"
1997,115,Excluded,NA,NA,NA,NA,"c(47.2744257036536, -23.4174155410863)"
1997,116,Control,NA,NA,NA,NA,"c(46.0064280317754, -22.6373008928806)"
1997,117,Excluded,NA,NA,NA,NA,"c(47.2850678356606, -22.4424036964518)"
1997,118,Control,NA,NA,NA,NA,"c(47.121713592747, -21.3620762840191)"
1997,119,Excluded,NA,NA,NA,NA,"c(47.2582953489781, -21.3020537857807)"
1997,120,Excluded,NA,NA,NA,NA,"c(47.3067378399094, -21.6342493858417)"
1997,121,Control,NA,NA,NA,NA,"c(47.0049302958741, -21.2397648450377)"
1997,122,Control,NA,NA,NA,NA,"c(46.772734831423, -22.7652015104453)"
1997,123,Excluded,NA,NA,NA,NA,"c(49.406860256229, -18.1685114296743)"
1997,124,Excluded,NA,NA,NA,NA,"c(49.3863579196465, -18.1508993719731)"
1997,125,Excluded,NA,NA,NA,NA,"c(49.4002968604134, -18.1353845089796)"
1997,126,Excluded,NA,NA,NA,NA,"c(49.3982797846171, -18.1377621786848)"
1997,127,Excluded,NA,NA,NA,NA,"c(49.7448234039995, -15.4427440986539)"
1997,128,Excluded,NA,NA,NA,NA,"c(49.7348043565254, -16.1986324401725)"
1997,129,Excluded,NA,NA,NA,NA,"c(49.0708239828966, -18.8115570985517)"
1997,130,Excluded,NA,NA,NA,NA,"c(48.7435121237987, -19.9588515525207)"
1997,131,Excluded,NA,NA,NA,NA,"c(48.2541040557043, -17.4970252272151)"
1997,132,Excluded,NA,NA,NA,NA,"c(48.4366609640723, -17.8178388957232)"
1997,133,Excluded,NA,NA,NA,NA,"c(49.1529831552695, -17.4340203684372)"
1997,134,Excluded,NA,NA,NA,NA,"c(48.21663288371, -18.9475500092078)"
1997,135,Control,NA,NA,NA,NA,"c(49.6856848173742, -15.3394639376527)"
1997,136,Excluded,NA,NA,NA,NA,"c(49.8311492949081, -15.3498057085568)"
1997,137,Control,NA,NA,NA,NA,"c(49.587593079054, -15.5993952829445)"
1997,138,Excluded,NA,NA,NA,NA,"c(49.8077141440387, -16.3393861839754)"
1997,139,Excluded,NA,NA,NA,NA,"c(49.3341905201052, -17.247619524707)"
1997,140,Control,NA,NA,NA,NA,"c(49.2114016161905, -17.2758438621481)"
1997,141,Control,NA,NA,NA,NA,"c(49.3777080494711, -16.9942359196288)"
1997,142,Excluded,NA,NA,NA,NA,"c(48.8186692049158, -18.6486616489769)"
1997,143,Excluded,NA,NA,NA,NA,"c(48.5966995660906, -18.7970781857018)"
1997,144,Control,NA,NA,NA,NA,"c(48.7917463798881, -19.525120667262)"
1997,145,Control,NA,NA,NA,NA,"c(48.7673160189151, -20.0019623478765)"
1997,146,Excluded,NA,NA,NA,NA,"c(49.3039934191748, -17.8648929250541)"
1997,147,Control,NA,NA,NA,NA,"c(49.3605782528127, -18.0369462052106)"
1997,148,Treatment,555542728,2010,V,0,"c(47.8970631746355, -20.3466521601758)"
1997,149,Excluded,NA,NA,NA,NA,"c(49.2313799207391, -17.9382960540294)"
1997,150,Control,NA,NA,NA,NA,"c(49.1765780318434, -17.7643972986403)"
1997,151,Control,NA,NA,NA,NA,"c(48.3355901037871, -19.6680210390857)"
1997,152,Excluded,NA,NA,NA,NA,"c(48.4441397029272, -17.406725174101)"
1997,153,Excluded,NA,NA,NA,NA,"c(48.4435779945072, -17.8125000080699)"
1997,154,Excluded,NA,NA,NA,NA,"c(48.5242031557938, -17.5897770793289)"
1997,155,Excluded,NA,NA,NA,NA,"c(48.7804619468027, -17.7603743806013)"
1997,156,Control,NA,NA,NA,NA,"c(48.1070751684522, -18.7043201510086)"
1997,157,Excluded,NA,NA,NA,NA,"c(48.3770162760831, -18.4673074890576)"
1997,158,Control,NA,NA,NA,NA,"c(49.123962252364, -17.3940388415601)"
1997,159,Control,NA,NA,NA,NA,"c(49.0161966348571, -17.3865221914658)"
1997,160,Treatment,555697885,2015,VI,3.4373537550666207,"c(48.2075887829501, -19.0134615762277)"
1997,161,Excluded,NA,NA,NA,NA,"c(46.32177604809, -15.7126639256599)"
1997,162,Excluded,NA,NA,NA,NA,"c(46.321100499899, -15.7107727492536)"
1997,163,Excluded,NA,NA,NA,NA,"c(46.3165726082429, -15.7087644235874)"
1997,164,Excluded,NA,NA,NA,NA,"c(46.6441149016474, -16.1256233858949)"
1997,165,Excluded,NA,NA,NA,NA,"c(45.4607180784548, -16.2712079413864)"
1997,166,Excluded,NA,NA,NA,NA,"c(46.6751316860946, -16.5473746837533)"
1997,167,Excluded,NA,NA,NA,NA,"c(47.658630512044, -16.7918648715614)"
1997,169,Excluded,NA,NA,NA,NA,"c(47.9867165892147, -14.8834038047586)"
1997,170,Excluded,NA,NA,NA,NA,"c(47.6509357849286, -16.0881149653139)"
1997,171,Control,NA,NA,NA,NA,"c(46.8563675744734, -16.5150463338864)"
1997,172,Control,NA,NA,NA,NA,"c(46.7881258999686, -16.9215562137658)"
1997,173,Control,NA,NA,NA,NA,"c(46.9313379480106, -17.6024280251333)"
1997,174,Control,NA,NA,NA,NA,"c(46.5264448814717, -16.5957710170374)"
1997,175,Control,NA,NA,NA,NA,"c(46.1061803650348, -16.7879822145979)"
1997,176,Excluded,NA,NA,NA,NA,"c(46.7219547122664, -16.1439226025631)"
1997,177,Excluded,NA,NA,NA,NA,"c(45.9670300821613, -15.9941490548363)"
1997,178,Excluded,NA,NA,NA,NA,"c(46.0334477614785, -16.0648888572871)"
1997,179,Control,NA,NA,NA,NA,"c(47.4998029598955, -16.9994972322838)"
1997,180,Excluded,NA,NA,NA,NA,"c(47.4946420748287, -15.8308948642702)"
1997,181,Control,NA,NA,NA,NA,"c(47.711330722006, -15.4871141838708)"
1997,182,Control,NA,NA,NA,NA,"c(48.7077761887338, -15.7842522609482)"
1997,183,Control,NA,NA,NA,NA,"c(49.081483522016, -15.908266321249)"
1997,184,Control,NA,NA,NA,NA,"c(48.3740085110162, -15.8279103915292)"
1997,185,Control,NA,NA,NA,NA,"c(48.7755792333726, -15.4434105861213)"
1997,186,Excluded,NA,NA,NA,NA,"c(47.5005329715962, -15.3860894438623)"
1997,187,Control,NA,NA,NA,NA,"c(47.3481485140699, -15.3294641159718)"
1997,188,Control,NA,NA,NA,NA,"c(48.4776611465042, -15.0114433480251)"
1997,189,Control,NA,NA,NA,NA,"c(48.7628613457044, -15.4177252196763)"
1997,190,Control,NA,NA,NA,NA,"c(47.8707630056376, -15.1899112982775)"
1997,191,Control,NA,NA,NA,NA,"c(48.0209537545491, -15.1393619269209)"
1997,192,Control,NA,NA,NA,NA,"c(48.5749887686352, -14.6062713948167)"
1997,193,Control,NA,NA,NA,NA,"c(46.644400188559, -15.7600276718577)"
1997,194,Control,NA,NA,NA,NA,"c(47.979764341861, -16.1436120458091)"
1997,195,Control,NA,NA,NA,NA,"c(45.2098729208102, -18.0221291500856)"
1997,196,Control,NA,NA,NA,NA,"c(47.6132264604976, -15.9689084287934)"
1997,197,Excluded,NA,NA,NA,NA,"c(43.68132049819, -23.3607967804803)"
1997,198,Excluded,NA,NA,NA,NA,"c(43.6674729637956, -23.3436091397423)"
1997,199,Excluded,NA,NA,NA,NA,"c(44.3417792878556, -21.4215091144535)"
1997,200,Excluded,NA,NA,NA,NA,"c(44.5801744158006, -22.3161813908275)"
1997,201,Excluded,NA,NA,NA,NA,"c(44.1028867574766, -23.805092998481)"
1997,202,Excluded,NA,NA,NA,NA,"c(44.2799203021325, -20.29515517098)"
1997,203,Excluded,NA,NA,NA,NA,"c(44.4898499620402, -19.6227900037431)"
1997,204,Excluded,NA,NA,NA,NA,"c(44.7242328078341, -22.9812441159887)"
1997,205,Excluded,NA,NA,NA,NA,"c(45.543482001861, -25.2843805840232)"
1997,206,Excluded,NA,NA,NA,NA,"c(46.9857420373806, -25.0279662868578)"
1997,207,Excluded,NA,NA,NA,NA,"c(46.0795610864212, -25.2341230086728)"
1997,208,Excluded,NA,NA,NA,NA,"c(46.3349370672425, -25.067114679947)"
1997,209,Excluded,NA,NA,NA,NA,"c(44.064854228349, -21.3380221283923)"
1997,210,Treatment,555697877,2008,V,0,"c(43.5884059603581, -21.3841646610596)"
1997,211,Treatment,555697877,2008,V,0,"c(43.9901307292444, -21.877582513125)"
1997,212,Control,NA,NA,NA,NA,"c(44.3351761150394, -23.7791459482762)"
1997,213,Control,NA,NA,NA,NA,"c(44.475929000907, -23.5018845806985)"
1997,214,Control,NA,NA,NA,NA,"c(44.9726392671011, -23.8910523686176)"
1997,215,Control,NA,NA,NA,NA,"c(44.383618872377, -24.5506296135458)"
1997,216,Control,NA,NA,NA,NA,"c(44.7535969134775, -24.1407655045903)"
1997,217,Excluded,NA,NA,NA,NA,"c(44.4751763929007, -20.3222784542429)"
1997,218,Control,NA,NA,NA,NA,"c(45.0230412687424, -20.675918315569)"
1997,219,Control,NA,NA,NA,NA,"c(44.8787715743522, -19.6968772761989)"
1997,220,Control,NA,NA,NA,NA,"c(45.0623181507599, -18.5296224606645)"
1997,221,Control,NA,NA,NA,NA,"c(45.1471917942222, -25.1855062543091)"
1997,222,Control,NA,NA,NA,NA,"c(45.1065731869742, -24.8176284012651)"
1997,223,Treatment,555697878,2008,VI,6.490469688974281,"c(46.8230818901576, -24.9393117608491)"
1997,224,Treatment,555697878,2008,VI,7.0410841572908724,"c(47.2155666635216, -24.6485210185129)"
1997,225,Treatment,555549452,2015,Not Reported,7.0477295896112535,"c(46.0118549896732, -25.1377697722139)"
1997,226,Control,NA,NA,NA,NA,"c(45.617871305907, -24.7281050061629)"
1997,227,Control,NA,NA,NA,NA,"c(46.0529543157894, -23.287525005386)"
1997,228,Control,NA,NA,NA,NA,"c(45.5708253119817, -23.5492015316801)"
1997,229,Control,NA,NA,NA,NA,"c(45.4473081705972, -23.8683340135352)"
1997,230,Control,NA,NA,NA,NA,"c(45.3347228066572, -24.5801381119388)"
1997,231,Excluded,NA,NA,NA,NA,"c(46.1619185520013, -24.8046194950638)"
1997,232,Control,NA,NA,NA,NA,"c(46.092276813423, -24.5454064946782)"
1997,233,Excluded,NA,NA,NA,NA,"c(43.9194379144528, -23.4236982332595)"
1997,234,Control,NA,NA,NA,NA,"c(44.2415917654896, -23.0960267989206)"
1997,235,Excluded,NA,NA,NA,NA,"c(49.2856537364605, -12.287487818566)"
1997,236,Excluded,NA,NA,NA,NA,"c(49.2828448848111, -12.3062615634265)"
1997,237,Excluded,NA,NA,NA,NA,"c(49.2934968979688, -12.2880040608363)"
1997,238,Excluded,NA,NA,NA,NA,"c(50.2620166108762, -14.8961882496864)"
1997,239,Excluded,NA,NA,NA,NA,"c(50.2809874012724, -14.9011179541002)"
1997,240,Excluded,NA,NA,NA,NA,"c(50.1354816086217, -14.2680536390521)"
1997,241,Excluded,NA,NA,NA,NA,"c(50.1013258182513, -14.3044625866447)"
1997,242,Excluded,NA,NA,NA,NA,"c(49.6552132251109, -14.6743481675921)"
1997,243,Excluded,NA,NA,NA,NA,"c(49.0473205817044, -13.2088841803531)"
1997,244,Excluded,NA,NA,NA,NA,"c(48.4626836404251, -13.6795047919846)"
1997,245,Control,NA,NA,NA,NA,"c(50.2732365279461, -15.1041750035332)"
1997,246,Control,NA,NA,NA,NA,"c(50.1445157232785, -15.0002346703199)"
1997,247,Excluded,NA,NA,NA,NA,"c(50.4496021408341, -15.2454396083127)"
1997,248,Excluded,NA,NA,NA,NA,"c(50.4577278283415, -15.2692850232822)"
1997,249,Excluded,NA,NA,NA,NA,"c(49.719574965411, -14.628952445546)"
1997,250,Excluded,NA,NA,NA,NA,"c(49.9374392740748, -14.3663371244991)"
1997,251,Excluded,NA,NA,NA,NA,"c(49.9033015283033, -14.3027542368317)"
1997,252,Treatment,555697893,2015,VI,4.712484418672408,"c(49.8644533168293, -14.1840598598783)"
1997,253,Control,NA,NA,NA,NA,"c(49.7936864323586, -14.0963584618597)"
1997,254,Excluded,NA,NA,NA,NA,"c(49.8000793890771, -14.5059340408128)"
1997,255,Control,NA,NA,NA,NA,"c(49.5705001701707, -14.0502112899908)"
1997,256,Excluded,NA,NA,NA,NA,"c(49.6325498344867, -14.4998494880851)"
1997,257,Excluded,NA,NA,NA,NA,"c(49.4761397796933, -14.6273811635778)"
1997,258,Excluded,NA,NA,NA,NA,"c(49.334835955774, -12.3587943794313)"
1997,259,Excluded,NA,NA,NA,NA,"c(49.1340441733127, -12.3903958033201)"
1997,260,Excluded,NA,NA,NA,NA,"c(49.0670689920387, -12.5646057152625)"
1997,261,Control,NA,NA,NA,NA,"c(49.9354854275826, -13.6426690875214)"
1997,262,Treatment,555697908,2015,V,0,"c(49.6682976739629, -13.0769100278601)"
1997,263,Control,NA,NA,NA,NA,"c(49.8797249883186, -13.7508177624548)"
1997,264,Control,NA,NA,NA,NA,"c(49.8917251009152, -13.9457654394968)"
1997,265,Control,NA,NA,NA,NA,"c(48.9908658754942, -13.1859183271468)"
1997,266,Treatment,5024,2015,IV,3.73076748705958,"c(49.0174630123846, -12.9229702267902)"
1997,267,Treatment,5024,2015,IV,8.797128008542082,"c(48.9767187060353, -13.0760643666922)"
1997,268,Control,NA,NA,NA,NA,"c(48.965028159201, -13.2589729108348)"
1997,269,Control,NA,NA,NA,NA,"c(48.3619419487028, -13.7456996116792)"
1997,270,Control,NA,NA,NA,NA,"c(48.5648341311176, -13.9284844817733)"
2008,1,Excluded,NA,NA,NA,NA,"c(47.5003554647269, -18.9088007137046)"
2008,2,Excluded,NA,NA,NA,NA,"c(47.4995294360542, -18.9093871746862)"
2008,3,Excluded,NA,NA,NA,NA,"c(47.5190780919738, -18.9044921585111)"
2008,4,Excluded,NA,NA,NA,NA,"c(47.5085628169558, -18.9191664505989)"
2008,5,Excluded,NA,NA,NA,NA,"c(47.4996783793481, -18.9235733350438)"
2008,6,Excluded,NA,NA,NA,NA,"c(47.5211117497163, -18.9113255722251)"
2008,7,Excluded,NA,NA,NA,NA,"c(47.5069639163431, -18.8881800161666)"
2008,8,Excluded,NA,NA,NA,NA,"c(47.5046287220669, -18.92390982457)"
2008,9,Excluded,NA,NA,NA,NA,"c(47.5243746451175, -18.9084966916821)"
2008,10,Excluded,NA,NA,NA,NA,"c(47.5280012156653, -18.9291316391598)"
2008,11,Excluded,NA,NA,NA,NA,"c(47.5320261890595, -18.9130034855782)"
2008,12,Excluded,NA,NA,NA,NA,"c(47.5531682223474, -18.9194111795393)"
2008,13,Excluded,NA,NA,NA,NA,"c(47.5354654656952, -18.9421635043142)"
2008,14,Excluded,NA,NA,NA,NA,"c(47.5579793866206, -18.9323300203341)"
2008,15,Excluded,NA,NA,NA,NA,"c(47.5524264127744, -18.9247052262691)"
2008,16,Excluded,NA,NA,NA,NA,"c(47.5271495355628, -18.9448088298886)"
2008,17,Excluded,NA,NA,NA,NA,"c(47.5702073480758, -18.905093262387)"
2008,18,Excluded,NA,NA,NA,NA,"c(47.542909273963, -18.9045983740834)"
2008,19,Excluded,NA,NA,NA,NA,"c(47.5433598646458, -18.9112355389702)"
2008,20,Excluded,NA,NA,NA,NA,"c(47.5321071868914, -18.8989401003734)"
2008,21,Excluded,NA,NA,NA,NA,"c(47.532144491962, -18.8981480451112)"
2008,22,Excluded,NA,NA,NA,NA,"c(47.5306177478662, -18.8800679885859)"
2008,23,Excluded,NA,NA,NA,NA,"c(47.527913222212, -18.8920214218058)"
2008,24,Excluded,NA,NA,NA,NA,"c(47.528864989055, -18.9101329608585)"
2008,25,Excluded,NA,NA,NA,NA,"c(47.4932806378468, -18.9162324498918)"
2008,26,Excluded,NA,NA,NA,NA,"c(47.510847574465, -18.9328706987413)"
2008,27,Excluded,NA,NA,NA,NA,"c(47.523910256963, -18.9294419216124)"
2008,28,Excluded,NA,NA,NA,NA,"c(47.5001122046258, -18.9320791026236)"
2008,29,Excluded,NA,NA,NA,NA,"c(47.5145126514089, -18.9414355140952)"
2008,30,Excluded,NA,NA,NA,NA,"c(47.5151910657058, -18.939383791607)"
2008,31,Excluded,NA,NA,NA,NA,"c(47.5038997213061, -18.9256827036939)"
2008,32,Excluded,NA,NA,NA,NA,"c(47.5323374839562, -18.9395610710905)"
2008,33,Excluded,NA,NA,NA,NA,"c(47.5287541021677, -18.9358665920553)"
2008,34,Excluded,NA,NA,NA,NA,"c(47.5348366229183, -18.8645366048035)"
2008,35,Excluded,NA,NA,NA,NA,"c(47.5244346352449, -18.8795678413132)"
2008,36,Excluded,NA,NA,NA,NA,"c(47.5265631241915, -18.8699361436974)"
2008,37,Excluded,NA,NA,NA,NA,"c(47.5559329976065, -18.87162051048)"
2008,38,Excluded,NA,NA,NA,NA,"c(47.5411322957278, -18.9012399978431)"
2008,40,Excluded,NA,NA,NA,NA,"c(47.529771852517, -18.900092531713)"
2008,41,Excluded,NA,NA,NA,NA,"c(47.5476363937796, -18.8967130516149)"
2008,42,Excluded,NA,NA,NA,NA,"c(47.5468261543475, -18.8862582362054)"
2008,43,Excluded,NA,NA,NA,NA,"c(47.5688010743735, -18.9060950748216)"
2008,44,Excluded,NA,NA,NA,NA,"c(47.55436163521, -18.9068706914724)"
2008,45,Excluded,NA,NA,NA,NA,"c(47.55034997899, -18.8975594588869)"
2008,48,Excluded,NA,NA,NA,NA,"c(47.480898994389, -18.8789640931123)"
2008,49,Excluded,NA,NA,NA,NA,"c(47.5034955136217, -18.8654928265087)"
2008,50,Excluded,NA,NA,NA,NA,"c(47.4981460761402, -18.8756142803205)"
2008,51,Control,NA,NA,NA,NA,"c(47.5690897966328, -18.9463974289351)"
2008,52,Excluded,NA,NA,NA,NA,"c(47.5692859701128, -18.8604357024489)"
2008,53,Excluded,NA,NA,NA,NA,"c(47.5575288134059, -18.9226715255874)"
2008,54,Control,NA,NA,NA,NA,"c(47.6435282306988, -18.9088768732169)"
2008,55,Control,NA,NA,NA,NA,"c(47.6877940927735, -19.022502831544)"
2008,56,Excluded,NA,NA,NA,NA,"c(47.4386602414494, -18.8159821051572)"
2008,57,Excluded,NA,NA,NA,NA,"c(47.5054146896371, -18.8196597224031)"
2008,58,Control,NA,NA,NA,NA,"c(47.3324659959585, -18.7576740784635)"
2008,59,Control,NA,NA,NA,NA,"c(47.4893747687487, -18.7005932303937)"
2008,60,Control,NA,NA,NA,NA,"c(47.1020350734988, -18.2879234638318)"
2008,61,Control,NA,NA,NA,NA,"c(47.3060960858009, -18.5326521500304)"
2008,62,Control,NA,NA,NA,NA,"c(47.8197121931654, -18.9178618929986)"
2008,63,Excluded,NA,NA,NA,NA,"c(47.8175849702492, -18.8291798540248)"
2008,64,Control,NA,NA,NA,NA,"c(47.832224902527, -19.1023993991846)"
2008,65,Control,NA,NA,NA,NA,"c(47.745395086997, -18.3909709737728)"
2008,66,Control,NA,NA,NA,NA,"c(47.6660891043634, -18.4950503618682)"
2008,67,Control,NA,NA,NA,NA,"c(47.6353634560248, -18.2067304028143)"
2008,68,Control,NA,NA,NA,NA,"c(47.5761412196929, -19.3072779026973)"
2008,69,Control,NA,NA,NA,NA,"c(47.859218804743, -19.284433166047)"
2008,70,Excluded,NA,NA,NA,NA,"c(47.475114517247, -18.9380833128831)"
2008,71,Control,NA,NA,NA,NA,"c(47.4529700836367, -18.9449439960119)"
2008,72,Excluded,NA,NA,NA,NA,"c(47.4665131031728, -18.8933334347143)"
2008,73,Control,NA,NA,NA,NA,"c(47.5330834237184, -19.0009148256117)"
2008,74,Control,NA,NA,NA,NA,"c(47.4501035672471, -18.9780831034743)"
2008,75,Control,NA,NA,NA,NA,"c(47.5742460551523, -18.9875451854762)"
2008,76,Excluded,NA,NA,NA,NA,"c(47.0044777315241, -19.8653004206009)"
2008,77,Excluded,NA,NA,NA,NA,"c(47.0293872664195, -19.8767972728156)"
2008,78,Excluded,NA,NA,NA,NA,"c(47.0350891872432, -19.8765171385542)"
2008,79,Excluded,NA,NA,NA,NA,"c(47.0272971262056, -19.9058361158978)"
2008,80,Excluded,NA,NA,NA,NA,"c(47.0163002049802, -19.8414254198437)"
2008,81,Excluded,NA,NA,NA,NA,"c(46.9858011095027, -19.867343235534)"
2008,82,Control,NA,NA,NA,NA,"c(46.8437725496044, -19.8118465685675)"
2008,83,Control,NA,NA,NA,NA,"c(46.7606693311306, -19.687980686629)"
2008,84,Control,NA,NA,NA,NA,"c(46.8816736050083, -20.1127251634563)"
2008,85,Control,NA,NA,NA,NA,"c(46.6397516255498, -20.2023974188695)"
2008,86,Treatment,555697911,2013,VI,1.4259953163234014,"c(47.3214026092031, -19.3937679612904)"
2008,87,Control,NA,NA,NA,NA,"c(47.5787992356155, -19.5384416763096)"
2008,88,Control,NA,NA,NA,NA,"c(47.2135691271406, -19.6008714183417)"
2008,89,Control,NA,NA,NA,NA,"c(47.2463550314804, -19.5229794710312)"
2008,90,Control,NA,NA,NA,NA,"c(47.3597163473469, -19.4780368978212)"
2008,91,Treatment,555697917,2015,II,3.645091567496225,"c(47.8540296979704, -19.7374862441189)"
2008,92,Control,NA,NA,NA,NA,"c(46.8035994575825, -19.3739123251633)"
2008,93,Control,NA,NA,NA,NA,"c(46.9805747246942, -19.2295593304242)"
2008,94,Control,NA,NA,NA,NA,"c(46.7899087505137, -19.4456875121576)"
2008,95,Control,NA,NA,NA,NA,"c(47.0279504022124, -19.7406622961071)"
2008,96,Control,NA,NA,NA,NA,"c(47.1645260571913, -19.8900688727031)"
2008,97,Control,NA,NA,NA,NA,"c(47.2652350647114, -19.9056986196799)"
2008,98,Control,NA,NA,NA,NA,"c(47.1649026941244, -19.600270068837)"
2008,99,Control,NA,NA,NA,NA,"c(46.3355986946528, -19.4710301486916)"
2008,100,Control,NA,NA,NA,NA,"c(46.512126423679, -19.6492491609936)"
2008,101,Excluded,NA,NA,NA,NA,"c(47.1738698430111, -18.9945504433525)"
2008,102,Excluded,NA,NA,NA,NA,"c(47.1821415126973, -19.0360012658617)"
2008,103,Control,NA,NA,NA,NA,"c(47.1508690272939, -19.0249112675122)"
2008,104,Control,NA,NA,NA,NA,"c(47.2359942656455, -19.1017441968203)"
2008,105,Control,NA,NA,NA,NA,"c(47.0635997154045, -19.0911031533199)"
2008,106,Control,NA,NA,NA,NA,"c(47.3372855888734, -18.9985584492442)"
2008,107,Control,NA,NA,NA,NA,"c(47.2894992448459, -18.9061344908768)"
2008,108,Control,NA,NA,NA,NA,"c(47.1508212818149, -19.245716258649)"
2008,109,Control,NA,NA,NA,NA,"c(47.0868276034895, -19.3044666665998)"
2008,110,Control,NA,NA,NA,NA,"c(47.3845255159569, -19.1047520743251)"
2008,111,Control,NA,NA,NA,NA,"c(47.2810092972841, -19.1959221217289)"
2008,112,Excluded,NA,NA,NA,NA,"c(46.8914448854791, -18.9450777399996)"
2008,113,Control,NA,NA,NA,NA,"c(46.9054720435496, -19.0145024559579)"
2008,114,Control,NA,NA,NA,NA,"c(46.8905297518375, -19.0329196613372)"
2008,115,Control,NA,NA,NA,NA,"c(46.9835171789886, -19.0193038032951)"
2008,117,Control,NA,NA,NA,NA,"c(46.932478392373, -19.094387491025)"
2008,118,Control,NA,NA,NA,NA,"c(46.7443769545614, -18.9333823088583)"
2008,119,Control,NA,NA,NA,NA,"c(47.0849492023257, -18.7819856288118)"
2008,120,Control,NA,NA,NA,NA,"c(46.7521530312559, -19.1026804292152)"
2008,121,Control,NA,NA,NA,NA,"c(46.695890600757, -19.1943274532481)"
2008,122,Control,NA,NA,NA,NA,"c(46.5911290580679, -19.1914396203941)"
2008,123,Control,NA,NA,NA,NA,"c(46.7162487451102, -19.04607615334)"
2008,124,Control,NA,NA,NA,NA,"c(46.5563697829276, -19.0244060116217)"
2008,125,Control,NA,NA,NA,NA,"c(46.447911525033, -19.334488852799)"
2008,126,Excluded,NA,NA,NA,NA,"c(46.0536806688718, -18.7667164970758)"
2008,127,Excluded,NA,NA,NA,NA,"c(46.0376910392477, -18.7620728457396)"
2008,128,Excluded,NA,NA,NA,NA,"c(46.0418597381705, -18.7637945828172)"
2008,129,Excluded,NA,NA,NA,NA,"c(46.0693258581498, -18.7749620275112)"
2008,130,Control,NA,NA,NA,NA,"c(45.9968781079712, -18.6013092957166)"
2008,131,Control,NA,NA,NA,NA,"c(45.9942179393808, -18.8533124436602)"
2008,132,Control,NA,NA,NA,NA,"c(46.1145156885902, -18.9725274704531)"
2008,133,Control,NA,NA,NA,NA,"c(46.2376592107001, -18.733761062338)"
2008,134,Control,NA,NA,NA,NA,"c(46.4393986980141, -19.0019094121363)"
2008,135,Control,NA,NA,NA,NA,"c(46.0948885550617, -18.5273211912553)"
2008,136,Control,NA,NA,NA,NA,"c(45.9953063090033, -18.9519656643683)"
2008,137,Control,NA,NA,NA,NA,"c(46.3119858710724, -18.5110574607718)"
2008,138,Control,NA,NA,NA,NA,"c(46.2875370184846, -19.0297030398617)"
2008,139,Control,NA,NA,NA,NA,"c(45.6870610766278, -18.9493513501882)"
2008,140,Control,NA,NA,NA,NA,"c(46.5064256840165, -18.7707050676064)"
2008,141,Control,NA,NA,NA,NA,"c(46.1686402664314, -19.105412329204)"
2008,142,Control,NA,NA,NA,NA,"c(46.366887, -19.15022)"
2008,143,Control,NA,NA,NA,NA,"c(46.0304713423782, -19.1382673532163)"
2008,144,Control,NA,NA,NA,NA,"c(46.2746632941779, -19.2117419281177)"
2008,145,Control,NA,NA,NA,NA,"c(46.5945949879236, -18.4471774958419)"
2008,146,Control,NA,NA,NA,NA,"c(46.8503285226572, -18.5219142342584)"
2008,147,Control,NA,NA,NA,NA,"c(46.8479768983148, -18.6163431385253)"
2008,148,Control,NA,NA,NA,NA,"c(47.0197530838713, -18.7259261445754)"
2008,149,Control,NA,NA,NA,NA,"c(46.0318077559029, -18.3753900935099)"
2008,150,Control,NA,NA,NA,NA,"c(46.3915208688011, -17.8743371498514)"
2008,151,Excluded,NA,NA,NA,NA,"c(47.0816511518505, -21.4530322217023)"
2008,152,Excluded,NA,NA,NA,NA,"c(47.0762867120234, -21.4626800633252)"
2008,153,Excluded,NA,NA,NA,NA,"c(47.1038452215976, -21.4394278977203)"
2008,154,Excluded,NA,NA,NA,NA,"c(47.1095411082875, -21.4540376092093)"
2008,155,Excluded,NA,NA,NA,NA,"c(47.1136235932634, -21.4414098174489)"
2008,156,Excluded,NA,NA,NA,NA,"c(47.0769981392048, -21.4160716527234)"
2008,157,Excluded,NA,NA,NA,NA,"c(46.9316354168402, -21.83446844794)"
2008,158,Control,NA,NA,NA,NA,"c(46.8332833183542, -21.7444153714497)"
2008,159,Control,NA,NA,NA,NA,"c(46.9950039428209, -21.8915031661535)"
2008,160,Control,NA,NA,NA,NA,"c(46.7013978720249, -21.8957109515634)"
2008,161,Control,NA,NA,NA,NA,"c(46.7242987611637, -22.0388872363586)"
2008,162,Excluded,NA,NA,NA,NA,"c(47.3062112318767, -21.1375203624352)"
2008,163,Control,NA,NA,NA,NA,"c(47.1684218681657, -20.942862446026)"
2008,164,Control,NA,NA,NA,NA,"c(47.0606659606871, -21.0544796420063)"
2008,167,Control,NA,NA,NA,NA,"c(47.1549909665352, -21.4925635784145)"
2008,168,Excluded,NA,NA,NA,NA,"c(47.2007798726202, -21.4085195564573)"
2008,169,Control,NA,NA,NA,NA,"c(47.0551283829082, -21.4165594491873)"
2008,170,Control,NA,NA,NA,NA,"c(47.204433903356, -21.3289860366985)"
2008,171,Excluded,NA,NA,NA,NA,"c(47.2805891019763, -21.6008031047618)"
2008,172,Excluded,NA,NA,NA,NA,"c(47.2978245921287, -21.3142070328727)"
2008,173,Control,NA,NA,NA,NA,"c(47.1879082971414, -21.6385349585354)"
2008,174,Control,NA,NA,NA,NA,"c(46.8815084470397, -21.2420738949746)"
2008,175,Excluded,NA,NA,NA,NA,"c(47.1670547063112, -21.7867068075297)"
2008,176,Control,NA,NA,NA,NA,"c(46.8588487740977, -20.5075666133819)"
2008,177,Excluded,NA,NA,NA,NA,"c(46.6791330852494, -20.651463587478)"
2008,178,Control,NA,NA,NA,NA,"c(46.9381399714601, -20.4035500701211)"
2008,179,Treatment,555697897,2008,V,5.803713403789521,"c(46.9543845503933, -20.2165592078646)"
2008,180,Control,NA,NA,NA,NA,"c(46.2238187072077, -20.6366852996814)"
2008,181,Excluded,NA,NA,NA,NA,"c(47.2440913149154, -20.5282992353745)"
2008,182,Excluded,NA,NA,NA,NA,"c(47.249639349757, -20.532405750115)"
2008,183,Excluded,NA,NA,NA,NA,"c(47.2340043592238, -20.5538562655155)"
2008,184,Control,NA,NA,NA,NA,"c(47.2669778640537, -20.5316297995139)"
2008,185,Control,NA,NA,NA,NA,"c(47.1753894772784, -20.5586417388115)"
2008,186,Control,NA,NA,NA,NA,"c(47.1194029535377, -20.4083314884431)"
2008,187,Control,NA,NA,NA,NA,"c(47.2978575860247, -20.5076337475409)"
2008,188,Control,NA,NA,NA,NA,"c(47.1825705541221, -20.7435894649575)"
2008,189,Control,NA,NA,NA,NA,"c(47.2060361528129, -20.8053866714568)"
2008,190,Treatment,555697897,2008,V,4.608720919546112,"c(47.0632548956056, -20.2225483769192)"
2008,191,Excluded,NA,NA,NA,NA,"c(47.580211, -20.722401)"
2008,192,Control,NA,NA,NA,NA,"c(47.4267153904929, -20.2504178631114)"
2008,193,Control,NA,NA,NA,NA,"c(47.3499371852019, -20.3286110730417)"
2008,194,Control,NA,NA,NA,NA,"c(47.4855241577459, -20.1930332246577)"
2008,195,Control,NA,NA,NA,NA,"c(47.2881528358303, -20.4124917186633)"
2008,196,Control,NA,NA,NA,NA,"c(47.511617706404, -20.2094348482561)"
2008,197,Control,NA,NA,NA,NA,"c(47.3496546270925, -20.4796840079715)"
2008,198,Control,NA,NA,NA,NA,"c(47.0731470978392, -20.7788054980653)"
2008,199,Control,NA,NA,NA,NA,"c(47.1227896679268, -20.8453700457262)"
2008,200,Control,NA,NA,NA,NA,"c(47.0066862428074, -20.7911690834877)"
2008,201,Excluded,NA,NA,NA,NA,"c(47.7034259991836, -21.3752478114476)"
2008,202,Control,NA,NA,NA,NA,"c(47.7599263278457, -21.5271757148629)"
2008,203,Control,NA,NA,NA,NA,"c(47.7112728833211, -20.7070076363493)"
2008,204,Control,NA,NA,NA,NA,"c(48.3454020965208, -20.7868733506883)"
2008,205,Control,NA,NA,NA,NA,"c(48.4470243192029, -20.6566849071296)"
2008,206,Treatment,555542728,2010,V,7.254981611754515,"c(48.172983472563, -20.3546272621485)"
2008,207,Treatment,555697917,2015,II,5.907703075566448,"c(47.8488578986009, -20.5859906943963)"
2008,208,Excluded,NA,NA,NA,NA,"c(48.3566971006682, -21.2294020684281)"
2008,209,Excluded,NA,NA,NA,NA,"c(48.3385728398183, -21.2422020985562)"
2008,210,Control,NA,NA,NA,NA,"c(48.1711442469976, -21.2772406557353)"
2008,211,Control,NA,NA,NA,NA,"c(48.3408036744743, -20.9273439987205)"
2008,212,Control,NA,NA,NA,NA,"c(47.8385529834894, -21.4802075105163)"
2008,213,Control,NA,NA,NA,NA,"c(47.8676883585843, -20.9403142923382)"
2008,214,Excluded,NA,NA,NA,NA,"c(48.0046497301299, -22.1455336885941)"
2008,215,Control,NA,NA,NA,NA,"c(47.9746221615391, -22.1364110086903)"
2008,216,Control,NA,NA,NA,NA,"c(47.7820971900372, -21.940467377605)"
2008,217,Control,NA,NA,NA,NA,"c(47.7848090132636, -22.1868777932352)"
2008,218,Control,NA,NA,NA,NA,"c(47.7357042885977, -22.0878592071194)"
2008,219,Control,NA,NA,NA,NA,"c(47.8843337419388, -21.7495822717667)"
2008,220,Control,NA,NA,NA,NA,"c(47.7858984345253, -21.9530133910056)"
2008,221,Excluded,NA,NA,NA,NA,"c(47.4765258217497, -21.7056860409572)"
2008,222,Control,NA,NA,NA,NA,"c(47.5559689183686, -22.2525908330016)"
2008,223,Excluded,NA,NA,NA,NA,"c(47.4038928787302, -22.1040749641453)"
2008,224,Control,NA,NA,NA,NA,"c(47.9206897575704, -22.4162725975136)"
2008,225,Control,NA,NA,NA,NA,"c(47.7617309505488, -22.3750604460338)"
2008,226,Excluded,NA,NA,NA,NA,"c(46.1137120524889, -22.3932868928485)"
2008,227,Excluded,NA,NA,NA,NA,"c(46.1196725946821, -22.3870023042462)"
2008,228,Excluded,NA,NA,NA,NA,"c(46.1511119092267, -22.4168223659124)"
2008,229,Excluded,NA,NA,NA,NA,"c(46.1095572620726, -22.4118641136849)"
2008,230,Control,NA,NA,NA,NA,"c(46.0730149369363, -22.3693362361099)"
2008,231,Control,NA,NA,NA,NA,"c(46.1024544425941, -22.4333766478878)"
2008,232,Control,NA,NA,NA,NA,"c(46.257525927561, -22.6827110378069)"
2008,233,Control,NA,NA,NA,NA,"c(46.1058885319979, -22.2820175025078)"
2008,234,Control,NA,NA,NA,NA,"c(45.6875791177315, -22.7196696691438)"
2008,235,Control,NA,NA,NA,NA,"c(46.3855620910446, -22.0331904912789)"
2008,236,Control,NA,NA,NA,NA,"c(46.4727133356529, -22.3564816395452)"
2008,237,Control,NA,NA,NA,NA,"c(45.7141054418748, -22.3044369122236)"
2008,238,Control,NA,NA,NA,NA,"c(46.4756043781859, -22.5427552415438)"
2008,239,Control,NA,NA,NA,NA,"c(45.5279992095336, -22.670120293242)"
2008,240,Excluded,NA,NA,NA,NA,"c(45.2506551456621, -22.6917128481377)"
2008,241,Control,NA,NA,NA,NA,"c(45.1148054297877, -22.7774657322206)"
2008,242,Control,NA,NA,NA,NA,"c(45.0790612225654, -22.8794160608001)"
2008,243,Excluded,NA,NA,NA,NA,"c(46.8868558722556, -22.4876313088844)"
2008,244,Treatment,555790169,2020,V,2.908209559752349,"c(46.6798830250467, -22.6100680004168)"
2008,245,Excluded,NA,NA,NA,NA,"c(46.8212468184495, -22.2516827318232)"
2008,246,Control,NA,NA,NA,NA,"c(46.893913041183, -22.7294789093158)"
2008,247,Excluded,NA,NA,NA,NA,"c(47.0751014130642, -22.5559226512712)"
2008,248,Control,NA,NA,NA,NA,"c(46.6487255942859, -23.1100889123857)"
2008,249,Control,NA,NA,NA,NA,"c(46.7654015511083, -22.7726933651209)"
2008,250,Excluded,NA,NA,NA,NA,"c(46.7214727957971, -23.2843830341728)"
2008,251,Excluded,NA,NA,NA,NA,"c(47.8344769273189, -22.8001404660864)"
2008,252,Excluded,NA,NA,NA,NA,"c(47.8070890600605, -22.8350328422084)"
2008,253,Control,NA,NA,NA,NA,"c(47.709571672081, -22.7432967215401)"
2008,254,Control,NA,NA,NA,NA,"c(47.7708833379045, -22.853801243421)"
2008,255,Control,NA,NA,NA,NA,"c(47.801379, -22.486723)"
2008,256,Control,NA,NA,NA,NA,"c(47.5478736653309, -22.7743090234965)"
2008,257,Control,NA,NA,NA,NA,"c(47.6056882245003, -23.1079775977235)"
2008,258,Control,NA,NA,NA,NA,"c(47.5330658981905, -22.5998602765875)"
2008,259,Control,NA,NA,NA,NA,"c(47.60644853217, -22.5804653567682)"
2008,260,Excluded,NA,NA,NA,NA,"c(47.5939559963173, -23.0506293505058)"
2008,261,Excluded,NA,NA,NA,NA,"c(47.599486038845, -23.3442367734616)"
2008,262,Excluded,NA,NA,NA,NA,"c(47.6218225685424, -23.3620965700136)"
2008,263,Control,NA,NA,NA,NA,"c(47.609090747947, -23.3647733334333)"
2008,264,Control,NA,NA,NA,NA,"c(47.6390680806931, -23.2911228076016)"
2008,265,Control,NA,NA,NA,NA,"c(47.5552828218445, -23.3381258923163)"
2008,266,Treatment,555697901,2015,VI,7.101288067026492,"c(47.5798485346162, -23.5275598865036)"
2008,267,Treatment,555697901,2015,VI,5.667955354633084,"c(47.5014216468554, -23.585985077299)"
2008,268,Excluded,NA,NA,NA,NA,"c(47.3076369079497, -23.607782689875)"
2008,269,Control,NA,NA,NA,NA,"c(47.5611848773655, -23.7994615628988)"
2008,270,Excluded,NA,NA,NA,NA,"c(47.1626102829687, -23.9582256224105)"
2008,271,Excluded,NA,NA,NA,NA,"c(46.9802311146062, -23.1648108883407)"
2008,272,Control,NA,NA,NA,NA,"c(47.5125371140882, -22.8129407210461)"
2008,273,Control,NA,NA,NA,NA,"c(47.38844062378, -22.4079640969538)"
2008,274,Control,NA,NA,NA,NA,"c(47.4076848213288, -22.5540960489349)"
2008,275,Excluded,NA,NA,NA,NA,"c(46.9600893250164, -24.0278250663086)"
2008,276,Excluded,NA,NA,NA,NA,"c(49.4008909402246, -18.1703795962403)"
2008,277,Excluded,NA,NA,NA,NA,"c(49.4009592384032, -18.1595279328255)"
2008,278,Excluded,NA,NA,NA,NA,"c(49.3993319862994, -18.1487703177685)"
2008,279,Excluded,NA,NA,NA,NA,"c(49.384778914035, -18.1540309655986)"
2008,280,Excluded,NA,NA,NA,NA,"c(49.3973183394316, -18.1474838909447)"
2008,281,Excluded,NA,NA,NA,NA,"c(49.4025833644548, -18.1458664169637)"
2008,282,Excluded,NA,NA,NA,NA,"c(49.3920860507624, -18.1236897163208)"
2008,283,Treatment,555697880,2015,V,5.599451675449512,"c(49.0381681475008, -18.7770664811292)"
2008,284,Control,NA,NA,NA,NA,"c(48.97310220379, -19.09409489174)"
2008,285,Control,NA,NA,NA,NA,"c(48.7812969507219, -18.9770133124725)"
2008,286,Control,NA,NA,NA,NA,"c(48.7392469564169, -18.8246649690097)"
2008,287,Control,NA,NA,NA,NA,"c(48.8434755124797, -19.3317888211188)"
2008,288,Control,NA,NA,NA,NA,"c(48.75592124838, -19.6006410003995)"
2008,289,Control,NA,NA,NA,NA,"c(48.812273, -19.893346)"
2008,290,Control,NA,NA,NA,NA,"c(48.656696496176, -19.7915483815298)"
2008,291,Control,NA,NA,NA,NA,"c(48.5923462379483, -20.2049285199596)"
2008,292,Control,NA,NA,NA,NA,"c(48.4726028900555, -20.3032103349363)"
2008,293,Control,NA,NA,NA,NA,"c(48.3575706764051, -20.2417896397321)"
2008,294,Treatment,555542728,2010,V,0,"c(48.0163718973401, -20.3161783886619)"
2008,295,Treatment,555542728,2010,V,0,"c(47.7993076896612, -20.1089096413331)"
2008,296,Treatment,555542728,2010,V,0,"c(47.8352800716899, -20.2879350376505)"
2008,297,Excluded,NA,NA,NA,NA,"c(49.2445060786486, -17.9394028604776)"
2008,298,Excluded,NA,NA,NA,NA,"c(49.1261734797572, -18.0604272946362)"
2008,299,Excluded,NA,NA,NA,NA,"c(49.0142652165946, -17.827210074678)"
2008,300,Control,NA,NA,NA,NA,"c(48.5874050923825, -19.4133576485148)"
2008,301,Excluded,NA,NA,NA,NA,"c(49.9365874689725, -16.8221036040436)"
2008,302,Excluded,NA,NA,NA,NA,"c(49.825012, -17.082956)"
2008,303,Excluded,NA,NA,NA,NA,"c(49.6974823633834, -15.4363263844373)"
2008,304,Excluded,NA,NA,NA,NA,"c(49.7886732776286, -15.3549023377585)"
2008,305,Excluded,NA,NA,NA,NA,"c(49.8072739303874, -15.3753503566666)"
2008,306,Excluded,NA,NA,NA,NA,"c(49.9000012653869, -15.3928362050807)"
2008,307,Excluded,NA,NA,NA,NA,"c(49.6332318573547, -15.4840263228231)"
2008,308,Excluded,NA,NA,NA,NA,"c(49.5876129064651, -15.6922233141619)"
2008,309,Control,NA,NA,NA,NA,"c(49.6104077768555, -16.1653381355662)"
2008,310,Control,NA,NA,NA,NA,"c(49.6120172081613, -16.1046667065355)"
2008,311,Control,NA,NA,NA,NA,"c(49.548212178368, -16.5761087067173)"
2008,312,Control,NA,NA,NA,NA,"c(49.4818047101865, -16.1364869074636)"
2008,313,Excluded,NA,NA,NA,NA,"c(49.4170733687561, -17.38792065935)"
2008,314,Control,NA,NA,NA,NA,"c(49.4343505242979, -17.476256616139)"
2008,315,Control,NA,NA,NA,NA,"c(49.3072025095273, -17.1981323978356)"
2008,316,Control,NA,NA,NA,NA,"c(49.2359394267283, -17.3707014850329)"
2008,317,Control,NA,NA,NA,NA,"c(49.194082759016, -17.333273936127)"
2008,318,Control,NA,NA,NA,NA,"c(49.2747983618468, -17.0557293919457)"
2008,319,Control,NA,NA,NA,NA,"c(49.2209675146559, -17.4175814217969)"
2008,320,Control,NA,NA,NA,NA,"c(49.2458193821273, -17.5163616250049)"
2008,321,Control,NA,NA,NA,NA,"c(49.1390238214638, -17.4017345324997)"
2008,322,Control,NA,NA,NA,NA,"c(49.1387501891373, -17.6438217668737)"
2008,323,Control,NA,NA,NA,NA,"c(49.5788426355345, -16.9321533539946)"
2008,324,Control,NA,NA,NA,NA,"c(49.5906961425176, -16.8719073045956)"
2008,325,Control,NA,NA,NA,NA,"c(49.473417030674, -16.807837246336)"
2008,326,Excluded,NA,NA,NA,NA,"c(48.2739726505882, -17.5673381413562)"
2008,327,Excluded,NA,NA,NA,NA,"c(48.276877876093, -17.5242687355297)"
2008,328,Excluded,NA,NA,NA,NA,"c(48.3199243282212, -17.4779545451484)"
2008,329,Excluded,NA,NA,NA,NA,"c(48.1656958479071, -17.8047275992917)"
2008,330,Excluded,NA,NA,NA,NA,"c(48.4494466183265, -17.3913101935241)"
2008,331,Excluded,NA,NA,NA,NA,"c(48.5240009405582, -17.3547571781038)"
2008,332,Excluded,NA,NA,NA,NA,"c(48.42809538182, -17.8048032126641)"
2008,333,Excluded,NA,NA,NA,NA,"c(48.4276753891734, -17.8226660479485)"
2008,334,Excluded,NA,NA,NA,NA,"c(48.4299344497376, -17.8290290570039)"
2008,335,Excluded,NA,NA,NA,NA,"c(48.4348648748783, -17.8270464165019)"
2008,336,Excluded,NA,NA,NA,NA,"c(48.4114227060534, -17.8081433063377)"
2008,337,Excluded,NA,NA,NA,NA,"c(48.4672380182414, -17.7217678720653)"
2008,338,Excluded,NA,NA,NA,NA,"c(48.2916600595801, -17.8046409928662)"
2008,339,Excluded,NA,NA,NA,NA,"c(48.2374102680027, -17.7943518523093)"
2008,340,Excluded,NA,NA,NA,NA,"c(48.6105214264954, -17.4436453535431)"
2008,341,Excluded,NA,NA,NA,NA,"c(48.0826241349688, -17.9882662496712)"
2008,342,Excluded,NA,NA,NA,NA,"c(48.2212451744426, -18.9501610269459)"
2008,343,Excluded,NA,NA,NA,NA,"c(48.3972706475182, -18.8655330734777)"
2008,344,Excluded,NA,NA,NA,NA,"c(47.9823457337978, -18.8690371162202)"
2008,345,Excluded,NA,NA,NA,NA,"c(48.5346200761733, -18.9367692873279)"
2008,346,Excluded,NA,NA,NA,NA,"c(48.0449340717056, -18.5543650148759)"
2008,347,Excluded,NA,NA,NA,NA,"c(48.1805651396817, -18.2068824070806)"
2008,348,Excluded,NA,NA,NA,NA,"c(48.5084934316659, -17.0015899339288)"
2008,349,Control,NA,NA,NA,NA,"c(48.1785362315428, -19.3744660988977)"
2008,350,Treatment,555697886,2015,V,3.093878169203792,"c(48.0688469291599, -19.6492426536751)"
2008,351,Excluded,NA,NA,NA,NA,"c(46.3531863974066, -15.6670840210356)"
2008,352,Excluded,NA,NA,NA,NA,"c(46.3275602033451, -15.7108531890291)"
2008,353,Excluded,NA,NA,NA,NA,"c(46.3525533185764, -15.7149315493708)"
2008,354,Excluded,NA,NA,NA,NA,"c(46.345291796477, -15.7170129012873)"
2008,355,Excluded,NA,NA,NA,NA,"c(46.313011, -15.712451)"
2008,356,Excluded,NA,NA,NA,NA,"c(46.314698, -15.708484)"
2008,357,Excluded,NA,NA,NA,NA,"c(46.3230394670508, -15.7210521682873)"
2008,358,Excluded,NA,NA,NA,NA,"c(45.3721620573541, -16.1299341661459)"
2008,359,Control,NA,NA,NA,NA,"c(45.5602629784779, -16.588775030691)"
2008,360,Control,NA,NA,NA,NA,"c(46.6899134347237, -16.4793590073452)"
2008,361,Excluded,NA,NA,NA,NA,"c(46.7401443529736, -16.3925001623833)"
2008,362,Excluded,NA,NA,NA,NA,"c(46.5358191970088, -16.4283660215816)"
2008,363,Control,NA,NA,NA,NA,"c(46.9771871450897, -16.443760920335)"
2008,364,Control,NA,NA,NA,NA,"c(46.6070539456079, -16.6219091452523)"
2008,365,Excluded,NA,NA,NA,NA,"c(47.3137546798652, -16.2702562781565)"
2008,366,Control,NA,NA,NA,NA,"c(46.0081890673125, -16.8133560956047)"
2008,367,Excluded,NA,NA,NA,NA,"c(46.6448985345289, -16.10942125353)"
2008,368,Excluded,NA,NA,NA,NA,"c(46.5392697809224, -16.1923970559505)"
2008,369,Excluded,NA,NA,NA,NA,"c(46.6110611419794, -16.2287161700608)"
2008,370,Treatment,555697914,2015,Not Reported,2.664820363206855,"c(46.5756624572334, -16.0585393166291)"
2008,371,Excluded,NA,NA,NA,NA,"c(46.5156471244465, -16.2283503775695)"
2008,372,Excluded,NA,NA,NA,NA,"c(45.8682020504758, -16.0340967909017)"
2008,373,Excluded,NA,NA,NA,NA,"c(45.8822018408803, -15.9428478017112)"
2008,374,Control,NA,NA,NA,NA,"c(46.4519716519763, -15.617770228242)"
2008,375,Control,NA,NA,NA,NA,"c(46.8830257088029, -15.8489742725123)"
2008,376,Excluded,NA,NA,NA,NA,"c(47.6242388260995, -15.5593172690598)"
2008,377,Excluded,NA,NA,NA,NA,"c(47.6753466705699, -15.6719101697573)"
2008,378,Control,NA,NA,NA,NA,"c(47.7064840690119, -15.7725085042069)"
2008,379,Control,NA,NA,NA,NA,"c(48.1070206532981, -15.753432446237)"
2008,380,Excluded,NA,NA,NA,NA,"c(48.8198420755737, -15.8372506633333)"
2008,381,Control,NA,NA,NA,NA,"c(48.8497306432972, -15.8771842601609)"
2008,382,Control,NA,NA,NA,NA,"c(48.9493147505391, -16.0072415422264)"
2008,383,Control,NA,NA,NA,NA,"c(48.56873238781, -15.75867862522)"
2008,385,Control,NA,NA,NA,NA,"c(49.0906626387595, -16.2266721249864)"
2008,386,Control,NA,NA,NA,NA,"c(48.2177242502389, -14.5382299009518)"
2008,387,Control,NA,NA,NA,NA,"c(47.7210664276712, -15.342031847643)"
2008,388,Excluded,NA,NA,NA,NA,"c(48.5338852090619, -15.2580100069743)"
2008,389,Control,NA,NA,NA,NA,"c(48.5830600077379, -15.2406208095328)"
2008,390,Control,NA,NA,NA,NA,"c(48.665755593351, -15.2964309791313)"
2008,391,Control,NA,NA,NA,NA,"c(48.5427637514279, -15.0447904729945)"
2008,392,Control,NA,NA,NA,NA,"c(48.9875117115219, -15.1842544027302)"
2008,393,Excluded,NA,NA,NA,NA,"c(47.9920215151055, -14.8972057898603)"
2008,394,Control,NA,NA,NA,NA,"c(47.8872679297768, -14.9292413963791)"
2008,395,Control,NA,NA,NA,NA,"c(47.7775563288963, -15.1641324279782)"
2008,396,Control,NA,NA,NA,NA,"c(47.9159686036759, -15.3678775145867)"
2008,397,Control,NA,NA,NA,NA,"c(48.6112226952497, -14.7131580001605)"
2008,398,Treatment,555697905,2015,VI,5.257978279388789,"c(48.8524843818822, -14.4321434679172)"
2008,399,Control,NA,NA,NA,NA,"c(47.7714495128485, -16.3103254796025)"
2008,400,Control,NA,NA,NA,NA,"c(47.3632098269981, -16.2739136421094)"
2008,401,Excluded,NA,NA,NA,NA,"c(46.8403813424412, -16.9487801811033)"
2008,402,Excluded,NA,NA,NA,NA,"c(46.8358239577936, -16.9498731992983)"
2008,403,Excluded,NA,NA,NA,NA,"c(46.8285905115119, -16.9569111498222)"
2008,404,Control,NA,NA,NA,NA,"c(46.8192649359623, -16.9122002272588)"
2008,405,Control,NA,NA,NA,NA,"c(46.8360614559331, -16.8340465348649)"
2008,406,Control,NA,NA,NA,NA,"c(46.6797699424347, -17.0680572146417)"
2008,407,Control,NA,NA,NA,NA,"c(46.5444544857845, -17.1529593799852)"
2008,408,Control,NA,NA,NA,NA,"c(46.7969394979047, -17.1192913489526)"
2008,409,Control,NA,NA,NA,NA,"c(46.9688416023396, -16.740369132787)"
2008,410,Control,NA,NA,NA,NA,"c(47.0585012058413, -16.6971199014532)"
2008,411,Control,NA,NA,NA,NA,"c(46.4973900405623, -17.2349488354064)"
2008,412,Control,NA,NA,NA,NA,"c(46.8958498667743, -17.591222720266)"
2008,413,Control,NA,NA,NA,NA,"c(47.2204623756289, -17.5184952498972)"
2008,414,Control,NA,NA,NA,NA,"c(46.7772016810628, -16.7329260690538)"
2008,415,Control,NA,NA,NA,NA,"c(47.6731126594314, -16.8057626037017)"
2008,416,Control,NA,NA,NA,NA,"c(47.5026807164207, -16.7417385436965)"
2008,417,Control,NA,NA,NA,NA,"c(47.6244324118425, -16.6733265748332)"
2008,418,Control,NA,NA,NA,NA,"c(47.8066855202996, -16.9849004735793)"
2008,419,Control,NA,NA,NA,NA,"c(47.318463271927, -16.4785609293692)"
2008,420,Control,NA,NA,NA,NA,"c(47.2467526443867, -17.0798452439716)"
2008,421,Control,NA,NA,NA,NA,"c(47.4938964421919, -17.4809028398924)"
2008,422,Excluded,NA,NA,NA,NA,"c(47.9334631987073, -17.6908875545109)"
2008,424,Control,NA,NA,NA,NA,"c(47.5152914601487, -17.7584592651969)"
2008,425,Control,NA,NA,NA,NA,"c(46.2649285744086, -17.4613921249629)"
2008,426,Control,NA,NA,NA,NA,"c(44.6260371788436, -16.6339215117875)"
2008,427,Control,NA,NA,NA,NA,"c(44.9403928087345, -16.7327080192611)"
2008,428,Control,NA,NA,NA,NA,"c(44.6093108506035, -16.5062805220867)"
2008,430,Control,NA,NA,NA,NA,"c(44.834713144018, -16.3115625480819)"
2008,432,Control,NA,NA,NA,NA,"c(45.6853145847578, -17.7141404438409)"
2008,433,Control,NA,NA,NA,NA,"c(45.6656456845325, -17.7247338956631)"
2008,434,Treatment,303702,2011,II,1.947374594446155,"c(44.6160312134279, -18.4526562524115)"
2008,435,Treatment,166880,2008,V,5.0282925700020895,"c(44.4390439006512, -18.7828308225808)"
2008,436,Control,NA,NA,NA,NA,"c(44.4556095630559, -18.6715849479766)"
2008,437,Treatment,166880,2008,V,2.4495347154879963,"c(44.4240857911827, -19.0879742628822)"
2008,438,Treatment,303702,2011,II,3.846749435541853,"c(44.7609026997942, -19.0930770627341)"
2008,439,Excluded,NA,NA,NA,NA,"c(44.0407909423266, -17.9825169928147)"
2008,440,Excluded,NA,NA,NA,NA,"c(44.0478166179578, -18.0438833230704)"
2008,441,Excluded,NA,NA,NA,NA,"c(44.0189270385707, -18.063367167204)"
2008,442,Control,NA,NA,NA,NA,"c(44.1170833363552, -18.0971066680272)"
2008,443,Control,NA,NA,NA,NA,"c(44.1405979066601, -18.1306333355319)"
2008,444,Control,NA,NA,NA,NA,"c(44.2399776893327, -18.2119622973513)"
2008,445,Control,NA,NA,NA,NA,"c(44.3197853433312, -17.9595311046435)"
2008,446,Treatment,555547960,2012,Not Reported,5.815632385764659,"c(44.2163924147967, -17.5067630981675)"
2008,447,Control,NA,NA,NA,NA,"c(44.5267040630741, -17.4341051472923)"
2008,450,Treatment,555697879,2015,V,9.638931808949087,"c(44.6224872888177, -17.98194493874)"
2008,451,Excluded,NA,NA,NA,NA,"c(43.6682758869446, -23.3540216280281)"
2008,452,Excluded,NA,NA,NA,NA,"c(43.6932647990408, -23.3505511511208)"
2008,453,Excluded,NA,NA,NA,NA,"c(43.6843131330082, -23.3537562811014)"
2008,454,Excluded,NA,NA,NA,NA,"c(43.6775730831146, -23.3667894577946)"
2008,455,Excluded,NA,NA,NA,NA,"c(43.6787849300305, -23.3408203133888)"
2008,456,Excluded,NA,NA,NA,NA,"c(43.6636558192903, -23.3457046270694)"
2008,457,Control,NA,NA,NA,NA,"c(45.1358040730698, -21.6692318673739)"
2008,458,Treatment,555697877,2008,V,2.361407099169466,"c(43.6409444234036, -21.6153822830282)"
2008,459,Control,NA,NA,NA,NA,"c(43.714256181929, -22.2560921966497)"
2008,460,Control,NA,NA,NA,NA,"c(44.6012935920502, -22.1290805383284)"
2008,461,Control,NA,NA,NA,NA,"c(44.2961472403004, -23.7723510553711)"
2008,462,Control,NA,NA,NA,NA,"c(44.4420402273776, -23.7102309293523)"
2008,463,Control,NA,NA,NA,NA,"c(44.6953725158752, -23.4837097388808)"
2008,464,Control,NA,NA,NA,NA,"c(44.8567681108416, -24.8316763104947)"
2008,465,Control,NA,NA,NA,NA,"c(44.9536634814925, -24.3356563858077)"
2008,466,Control,NA,NA,NA,NA,"c(44.6277107117869, -24.2650723826535)"
2008,467,Control,NA,NA,NA,NA,"c(44.2744712621818, -25.0305508419697)"
2008,468,Control,NA,NA,NA,NA,"c(45.0774337557039, -24.1585584251289)"
2008,469,Control,NA,NA,NA,NA,"c(44.7727845879754, -23.0294535300727)"
2008,470,Control,NA,NA,NA,NA,"c(44.4305933251764, -22.7366918920463)"
2008,471,Treatment,555549460,2008,Not Reported,6.801017274719295,"c(43.6747292084262, -23.359374965868)"
2008,472,Excluded,NA,NA,NA,NA,"c(43.9400220252504, -23.4609003512514)"
2008,473,Excluded,NA,NA,NA,NA,"c(44.0116954944568, -23.5356017531358)"
2008,474,Treatment,555549460,2008,Not Reported,5.765222216321365,"c(43.6282060582337, -22.8324180921244)"
2008,475,Control,NA,NA,NA,NA,"c(43.671976, -23.794112)"
2008,476,Control,NA,NA,NA,NA,"c(44.9401031739657, -24.9605895855575)"
2008,477,Control,NA,NA,NA,NA,"c(44.8882639695414, -25.2390397617569)"
2008,478,Control,NA,NA,NA,NA,"c(44.8207086601528, -24.9623191173265)"
2008,479,Control,NA,NA,NA,NA,"c(45.3582984217668, -24.8299416834648)"
2008,480,Control,NA,NA,NA,NA,"c(45.5174055939953, -25.2092688670967)"
2008,481,Control,NA,NA,NA,NA,"c(45.6146354621367, -25.419046875579)"
2008,482,Excluded,NA,NA,NA,NA,"c(45.3098857650111, -25.5222566010383)"
2008,483,Control,NA,NA,NA,NA,"c(45.7661050508692, -25.269634168767)"
2008,484,Treatment,555549452,2015,Not Reported,7.59475707217565,"c(46.1084416432576, -25.1778841880534)"
2008,485,Control,NA,NA,NA,NA,"c(46.130366, -25.238611)"
2008,486,Control,NA,NA,NA,NA,"c(45.9199397861994, -25.2552380047131)"
2008,487,Control,NA,NA,NA,NA,"c(45.9739271408861, -25.1830400734139)"
2008,488,Treatment,555549452,2015,Not Reported,3.259084125876555,"c(46.1610462319964, -25.1456945890387)"
2008,489,Control,NA,NA,NA,NA,"c(46.2127470371434, -25.2010951955402)"
2008,490,Control,NA,NA,NA,NA,"c(45.8573719975997, -25.3292629735736)"
2008,491,Control,NA,NA,NA,NA,"c(45.762325860818, -25.2957679512125)"
2008,492,Treatment,555549450,2018,Not Reported,0,"c(45.7133393991195, -24.8162812755366)"
2008,493,Control,NA,NA,NA,NA,"c(45.6182349692554, -24.6719272822728)"
2008,494,Control,NA,NA,NA,NA,"c(45.3925888330362, -24.913738817124)"
2008,495,Control,NA,NA,NA,NA,"c(45.7900673452281, -24.4120420755129)"
2008,496,Control,NA,NA,NA,NA,"c(45.2953570050635, -24.2630602381792)"
2008,497,Control,NA,NA,NA,NA,"c(45.2483565052716, -23.9592084996483)"
2008,498,Control,NA,NA,NA,NA,"c(45.3841628915369, -24.4380979172881)"
2008,499,Control,NA,NA,NA,NA,"c(45.2939514544668, -24.4352129478814)"
2008,500,Control,NA,NA,NA,NA,"c(45.6918217558092, -24.1792648604186)"
2008,501,Excluded,NA,NA,NA,NA,"c(46.9858614059134, -25.0277504599948)"
2008,502,Excluded,NA,NA,NA,NA,"c(46.9638360553858, -25.037717316582)"
2008,503,Excluded,NA,NA,NA,NA,"c(46.9759579586653, -25.0162968894313)"
2008,504,Excluded,NA,NA,NA,NA,"c(46.9759728340794, -24.9944592289528)"
2008,505,Treatment,555697878,2008,VI,9.650630426112336,"c(46.8224031837969, -24.8620787886276)"
2008,506,Treatment,555697878,2008,VI,8.817851233929602,"c(46.7982100649198, -24.9712045724014)"
2008,508,Excluded,NA,NA,NA,NA,"c(47.191659, -24.763824)"
2008,509,Treatment,555697878,2008,VI,7.062629393617542,"c(46.908144782423, -24.6059288310181)"
2008,510,Treatment,555697878,2008,VI,8.048928487717383,"c(47.0003006230084, -24.4744842803134)"
2008,511,Control,NA,NA,NA,NA,"c(47.32575614066, -24.1481082087152)"
2008,512,Excluded,NA,NA,NA,NA,"c(46.1120940714157, -23.2698588851537)"
2008,513,Excluded,NA,NA,NA,NA,"c(46.1096276268992, -23.284703092375)"
2008,514,Control,NA,NA,NA,NA,"c(45.7831977291663, -23.3506931812611)"
2008,516,Control,NA,NA,NA,NA,"c(45.6427296434827, -23.3771646057695)"
2008,517,Control,NA,NA,NA,NA,"c(45.6894723844099, -23.8094995342113)"
2008,518,Control,NA,NA,NA,NA,"c(45.4106200447584, -23.435540921049)"
2008,519,Excluded,NA,NA,NA,NA,"c(46.3956485673027, -25.046293846434)"
2008,520,Treatment,555549451,2017,Not Reported,0.7084414087030133,"c(46.3827549767407, -24.9470707794819)"
2008,521,Control,NA,NA,NA,NA,"c(46.325773730134, -25.1547580303972)"
2008,522,Control,NA,NA,NA,NA,"c(46.3444707836304, -24.4553643066588)"
2008,523,Control,NA,NA,NA,NA,"c(46.1849642678512, -23.9962306510567)"
2008,524,Control,NA,NA,NA,NA,"c(46.3258377477482, -24.3893710979529)"
2008,525,Treatment,555697899,2015,VI,7.039964632083152,"c(46.0480995749293, -24.3087691136995)"
2008,526,Control,NA,NA,NA,NA,"c(44.4322904095639, -21.392457651746)"
2008,527,Control,NA,NA,NA,NA,"c(44.570038764116, -21.2507730506702)"
2008,528,Treatment,555697877,2008,V,0,"c(43.9247472950803, -21.7491823651969)"
2008,529,Excluded,NA,NA,NA,NA,"c(44.3044501221795, -20.2775274039828)"
2008,530,Excluded,NA,NA,NA,NA,"c(44.2934599540878, -20.2987516748328)"
2008,531,Excluded,NA,NA,NA,NA,"c(44.271049, -20.294691)"
2008,532,Excluded,NA,NA,NA,NA,"c(44.3035151859931, -20.3089266161904)"
2008,533,Excluded,NA,NA,NA,NA,"c(44.3278307531035, -20.2007160143288)"
2008,534,Excluded,NA,NA,NA,NA,"c(44.560546708563, -20.2888651450969)"
2008,535,Control,NA,NA,NA,NA,"c(44.4597891390451, -20.6871211537119)"
2008,536,Excluded,NA,NA,NA,NA,"c(44.6727608433963, -20.3751509765098)"
2008,537,Control,NA,NA,NA,NA,"c(44.6080121656598, -20.3188836665973)"
2008,538,Control,NA,NA,NA,NA,"c(44.6077540328426, -20.3849724044258)"
2008,539,Control,NA,NA,NA,NA,"c(45.0534689782511, -20.412218529445)"
2008,540,Control,NA,NA,NA,NA,"c(44.9338500179957, -21.0589202413528)"
2008,541,Control,NA,NA,NA,NA,"c(45.0361131953977, -20.8281929857452)"
2008,542,Excluded,NA,NA,NA,NA,"c(44.5486888114452, -19.6971987498939)"
2008,543,Excluded,NA,NA,NA,NA,"c(44.5557209862969, -19.6683516085424)"
2008,544,Control,NA,NA,NA,NA,"c(44.7761203860386, -19.5065323004776)"
2008,545,Control,NA,NA,NA,NA,"c(44.9624444148315, -19.4553417971479)"
2008,546,Control,NA,NA,NA,NA,"c(45.5719245265961, -19.3747041020977)"
2008,547,Control,NA,NA,NA,NA,"c(45.6641620961758, -19.6390524665722)"
2008,548,Control,NA,NA,NA,NA,"c(45.5147518581919, -19.8290448965479)"
2008,549,Treatment,555697916,2015,Not Reported,4.446662449636101,"c(45.5055771815751, -20.0088730260022)"
2008,551,Excluded,NA,NA,NA,NA,"c(49.2960234483436, -12.4520778934386)"
2008,552,Treatment,555548868,2017,V,2.034513381333831,"c(49.507329, -12.450679)"
2008,553,Treatment,5022,2015,II,6.159325962701306,"c(49.5422340674624, -12.6176080323056)"
2008,554,Excluded,NA,NA,NA,NA,"c(49.0810580244149, -12.6270031998874)"
2008,555,Excluded,NA,NA,NA,NA,"c(49.287807, -12.276491)"
2008,556,Excluded,NA,NA,NA,NA,"c(49.2893887976333, -12.2914930065873)"
2008,557,Excluded,NA,NA,NA,NA,"c(49.2486637766702, -12.324135078077)"
2008,558,Excluded,NA,NA,NA,NA,"c(49.2998685373407, -12.2968660073384)"
2008,559,Excluded,NA,NA,NA,NA,"c(49.045667425614, -13.1886953745841)"
2008,560,Excluded,NA,NA,NA,NA,"c(49.0199165177124, -13.2112755373755)"
2008,561,Control,NA,NA,NA,NA,"c(48.9242185378836, -13.1348227440093)"
2008,562,Treatment,555697910,2015,V,8.735887809029876,"c(49.1447531080466, -13.2728012355842)"
2008,563,Control,NA,NA,NA,NA,"c(48.9585593531074, -13.0977542226741)"
2008,564,Control,NA,NA,NA,NA,"c(48.848191766133, -13.1854684387015)"
2008,565,Treatment,555697910,2015,V,0,"c(49.2845676341702, -13.1197851592522)"
2008,566,Treatment,555697895,2015,V,3.9565198627808513,"c(48.8106399187567, -13.616659770834)"
2008,567,Excluded,NA,NA,NA,NA,"c(48.265771, -13.401018)"
2008,568,Excluded,NA,NA,NA,NA,"c(48.349392, -13.470172)"
2008,569,Excluded,NA,NA,NA,NA,"c(48.2029438887121, -13.3444617966354)"
2008,570,Excluded,NA,NA,NA,NA,"c(48.4485116532326, -13.6782169666416)"
2008,571,Control,NA,NA,NA,NA,"c(48.4043488433605, -13.7146066209819)"
2008,572,Treatment,5026,2015,IV,7.5860154329893765,"c(48.2712765608706, -13.8456893442939)"
2008,573,Treatment,5026,2015,IV,7.940439414053195,"c(48.523497048671, -13.8618684446871)"
2008,574,Control,NA,NA,NA,NA,"c(48.602441563392, -13.9857450235285)"
2008,575,Treatment,555697894,2015,V,0,"c(48.0441005424292, -13.6577327211715)"
2008,576,Excluded,NA,NA,NA,NA,"c(50.2203816281992, -14.8663888620697)"
2008,577,Excluded,NA,NA,NA,NA,"c(50.292239, -14.915642)"
2008,578,Control,NA,NA,NA,NA,"c(50.1899672038352, -14.7229368659746)"
2008,579,Control,NA,NA,NA,NA,"c(50.2039288800914, -14.9339935650753)"
2008,580,Control,NA,NA,NA,NA,"c(50.1019698168679, -15.131895936242)"
2008,581,Control,NA,NA,NA,NA,"c(50.0663153830732, -14.6964883939181)"
2008,582,Excluded,NA,NA,NA,NA,"c(50.2470109618018, -15.872560014563)"
2008,583,Excluded,NA,NA,NA,NA,"c(50.15262546546, -14.2777352786747)"
2008,584,Excluded,NA,NA,NA,NA,"c(50.1786999013015, -14.2822814371035)"
2008,585,Control,NA,NA,NA,NA,"c(50.1645416921967, -14.466000062126)"
2008,586,Excluded,NA,NA,NA,NA,"c(49.9011960918476, -14.3078271328198)"
2008,587,Control,NA,NA,NA,NA,"c(50.0215029436267, -14.475749915858)"
2008,588,Excluded,NA,NA,NA,NA,"c(49.696513959932, -14.2221651844632)"
2008,589,Excluded,NA,NA,NA,NA,"c(49.7824514267303, -14.4810488181164)"
2008,590,Control,NA,NA,NA,NA,"c(49.6023851579455, -14.0082654810596)"
2008,591,Excluded,NA,NA,NA,NA,"c(49.6645440645753, -14.6742442989468)"
2008,592,Excluded,NA,NA,NA,NA,"c(49.6089468351439, -14.7019916799072)"
2008,593,Excluded,NA,NA,NA,NA,"c(49.5644171404784, -14.6386823582967)"
2008,594,Excluded,NA,NA,NA,NA,"c(49.4990086655826, -14.6305783469736)"
2008,595,Excluded,NA,NA,NA,NA,"c(49.506814671794, -14.3951522220189)"
2008,596,Control,NA,NA,NA,NA,"c(49.9179035069269, -13.6118760023427)"
2008,597,Control,NA,NA,NA,NA,"c(49.5230216824672, -13.4283502235637)"
2008,598,Treatment,555697907,2015,VI,0,"c(49.5868927703565, -13.6460180481265)"
2008,599,Control,NA,NA,NA,NA,"c(49.7400269254586, -13.8185428448697)"
2008,600,Treatment,555697893,2015,VI,7.4085936070356135,"c(49.964903452149, -14.0316970148249)"
2011,1,Excluded,NA,NA,NA,NA,"c(47.547694, -18.810593)"
2011,2,Excluded,NA,NA,NA,NA,"c(47.562162, -18.821461)"
2011,3,Excluded,NA,NA,NA,NA,"c(47.578433, -18.858146)"
2011,4,Control,NA,NA,NA,NA,"c(47.627068, -18.751188)"
2011,5,Control,NA,NA,NA,NA,"c(47.455721, -18.790909)"
2011,6,Excluded,NA,NA,NA,NA,"c(47.519282, -18.824424)"
2011,7,Excluded,NA,NA,NA,NA,"c(47.480781, -18.80002)"
2011,8,Control,NA,NA,NA,NA,"c(47.362492, -18.749716)"
2011,9,Control,NA,NA,NA,NA,"c(47.407665, -18.884661)"
2011,10,Control,NA,NA,NA,NA,"c(47.093812, -18.286927)"
2011,11,Control,NA,NA,NA,NA,"c(47.068361, -18.65925)"
2011,12,Control,NA,NA,NA,NA,"c(47.823218, -19.029857)"
2011,13,Control,NA,NA,NA,NA,"c(47.818496, -19.09813)"
2011,14,Control,NA,NA,NA,NA,"c(47.776571, -18.527545)"
2011,15,Control,NA,NA,NA,NA,"c(47.631014, -18.269603)"
2011,16,Control,NA,NA,NA,NA,"c(47.538238, -18.197057)"
2011,17,Control,NA,NA,NA,NA,"c(47.68328, -19.188129)"
2011,18,Excluded,NA,NA,NA,NA,"c(47.495588, -18.93032)"
2011,19,Excluded,NA,NA,NA,NA,"c(47.480818, -18.925338)"
2011,20,Excluded,NA,NA,NA,NA,"c(47.45464, -18.911644)"
2011,21,Control,NA,NA,NA,NA,"c(47.530418, -18.964544)"
2011,22,Control,NA,NA,NA,NA,"c(47.564298, -18.96109)"
2011,23,Excluded,NA,NA,NA,NA,"c(47.435086, -18.908991)"
2011,24,Control,NA,NA,NA,NA,"c(47.556018, -18.996418)"
2011,25,Control,NA,NA,NA,NA,"c(46.74349, -19.79597)"
2011,26,Control,NA,NA,NA,NA,"c(46.598851, -19.713559)"
2011,27,Control,NA,NA,NA,NA,"c(47.004783, -19.228937)"
2011,28,Treatment,555697897,2008,V,0,"c(47.00525, -20.079001)"
2011,30,Excluded,NA,NA,NA,NA,"c(47.180054, -19.008488)"
2011,31,Excluded,NA,NA,NA,NA,"c(47.21485, -19.030139)"
2011,32,Control,NA,NA,NA,NA,"c(47.332145, -18.979507)"
2011,33,Control,NA,NA,NA,NA,"c(47.434847, -19.097815)"
2011,34,Excluded,NA,NA,NA,NA,"c(46.913205, -18.951216)"
2011,35,Excluded,NA,NA,NA,NA,"c(46.912287, -18.959824)"
2011,36,Control,NA,NA,NA,NA,"c(46.846469, -18.889907)"
2011,37,Control,NA,NA,NA,NA,"c(46.72877, -18.950335)"
2011,38,Control,NA,NA,NA,NA,"c(46.664877, -18.710796)"
2011,39,Control,NA,NA,NA,NA,"c(46.827897, -19.120893)"
2011,40,Excluded,NA,NA,NA,NA,"c(46.051483, -18.768371)"
2011,41,Control,NA,NA,NA,NA,"c(46.092869, -18.998623)"
2011,42,Control,NA,NA,NA,NA,"c(45.632391, -18.973699)"
2011,43,Control,NA,NA,NA,NA,"c(46.556541, -18.466561)"
2011,44,Excluded,NA,NA,NA,NA,"c(46.98207, -21.845952)"
2011,45,Excluded,NA,NA,NA,NA,"c(46.939195, -21.827074)"
2011,46,Excluded,NA,NA,NA,NA,"c(46.884869, -21.866316)"
2011,47,Control,NA,NA,NA,NA,"c(46.886401, -21.804015)"
2011,48,Control,NA,NA,NA,NA,"c(46.440778, -21.981082)"
2011,49,Excluded,NA,NA,NA,NA,"c(47.215887, -21.09581)"
2011,50,Excluded,NA,NA,NA,NA,"c(47.277188, -21.070149)"
2011,51,Control,NA,NA,NA,NA,"c(47.26039, -20.975458)"
2011,52,Control,NA,NA,NA,NA,"c(47.196207, -20.824506)"
2011,53,Control,NA,NA,NA,NA,"c(46.489012, -21.453046)"
2011,54,Excluded,NA,NA,NA,NA,"c(47.265952, -21.434238)"
2011,55,Excluded,NA,NA,NA,NA,"c(47.20782, -21.482862)"
2011,56,Control,NA,NA,NA,NA,"c(47.032469, -21.583399)"
2011,57,Control,NA,NA,NA,NA,"c(47.045375, -21.680617)"
2011,58,Control,NA,NA,NA,NA,"c(46.931917, -21.485643)"
2011,59,Control,NA,NA,NA,NA,"c(46.878741, -21.15366)"
2011,60,Control,NA,NA,NA,NA,"c(46.902764, -20.359333)"
2011,61,Excluded,NA,NA,NA,NA,"c(47.247873, -20.530808)"
2011,62,Excluded,NA,NA,NA,NA,"c(47.221758, -20.53229)"
2011,63,Excluded,NA,NA,NA,NA,"c(47.245544, -20.534598)"
2011,64,Excluded,NA,NA,NA,NA,"c(47.252028, -20.531865)"
2011,65,Excluded,NA,NA,NA,NA,"c(47.248228, -20.553586)"
2011,66,Control,NA,NA,NA,NA,"c(47.192479, -20.547692)"
2011,67,Control,NA,NA,NA,NA,"c(47.311613, -20.557338)"
2011,68,Excluded,NA,NA,NA,NA,"c(47.615758, -20.708045)"
2011,69,Control,NA,NA,NA,NA,"c(47.351364, -20.083968)"
2011,70,Control,NA,NA,NA,NA,"c(47.483809, -20.124294)"
2011,71,Control,NA,NA,NA,NA,"c(47.072926, -20.69547)"
2011,72,Control,NA,NA,NA,NA,"c(47.66961, -21.656448)"
2011,73,Control,NA,NA,NA,NA,"c(48.275311, -20.607966)"
2011,74,Control,NA,NA,NA,NA,"c(47.93458, -20.768536)"
2011,75,Control,NA,NA,NA,NA,"c(48.427396, -20.99755)"
2011,76,Excluded,NA,NA,NA,NA,"c(48.001797, -22.147019)"
2011,77,Control,NA,NA,NA,NA,"c(47.914275, -22.213826)"
2011,78,Control,NA,NA,NA,NA,"c(47.733723, -22.210041)"
2011,79,Control,NA,NA,NA,NA,"c(47.802928, -21.758729)"
2011,80,Excluded,NA,NA,NA,NA,"c(47.477769, -21.546575)"
2011,81,Control,NA,NA,NA,NA,"c(47.77033, -22.244215)"
2011,82,Excluded,NA,NA,NA,NA,"c(46.115593, -22.398881)"
2011,83,Control,NA,NA,NA,NA,"c(46.143445, -22.223783)"
2011,84,Excluded,NA,NA,NA,NA,"c(46.893775, -22.459709)"
2011,85,Excluded,NA,NA,NA,NA,"c(47.821129, -22.816378)"
2011,86,Control,NA,NA,NA,NA,"c(47.707735, -22.858636)"
2011,87,Control,NA,NA,NA,NA,"c(47.445954, -22.937315)"
2011,88,Excluded,NA,NA,NA,NA,"c(47.599968, -23.34115)"
2011,89,Control,NA,NA,NA,NA,"c(47.649853, -23.340634)"
2011,90,Excluded,NA,NA,NA,NA,"c(47.297468, -23.453576)"
2011,91,Excluded,NA,NA,NA,NA,"c(47.008872, -23.536787)"
2011,92,Excluded,NA,NA,NA,NA,"c(46.951756, -23.892736)"
2011,93,Excluded,NA,NA,NA,NA,"c(49.402344, -18.16495)"
2011,94,Excluded,NA,NA,NA,NA,"c(49.410516, -18.160132)"
2011,95,Excluded,NA,NA,NA,NA,"c(49.392335, -18.140599)"
2011,96,Excluded,NA,NA,NA,NA,"c(49.391653, -18.163728)"
2011,97,Excluded,NA,NA,NA,NA,"c(49.406226, -18.136429)"
2011,98,Excluded,NA,NA,NA,NA,"c(49.399221, -18.15252)"
2011,99,Excluded,NA,NA,NA,NA,"c(49.400009, -18.146156)"
2011,100,Excluded,NA,NA,NA,NA,"c(49.381254, -18.142362)"
2011,101,Control,NA,NA,NA,NA,"c(48.688528, -18.942186)"
2011,102,Excluded,NA,NA,NA,NA,"c(48.975242, -19.33645)"
2011,103,Control,NA,NA,NA,NA,"c(48.750527, -19.591787)"
2011,104,Control,NA,NA,NA,NA,"c(48.510158, -20.150625)"
2011,105,Treatment,555542728,2010,V,0,"c(48.014762, -20.161612)"
2011,106,Control,NA,NA,NA,NA,"c(49.411395, -17.898826)"
2011,107,Excluded,NA,NA,NA,NA,"c(49.133048, -17.848489)"
2011,108,Excluded,NA,NA,NA,NA,"c(49.805304, -17.116589)"
2011,109,Excluded,NA,NA,NA,NA,"c(49.791198, -15.334862)"
2011,110,Control,NA,NA,NA,NA,"c(49.708863, -16.144564)"
2011,111,Control,NA,NA,NA,NA,"c(49.356945, -16.037401)"
2011,112,Excluded,NA,NA,NA,NA,"c(49.390738, -17.376802)"
2011,113,Excluded,NA,NA,NA,NA,"c(49.411294, -17.393864)"
2011,114,Control,NA,NA,NA,NA,"c(49.23607, -17.309573)"
2011,115,Control,NA,NA,NA,NA,"c(49.217539, -17.543911)"
2011,116,Treatment,354013,2015,II,0.015107284286121098,"c(48.875538, -17.591201)"
2011,117,Excluded,NA,NA,NA,NA,"c(48.201544, -17.623707)"
2011,118,Excluded,NA,NA,NA,NA,"c(48.160054, -17.648492)"
2011,119,Excluded,NA,NA,NA,NA,"c(48.540795, -17.316021)"
2011,120,Excluded,NA,NA,NA,NA,"c(48.415996, -17.824674)"
2011,121,Excluded,NA,NA,NA,NA,"c(48.426147, -17.834871)"
2011,122,Excluded,NA,NA,NA,NA,"c(48.504941, -17.591242)"
2011,123,Excluded,NA,NA,NA,NA,"c(48.47391, -17.959919)"
2011,124,Excluded,NA,NA,NA,NA,"c(48.236175, -18.946836)"
2011,125,Excluded,NA,NA,NA,NA,"c(48.003287, -18.867788)"
2011,126,Control,NA,NA,NA,NA,"c(47.969586, -19.252811)"
2011,127,Control,NA,NA,NA,NA,"c(48.070271, -19.392699)"
2011,128,Excluded,NA,NA,NA,NA,"c(46.320916, -15.702896)"
2011,129,Excluded,NA,NA,NA,NA,"c(46.312129, -15.71203)"
2011,130,Excluded,NA,NA,NA,NA,"c(46.313029, -15.71547)"
2011,131,Excluded,NA,NA,NA,NA,"c(46.313601, -15.726158)"
2011,132,Excluded,NA,NA,NA,NA,"c(46.315753, -15.714475)"
2011,133,Excluded,NA,NA,NA,NA,"c(46.351621, -15.702466)"
2011,134,Excluded,NA,NA,NA,NA,"c(46.339784, -15.723019)"
2011,135,Excluded,NA,NA,NA,NA,"c(45.500176, -15.998489)"
2011,136,Control,NA,NA,NA,NA,"c(46.492925, -16.442812)"
2011,137,Excluded,NA,NA,NA,NA,"c(46.680488, -16.103292)"
2011,138,Treatment,555697914,2015,Not Reported,3.7479519422357996,"c(46.603204, -16.051858)"
2011,139,Excluded,NA,NA,NA,NA,"c(46.571333, -16.278825)"
2011,140,Control,NA,NA,NA,NA,"c(47.040959, -15.768371)"
2011,141,Excluded,NA,NA,NA,NA,"c(47.6262, -15.561688)"
2011,142,Control,NA,NA,NA,NA,"c(48.106714, -15.871207)"
2011,143,Excluded,NA,NA,NA,NA,"c(48.818809, -15.861524)"
2011,144,Control,NA,NA,NA,NA,"c(48.978332, -15.716671)"
2011,145,Control,NA,NA,NA,NA,"c(48.985022, -16.404655)"
2011,146,Control,NA,NA,NA,NA,"c(47.535044, -15.075707)"
2011,147,Control,NA,NA,NA,NA,"c(48.51832, -14.99315)"
2011,148,Excluded,NA,NA,NA,NA,"c(47.988009, -14.872626)"
2011,149,Excluded,NA,NA,NA,NA,"c(48.176086, -14.948089)"
2011,150,Control,NA,NA,NA,NA,"c(48.820788, -14.636737)"
2011,151,Control,NA,NA,NA,NA,"c(47.637962, -16.0066)"
2011,152,Excluded,NA,NA,NA,NA,"c(46.832005, -16.941107)"
2011,153,Control,NA,NA,NA,NA,"c(47.208476, -17.39996)"
2011,154,Control,NA,NA,NA,NA,"c(47.52946, -16.489567)"
2011,156,Excluded,NA,NA,NA,NA,"c(44.025438, -18.065057)"
2011,157,Control,NA,NA,NA,NA,"c(44.119939, -18.136618)"
2011,158,Excluded,NA,NA,NA,NA,"c(43.680849, -23.354875)"
2011,159,Excluded,NA,NA,NA,NA,"c(43.685583, -23.357685)"
2011,160,Excluded,NA,NA,NA,NA,"c(43.681809, -23.356377)"
2011,161,Excluded,NA,NA,NA,NA,"c(43.700218, -23.339526)"
2011,162,Excluded,NA,NA,NA,NA,"c(43.671661, -23.343787)"
2011,163,Control,NA,NA,NA,NA,"c(45.142269, -21.653477)"
2011,164,Control,NA,NA,NA,NA,"c(44.526028, -22.289924)"
2011,165,Control,NA,NA,NA,NA,"c(44.584916, -23.953101)"
2011,166,Control,NA,NA,NA,NA,"c(44.064056, -23.81381)"
2011,167,Control,NA,NA,NA,NA,"c(44.458732, -23.906075)"
2011,168,Excluded,NA,NA,NA,NA,"c(44.502692, -23.726547)"
2011,169,Control,NA,NA,NA,NA,"c(44.768552, -23.564315)"
2011,170,Control,NA,NA,NA,NA,"c(44.922744, -23.823581)"
2011,171,Control,NA,NA,NA,NA,"c(44.747759, -24.691411)"
2011,172,Treatment,555549449,2015,Not Reported,5.770952686818513,"c(44.612737, -25.101249)"
2011,173,Control,NA,NA,NA,NA,"c(44.944602, -24.685432)"
2011,174,Control,NA,NA,NA,NA,"c(45.004257, -24.347501)"
2011,175,Control,NA,NA,NA,NA,"c(44.728639, -24.440957)"
2011,176,Control,NA,NA,NA,NA,"c(44.528561, -24.124251)"
2011,177,Control,NA,NA,NA,NA,"c(44.496656, -24.369787)"
2011,178,Control,NA,NA,NA,NA,"c(44.617637, -24.360892)"
2011,179,Control,NA,NA,NA,NA,"c(44.424198, -24.189745)"
2011,180,Control,NA,NA,NA,NA,"c(44.694051, -24.321152)"
2011,181,Control,NA,NA,NA,NA,"c(44.259983, -25.020744)"
2011,182,Control,NA,NA,NA,NA,"c(44.560886, -24.151565)"
2011,183,Control,NA,NA,NA,NA,"c(44.917997, -23.956033)"
2011,184,Control,NA,NA,NA,NA,"c(44.945577, -24.055029)"
2011,185,Excluded,NA,NA,NA,NA,"c(43.752599, -24.290861)"
2011,186,Excluded,NA,NA,NA,NA,"c(43.993635, -24.718237)"
2011,187,Treatment,555785986,2008,II,8.238724779867642,"c(44.084262, -25.001008)"
2011,188,Treatment,555549460,2008,Not Reported,1.1489057354942342,"c(43.691247, -23.300262)"
2011,189,Excluded,NA,NA,NA,NA,"c(43.578475, -22.882589)"
2011,190,Control,NA,NA,NA,NA,"c(44.999794, -23.51165)"
2011,191,Control,NA,NA,NA,NA,"c(44.978845, -25.099359)"
2011,192,Control,NA,NA,NA,NA,"c(44.944296, -25.16097)"
2011,193,Control,NA,NA,NA,NA,"c(45.192595, -25.069407)"
2011,194,Control,NA,NA,NA,NA,"c(44.824477, -25.062218)"
2011,195,Control,NA,NA,NA,NA,"c(45.133785, -24.776946)"
2011,196,Control,NA,NA,NA,NA,"c(45.207943, -24.92998)"
2011,197,Control,NA,NA,NA,NA,"c(45.392926, -25.267321)"
2011,198,Control,NA,NA,NA,NA,"c(45.326242, -25.394829)"
2011,199,Control,NA,NA,NA,NA,"c(45.407708, -25.557818)"
2011,200,Control,NA,NA,NA,NA,"c(45.626737, -25.507498)"
2011,201,Control,NA,NA,NA,NA,"c(45.673724, -25.328306)"
2011,202,Control,NA,NA,NA,NA,"c(45.702531, -25.323826)"
2011,203,Treatment,555549452,2015,Not Reported,7.2053805526541295,"c(46.103053, -25.173443)"
2011,204,Treatment,555549452,2015,Not Reported,9.585823705179068,"c(46.064809, -25.18893)"
2011,205,Control,NA,NA,NA,NA,"c(46.122989, -25.211952)"
2011,206,Control,NA,NA,NA,NA,"c(45.985519, -25.257681)"
2011,207,Treatment,555549452,2015,Not Reported,0,"c(46.163552, -25.07335)"
2011,208,Control,NA,NA,NA,NA,"c(45.956412, -25.243166)"
2011,209,Control,NA,NA,NA,NA,"c(45.975643, -25.169482)"
2011,210,Treatment,555549452,2015,Not Reported,9.181874834355195,"c(46.137382, -25.197125)"
2011,211,Control,NA,NA,NA,NA,"c(46.216383, -25.190595)"
2011,212,Control,NA,NA,NA,NA,"c(45.866953, -25.250972)"
2011,213,Control,NA,NA,NA,NA,"c(45.841655, -25.362089)"
2011,214,Control,NA,NA,NA,NA,"c(45.828858, -25.153752)"
2011,215,Control,NA,NA,NA,NA,"c(45.636248, -25.174242)"
2011,216,Treatment,555549450,2018,Not Reported,5.513272466382095,"c(45.651957, -24.824555)"
2011,217,Control,NA,NA,NA,NA,"c(45.555135, -24.625139)"
2011,218,Control,NA,NA,NA,NA,"c(45.535699, -24.705849)"
2011,219,Control,NA,NA,NA,NA,"c(45.549196, -24.904502)"
2011,220,Control,NA,NA,NA,NA,"c(45.567249, -25.096142)"
2011,221,Control,NA,NA,NA,NA,"c(45.965669, -24.455572)"
2011,222,Control,NA,NA,NA,NA,"c(45.459283, -24.301699)"
2011,223,Excluded,NA,NA,NA,NA,"c(46.989476, -25.028465)"
2011,224,Excluded,NA,NA,NA,NA,"c(46.981931, -25.03248)"
2011,225,Control,NA,NA,NA,NA,"c(46.661315, -25.182991)"
2011,226,Excluded,NA,NA,NA,NA,"c(46.552792, -25.168547)"
2011,227,Treatment,555697878,2008,VI,7.391110912242182,"c(46.936965, -24.584541)"
2011,228,Excluded,NA,NA,NA,NA,"c(46.095242, -23.279202)"
2011,229,Control,NA,NA,NA,NA,"c(45.737504, -22.812113)"
2011,230,Excluded,NA,NA,NA,NA,"c(46.38759, -25.004016)"
2011,231,Excluded,NA,NA,NA,NA,"c(46.377009, -25.030748)"
2011,232,Treatment,555549451,2017,Not Reported,2.3513999643224346,"c(46.365524, -24.982191)"
2011,233,Excluded,NA,NA,NA,NA,"c(46.481009, -25.058228)"
2011,234,Control,NA,NA,NA,NA,"c(46.31169, -25.179903)"
2011,235,Treatment,555549452,2015,Not Reported,1.3674054055923615,"c(46.214682, -24.920605)"
2011,236,Control,NA,NA,NA,NA,"c(46.578918, -24.284011)"
2011,237,Control,NA,NA,NA,NA,"c(46.851046, -24.168678)"
2011,238,Treatment,555697899,2015,VI,7.551037279043177,"c(46.378593, -24.211906)"
2011,239,Control,NA,NA,NA,NA,"c(46.080959, -24.048567)"
2011,240,Control,NA,NA,NA,NA,"c(45.97542, -24.303825)"
2011,241,Control,NA,NA,NA,NA,"c(46.158647, -24.467831)"
2011,242,Treatment,555697877,2008,V,0,"c(43.781477, -21.631449)"
2011,243,Excluded,NA,NA,NA,NA,"c(44.277237, -20.297609)"
2011,244,Excluded,NA,NA,NA,NA,"c(44.281187, -20.306225)"
2011,245,Control,NA,NA,NA,NA,"c(44.840002, -20.304271)"
2011,246,Control,NA,NA,NA,NA,"c(44.630312, -19.395756)"
2011,247,Control,NA,NA,NA,NA,"c(45.455303, -19.349677)"
2011,248,Excluded,NA,NA,NA,NA,"c(49.260711, -12.606411)"
2011,249,Excluded,NA,NA,NA,NA,"c(49.292925, -12.287421)"
2011,250,Excluded,NA,NA,NA,NA,"c(49.298473, -12.287285)"
2011,251,Excluded,NA,NA,NA,NA,"c(49.312755, -12.286494)"
2011,252,Excluded,NA,NA,NA,NA,"c(49.29402, -12.316362)"
2011,253,Excluded,NA,NA,NA,NA,"c(49.044668, -13.211192)"
2011,254,Excluded,NA,NA,NA,NA,"c(48.797599, -13.692506)"
2011,255,Excluded,NA,NA,NA,NA,"c(48.262938, -13.408888)"
2011,256,Excluded,NA,NA,NA,NA,"c(48.198761, -13.33698)"
2011,257,Excluded,NA,NA,NA,NA,"c(48.454315, -13.689529)"
2011,258,Treatment,555697895,2015,V,6.3255384295456905,"c(48.415976, -13.605809)"
2011,259,Excluded,NA,NA,NA,NA,"c(50.272617, -14.902631)"
2011,260,Control,NA,NA,NA,NA,"c(50.211971, -14.680007)"
2011,261,Control,NA,NA,NA,NA,"c(49.961256, -14.608716)"
2011,262,Excluded,NA,NA,NA,NA,"c(50.143075, -14.268091)"
2011,263,Control,NA,NA,NA,NA,"c(50.055314, -14.464196)"
2011,264,Excluded,NA,NA,NA,NA,"c(49.632103, -14.65117)"
2011,265,Excluded,NA,NA,NA,NA,"c(49.659668, -14.663314)"
2011,266,Excluded,NA,NA,NA,NA,"c(49.512245, -14.37826)"
2011,267,Excluded,NA,NA,NA,NA,"c(50.012471, -13.354909)"
2011,268,Control,NA,NA,NA,NA,"c(49.727993, -13.903098)"
2013,1,Excluded,NA,NA,NA,NA,"c(47.5349880000001, -18.845026)"
2013,2,Control,NA,NA,NA,NA,"c(47.605573, -18.9460099999999)"
2013,3,Excluded,NA,NA,NA,NA,"c(47.56636, -18.863378)"
2013,4,Control,NA,NA,NA,NA,"c(47.6713120000001, -18.94827)"
2013,5,Control,NA,NA,NA,NA,"c(47.6800920000001, -19.0656079999999)"
2013,6,Excluded,NA,NA,NA,NA,"c(47.434847, -18.846055)"
2013,7,Excluded,NA,NA,NA,NA,"c(47.478169, -18.839895)"
2013,8,Excluded,NA,NA,NA,NA,"c(47.4544560000001, -18.8247539999999)"
2013,9,Control,NA,NA,NA,NA,"c(47.3701500000001, -18.748662)"
2013,10,Control,NA,NA,NA,NA,"c(47.409206, -18.884091)"
2013,11,Control,NA,NA,NA,NA,"c(46.9911080000001, -18.1323909999999)"
2013,12,Control,NA,NA,NA,NA,"c(47.0858870000001, -17.846465)"
2013,13,Control,NA,NA,NA,NA,"c(47.772161, -18.986283)"
2013,14,Control,NA,NA,NA,NA,"c(47.7947550000001, -19.127849)"
2013,15,Control,NA,NA,NA,NA,"c(47.718757, -18.747498)"
2013,16,Control,NA,NA,NA,NA,"c(47.821559, -18.2889249999999)"
2013,17,Control,NA,NA,NA,NA,"c(47.5285840000001, -18.12047)"
2013,18,Control,NA,NA,NA,NA,"c(47.551067, -19.156151)"
2013,19,Control,NA,NA,NA,NA,"c(47.824287, -19.175537)"
2013,20,Control,NA,NA,NA,NA,"c(47.4537580000001, -18.964547)"
2013,21,Excluded,NA,NA,NA,NA,"c(47.477226, -18.9067439999999)"
2013,22,Control,NA,NA,NA,NA,"c(47.4444320000001, -18.943502)"
2013,23,Excluded,NA,NA,NA,NA,"c(47.534995, -18.954516)"
2013,24,Control,NA,NA,NA,NA,"c(47.539004, -18.9908829999999)"
2013,25,Control,NA,NA,NA,NA,"c(47.4846190000001, -18.979235)"
2013,26,Control,NA,NA,NA,NA,"c(47.50284, -18.9803919999999)"
2013,27,Control,NA,NA,NA,NA,"c(47.5437020000001, -19.078592)"
2013,28,Control,NA,NA,NA,NA,"c(46.6108, -19.7519159999999)"
2013,30,Control,NA,NA,NA,NA,"c(46.8017790000001, -19.413649)"
2013,31,Treatment,555697897,2008,V,4.738093780353005,"c(47.0478160000001, -20.047987)"
2013,32,Control,NA,NA,NA,NA,"c(46.5964710000001, -19.5602459999999)"
2013,33,Excluded,NA,NA,NA,NA,"c(47.169635, -19.013256)"
2013,34,Excluded,NA,NA,NA,NA,"c(47.222564, -18.9976199999999)"
2013,35,Control,NA,NA,NA,NA,"c(47.3304120000001, -18.963657)"
2013,36,Control,NA,NA,NA,NA,"c(47.2007550000001, -18.8405819999999)"
2013,37,Excluded,NA,NA,NA,NA,"c(46.9216510000001, -18.944669)"
2013,38,Excluded,NA,NA,NA,NA,"c(46.903598, -18.955318)"
2013,39,Control,NA,NA,NA,NA,"c(46.9657290000001, -18.926711)"
2013,40,Control,NA,NA,NA,NA,"c(46.6290940000001, -18.8591559999999)"
2013,41,Control,NA,NA,NA,NA,"c(46.737286, -18.836991)"
2013,42,Control,NA,NA,NA,NA,"c(46.6789200000001, -19.1266649999999)"
2013,43,Excluded,NA,NA,NA,NA,"c(46.050778, -18.777906)"
2013,44,Control,NA,NA,NA,NA,"c(46.0375310000001, -18.737724)"
2013,45,Control,NA,NA,NA,NA,"c(46.406195, -18.7398949999999)"
2013,46,Control,NA,NA,NA,NA,"c(45.8809640000001, -18.5017759999999)"
2013,47,Control,NA,NA,NA,NA,"c(46.6899020000001, -18.6050509999999)"
2013,48,Excluded,NA,NA,NA,NA,"c(46.937397, -21.819182)"
2013,49,Excluded,NA,NA,NA,NA,"c(46.9256480000001, -21.8448969999999)"
2013,50,Excluded,NA,NA,NA,NA,"c(46.9279690000001, -21.823495)"
2013,51,Excluded,NA,NA,NA,NA,"c(46.982735, -21.8485919999999)"
2013,52,Control,NA,NA,NA,NA,"c(46.989851, -21.932943)"
2013,53,Control,NA,NA,NA,NA,"c(46.76626, -21.9181829999999)"
2013,54,Excluded,NA,NA,NA,NA,"c(47.22549, -21.101965)"
2013,55,Excluded,NA,NA,NA,NA,"c(47.3073410000001, -21.1125089999999)"
2013,56,Excluded,NA,NA,NA,NA,"c(47.2766060000001, -20.972638)"
2013,57,Control,NA,NA,NA,NA,"c(47.114603, -21.25818)"
2013,58,Control,NA,NA,NA,NA,"c(46.741858, -21.4980389999999)"
2013,59,Control,NA,NA,NA,NA,"c(47.177673, -21.482402)"
2013,60,Excluded,NA,NA,NA,NA,"c(47.300887, -21.268517)"
2013,61,Excluded,NA,NA,NA,NA,"c(47.261058, -21.7220129999999)"
2013,62,Control,NA,NA,NA,NA,"c(46.8052420000001, -21.616396)"
2013,63,Excluded,NA,NA,NA,NA,"c(47.338581, -21.7165939999999)"
2013,64,Control,NA,NA,NA,NA,"c(47.0212970000001, -21.243343)"
2013,65,Control,NA,NA,NA,NA,"c(46.947777, -21.12551)"
2013,66,Control,NA,NA,NA,NA,"c(46.943582, -20.3534739999999)"
2013,68,Excluded,NA,NA,NA,NA,"c(47.238977, -20.5227639999999)"
2013,69,Excluded,NA,NA,NA,NA,"c(47.2375630000001, -20.5276509999999)"
2013,70,Excluded,NA,NA,NA,NA,"c(47.25602, -20.5401199999999)"
2013,71,Excluded,NA,NA,NA,NA,"c(47.2447970000001, -20.523693)"
2013,72,Excluded,NA,NA,NA,NA,"c(47.2447510000001, -20.554852)"
2013,73,Control,NA,NA,NA,NA,"c(47.2178040000001, -20.5601179999999)"
2013,74,Control,NA,NA,NA,NA,"c(47.262859, -20.451086)"
2013,75,Treatment,555697897,2008,V,3.0068643975620515,"c(47.054761, -20.209909)"
2013,76,Control,NA,NA,NA,NA,"c(47.424541, -20.2848109999999)"
2013,77,Control,NA,NA,NA,NA,"c(47.2686780000001, -20.3456679999999)"
2013,78,Control,NA,NA,NA,NA,"c(47.3571670000001, -20.467971)"
2013,79,Control,NA,NA,NA,NA,"c(46.9680520000001, -20.799203)"
2013,80,Control,NA,NA,NA,NA,"c(47.705496, -21.542269)"
2013,81,Control,NA,NA,NA,NA,"c(48.361929, -20.4289229999999)"
2013,82,Control,NA,NA,NA,NA,"c(48.21504, -20.558567)"
2013,83,Excluded,NA,NA,NA,NA,"c(48.313839, -21.239234)"
2013,84,Control,NA,NA,NA,NA,"c(48.0199610000001, -21.3947029999999)"
2013,85,Control,NA,NA,NA,NA,"c(47.9013620000001, -20.8641679999999)"
2013,86,Excluded,NA,NA,NA,NA,"c(47.9838520000001, -22.189423)"
2013,87,Control,NA,NA,NA,NA,"c(47.8260110000001, -21.8106299999999)"
2013,88,Control,NA,NA,NA,NA,"c(48.0462190000001, -21.745662)"
2013,89,Excluded,NA,NA,NA,NA,"c(47.4509320000001, -21.878395)"
2013,90,Excluded,NA,NA,NA,NA,"c(47.3753840000001, -22.156962)"
2013,91,Control,NA,NA,NA,NA,"c(47.7366280000001, -22.4454289999999)"
2013,92,Excluded,NA,NA,NA,NA,"c(46.129511, -22.3938729999999)"
2013,93,Excluded,NA,NA,NA,NA,"c(45.166925, -22.515479)"
2013,94,Excluded,NA,NA,NA,NA,"c(47.7260410000001, -22.876411)"
2013,95,Control,NA,NA,NA,NA,"c(47.545896, -22.851781)"
2013,96,Excluded,NA,NA,NA,NA,"c(47.5990800000001, -23.3366839999999)"
2013,97,Treatment,555697900,2015,VI,7.879214178479758,"c(47.5998760000001, -23.413401)"
2013,98,Treatment,555697901,2015,VI,6.6838865190856795,"c(47.5649960000001, -23.5528399999999)"
2013,99,Excluded,NA,NA,NA,NA,"c(47.146685, -23.911065)"
2013,100,Excluded,NA,NA,NA,NA,"c(47.349323, -22.8400579999999)"
2013,101,Control,NA,NA,NA,NA,"c(47.510478, -22.5362289999999)"
2013,102,Excluded,NA,NA,NA,NA,"c(49.394547, -18.167541)"
2013,103,Excluded,NA,NA,NA,NA,"c(49.376987, -18.160857)"
2013,104,Excluded,NA,NA,NA,NA,"c(49.3898290000001, -18.1521299999999)"
2013,105,Excluded,NA,NA,NA,NA,"c(49.3945560000001, -18.178782)"
2013,106,Excluded,NA,NA,NA,NA,"c(49.393042, -18.155119)"
2013,107,Excluded,NA,NA,NA,NA,"c(49.3969900000001, -18.1291249999999)"
2013,108,Excluded,NA,NA,NA,NA,"c(49.38825, -18.137492)"
2013,109,Excluded,NA,NA,NA,NA,"c(49.404567, -18.143727)"
2013,110,Treatment,555697880,2015,V,7.894555540394779,"c(49.0095920000001, -18.899808)"
2013,111,Excluded,NA,NA,NA,NA,"c(48.659976, -18.604323)"
2013,112,Control,NA,NA,NA,NA,"c(48.818495, -19.68655)"
2013,113,Control,NA,NA,NA,NA,"c(48.635428, -20.2572499999999)"
2013,114,Treatment,555542728,2010,V,6.647663465538457,"c(48.301136, -19.8294359999999)"
2013,115,Control,NA,NA,NA,NA,"c(49.4164220000001, -17.9034609999999)"
2013,116,Control,NA,NA,NA,NA,"c(49.1691040000001, -17.7565289999999)"
2013,117,Excluded,NA,NA,NA,NA,"c(49.878365, -16.9021749999999)"
2013,118,Excluded,NA,NA,NA,NA,"c(49.734964, -15.4332699999999)"
2013,119,Excluded,NA,NA,NA,NA,"c(49.7463950000001, -15.2900769999999)"
2013,120,Control,NA,NA,NA,NA,"c(49.634039, -15.689183)"
2013,121,Control,NA,NA,NA,NA,"c(49.58374, -16.3215349999999)"
2013,122,Excluded,NA,NA,NA,NA,"c(49.3990380000001, -17.380344)"
2013,123,Control,NA,NA,NA,NA,"c(49.3858210000001, -17.579936)"
2013,124,Control,NA,NA,NA,NA,"c(49.395356, -17.123119)"
2013,125,Control,NA,NA,NA,NA,"c(49.3061520000001, -17.406731)"
2013,126,Treatment,555697898,2015,IV,5.889490707634804,"c(49.6304640000001, -16.840566)"
2013,127,Excluded,NA,NA,NA,NA,"c(48.3132340000001, -17.509174)"
2013,128,Excluded,NA,NA,NA,NA,"c(48.2182600900001, -17.75163048)"
2013,129,Excluded,NA,NA,NA,NA,"c(48.5453120000001, -17.247047)"
2013,130,Excluded,NA,NA,NA,NA,"c(48.4155930000001, -17.8184419999999)"
2013,131,Excluded,NA,NA,NA,NA,"c(48.418192, -17.832952)"
2013,132,Excluded,NA,NA,NA,NA,"c(48.5147440000001, -17.5553649999999)"
2013,133,Excluded,NA,NA,NA,NA,"c(48.3804200000001, -18.0882139999999)"
2013,134,Excluded,NA,NA,NA,NA,"c(48.2062230000001, -18.95186)"
2013,135,Excluded,NA,NA,NA,NA,"c(48.2293940000001, -18.955614)"
2013,136,Excluded,NA,NA,NA,NA,"c(48.346906, -18.7568209999999)"
2013,137,Control,NA,NA,NA,NA,"c(47.9718340000001, -19.2228469999999)"
2013,138,Excluded,NA,NA,NA,NA,"c(48.543119, -17.0410219999999)"
2013,139,Control,NA,NA,NA,NA,"c(48.230374, -19.355151)"
2013,140,Excluded,NA,NA,NA,NA,"c(46.3245000000001, -15.696581)"
2013,141,Excluded,NA,NA,NA,NA,"c(46.3127017990001, -15.72604724)"
2013,142,Excluded,NA,NA,NA,NA,"c(46.3148350000001, -15.72297)"
2013,143,Excluded,NA,NA,NA,NA,"c(46.3103089460001, -15.71197267)"
2013,144,Excluded,NA,NA,NA,NA,"c(46.341553, -15.707928)"
2013,145,Excluded,NA,NA,NA,NA,"c(46.340242, -15.7121589999999)"
2013,146,Excluded,NA,NA,NA,NA,"c(46.3446880000001, -15.719457)"
2013,147,Excluded,NA,NA,NA,NA,"c(46.7529280000001, -16.458185)"
2013,149,Excluded,NA,NA,NA,NA,"c(46.6815290000001, -16.100092)"
2013,150,Control,NA,NA,NA,NA,"c(46.947102, -15.9694699999999)"
2013,151,Excluded,NA,NA,NA,NA,"c(46.09981, -15.992475)"
2013,152,Excluded,NA,NA,NA,NA,"c(47.6212760000001, -15.5780359999999)"
2013,153,Excluded,NA,NA,NA,NA,"c(47.459959, -15.51215)"
2013,154,Excluded,NA,NA,NA,NA,"c(47.61551, -15.4705759999999)"
2013,155,Excluded,NA,NA,NA,NA,"c(48.8275320000001, -15.853103)"
2013,156,Control,NA,NA,NA,NA,"c(48.9481270000001, -15.5851269999999)"
2013,157,Excluded,NA,NA,NA,NA,"c(47.853081, -14.27476)"
2013,158,Control,NA,NA,NA,NA,"c(47.0934490000001, -15.291783)"
2013,159,Control,NA,NA,NA,NA,"c(48.7674440000001, -14.920047)"
2013,160,Excluded,NA,NA,NA,NA,"c(48.0000020000001, -14.87512)"
2013,161,Excluded,NA,NA,NA,NA,"c(48.2653930000001, -15.035175)"
2013,162,Control,NA,NA,NA,NA,"c(48.5407010000001, -14.643156)"
2013,163,Control,NA,NA,NA,NA,"c(47.601281, -15.8912109999999)"
2013,164,Excluded,NA,NA,NA,NA,"c(46.830159, -16.9447299999999)"
2013,165,Control,NA,NA,NA,NA,"c(46.583447, -17.1134089999999)"
2013,166,Control,NA,NA,NA,NA,"c(47.6303520000001, -16.775499)"
2013,167,Excluded,NA,NA,NA,NA,"c(45.35432, -16.146696)"
2013,168,Treatment,166880,2008,V,2.3534889171925677,"c(44.296862, -18.9284739999999)"
2013,169,Excluded,NA,NA,NA,NA,"c(44.0218144900001, -18.0707878699999)"
2013,170,Treatment,555697879,2015,V,1.2725578591756879,"c(44.5444180000001, -17.994109)"
2013,171,Excluded,NA,NA,NA,NA,"c(43.685209, -23.3693729999999)"
2013,172,Excluded,NA,NA,NA,NA,"c(43.65761, -23.3540229999999)"
2013,173,Excluded,NA,NA,NA,NA,"c(43.6797260000001, -23.3561079999999)"
2013,174,Excluded,NA,NA,NA,NA,"c(43.687128348, -23.3571929299999)"
2013,175,Excluded,NA,NA,NA,NA,"c(43.6574570000001, -23.3384829999999)"
2013,176,Control,NA,NA,NA,NA,"c(43.8574170000001, -22.115629)"
2013,177,Control,NA,NA,NA,NA,"c(44.6399010000001, -23.9733909999999)"
2013,178,Control,NA,NA,NA,NA,"c(44.117036, -23.8111519999999)"
2013,179,Control,NA,NA,NA,NA,"c(44.4103850000001, -23.929885)"
2013,180,Excluded,NA,NA,NA,NA,"c(44.623728, -23.6533659999999)"
2013,181,Control,NA,NA,NA,NA,"c(44.4962650000001, -23.479073)"
2013,182,Control,NA,NA,NA,NA,"c(45.068156, -23.839103)"
2013,183,Control,NA,NA,NA,NA,"c(44.7418010000001, -24.704235)"
2013,184,Control,NA,NA,NA,NA,"c(44.4870250000001, -24.8094889999999)"
2013,185,Control,NA,NA,NA,NA,"c(45.0720420000001, -24.49173)"
2013,186,Control,NA,NA,NA,NA,"c(44.6745270000001, -24.513231)"
2013,187,Control,NA,NA,NA,NA,"c(44.937916, -24.403108)"
2013,188,Control,NA,NA,NA,NA,"c(44.9931080000001, -24.522757)"
2013,189,Control,NA,NA,NA,NA,"c(44.525699, -24.312317)"
2013,190,Control,NA,NA,NA,NA,"c(44.4623810000001, -24.472926)"
2013,191,Control,NA,NA,NA,NA,"c(44.436316, -24.056207)"
2013,192,Control,NA,NA,NA,NA,"c(44.7412150000001, -24.266784)"
2013,193,Treatment,555785986,2008,II,8.793027641247543,"c(44.1937520000001, -25.009084)"
2013,194,Control,NA,NA,NA,NA,"c(44.4120060000001, -25.1515489999999)"
2013,195,Control,NA,NA,NA,NA,"c(44.6824530000001, -24.0084649999999)"
2013,196,Control,NA,NA,NA,NA,"c(45.1273100000001, -24.0492389999999)"
2013,197,Control,NA,NA,NA,NA,"c(45.000905, -24.11911)"
2013,198,Excluded,NA,NA,NA,NA,"c(43.763763226, -24.39032087)"
2013,199,Excluded,NA,NA,NA,NA,"c(44.03240249, -24.835776123)"
2013,200,Control,NA,NA,NA,NA,"c(44.2195530000001, -24.4609869999999)"
2013,201,Treatment,555697891,2015,III,9.948247008013219,"c(44.2903890000001, -22.5839099999999)"
2013,202,Excluded,NA,NA,NA,NA,"c(43.956875, -23.447978)"
2013,203,Excluded,NA,NA,NA,NA,"c(43.552156, -22.8274999999999)"
2013,204,Control,NA,NA,NA,NA,"c(45.028223, -25.14438)"
2013,205,Control,NA,NA,NA,NA,"c(44.985263, -25.2532399999999)"
2013,206,Control,NA,NA,NA,NA,"c(45.216061, -25.239563)"
2013,207,Treatment,555549449,2015,Not Reported,4.327396208436968,"c(44.639728, -25.120618)"
2013,208,Control,NA,NA,NA,NA,"c(45.329504, -24.739639)"
2013,209,Control,NA,NA,NA,NA,"c(45.3271300000001, -24.900341)"
2013,210,Control,NA,NA,NA,NA,"c(45.3162980000001, -25.366981)"
2013,211,Control,NA,NA,NA,NA,"c(45.394779, -25.3838309999999)"
2013,212,Control,NA,NA,NA,NA,"c(45.450044, -25.5563799999999)"
2013,213,Control,NA,NA,NA,NA,"c(45.653351, -25.46953)"
2013,214,Control,NA,NA,NA,NA,"c(45.679449, -25.316454)"
2013,215,Control,NA,NA,NA,NA,"c(45.7390150000001, -25.274525)"
2013,216,Treatment,555549452,2015,Not Reported,6.791169531876616,"c(46.0554530000001, -25.161603)"
2013,217,Treatment,555549452,2015,Not Reported,8.975588004924246,"c(46.075097, -25.18504)"
2013,218,Control,NA,NA,NA,NA,"c(46.1163520000001, -25.22894)"
2013,219,Control,NA,NA,NA,NA,"c(45.9968470000001, -25.223385)"
2013,220,Treatment,555549452,2015,Not Reported,0,"c(46.1789240000001, -25.054522)"
2013,221,Treatment,555549452,2015,Not Reported,9.031335060898348,"c(46.015156, -25.1645179999999)"
2013,222,Treatment,555549452,2015,Not Reported,3.5350158973038828,"c(45.9835440000001, -25.058776)"
2013,223,Treatment,555549452,2015,Not Reported,6.984312096833619,"c(46.137231, -25.177017)"
2013,224,Treatment,555549452,2015,Not Reported,3.438237311373391,"c(46.218171, -25.106148)"
2013,225,Control,NA,NA,NA,NA,"c(45.8502040000001, -25.188909)"
2013,226,Control,NA,NA,NA,NA,"c(45.895315, -25.3195699999999)"
2013,227,Control,NA,NA,NA,NA,"c(45.812127, -25.16493)"
2013,228,Control,NA,NA,NA,NA,"c(45.6182610000001, -25.1142419999999)"
2013,230,Treatment,555549450,2018,Not Reported,9.533005922909451,"c(45.6934380000001, -25.002375)"
2013,231,Control,NA,NA,NA,NA,"c(45.7413900000001, -24.514379)"
2013,232,Control,NA,NA,NA,NA,"c(45.515298, -24.78182)"
2013,233,Control,NA,NA,NA,NA,"c(45.5674210000001, -24.98702)"
2013,234,Control,NA,NA,NA,NA,"c(45.389981, -25.0209629999999)"
2013,235,Control,NA,NA,NA,NA,"c(45.1964550000001, -24.2534029999999)"
2013,236,Control,NA,NA,NA,NA,"c(45.5121070000001, -24.027757)"
2013,237,Excluded,NA,NA,NA,NA,"c(46.9881350000001, -25.0145449999999)"
2013,238,Excluded,NA,NA,NA,NA,"c(46.833847, -25.0714629999999)"
2013,239,Treatment,2303,2015,II,2.503340356693402,"c(46.6878510000001, -24.8767139999999)"
2013,240,Treatment,555697878,2008,VI,9.282729362322458,"c(46.8193130000001, -24.685843)"
2013,241,Control,NA,NA,NA,NA,"c(47.1987480000001, -24.335363)"
2013,242,Excluded,NA,NA,NA,NA,"c(46.1029750000001, -23.2727009999999)"
2013,243,Control,NA,NA,NA,NA,"c(45.733936, -23.819129)"
2013,244,Excluded,NA,NA,NA,NA,"c(46.3580440000001, -25.0639419999999)"
2013,245,Excluded,NA,NA,NA,NA,"c(46.395, -25.068045)"
2013,246,Excluded,NA,NA,NA,NA,"c(46.4229530000001, -24.9389459999999)"
2013,247,Excluded,NA,NA,NA,NA,"c(46.494071868, -25.14245269)"
2013,248,Excluded,NA,NA,NA,NA,"c(46.1719110000001, -24.8163099999999)"
2013,249,Treatment,555549451,2017,Not Reported,2.307785985577014,"c(46.4356780000001, -24.580046)"
2013,256,Excluded,NA,NA,NA,NA,"c(44.2939420000001, -20.295512)"
2013,257,Excluded,NA,NA,NA,NA,"c(44.2756200000001, -20.295407)"
2013,258,Excluded,NA,NA,NA,NA,"c(44.4371870000001, -20.1618309999999)"
2013,259,Control,NA,NA,NA,NA,"c(45.0242890000001, -20.368149)"
2013,260,Excluded,NA,NA,NA,NA,"c(44.6112200000001, -19.918219)"
2013,261,Control,NA,NA,NA,NA,"c(45.37559, -19.7048369999999)"
2013,262,Treatment,555697918,2011,II,0.5336384567039961,"c(49.1948137210001, -12.13444487)"
2013,263,Excluded,NA,NA,NA,NA,"c(49.2926560000001, -12.2768149999999)"
2013,264,Excluded,NA,NA,NA,NA,"c(49.285492, -12.285586)"
2013,265,Excluded,NA,NA,NA,NA,"c(49.3015320000001, -12.2987719999999)"
2013,266,Excluded,NA,NA,NA,NA,"c(49.2875750000001, -12.315828)"
2013,267,Excluded,NA,NA,NA,NA,"c(49.049364, -13.188616)"
2013,268,Treatment,555697910,2015,V,8.50663682219561,"c(49.114451, -13.265704)"
2013,269,Treatment,555697895,2015,V,0.25523509908529024,"c(48.7554960000001, -13.6261459999999)"
2013,270,Excluded,NA,NA,NA,NA,"c(48.2567490000001, -13.401309)"
2013,271,Excluded,NA,NA,NA,NA,"c(48.2749680000001, -13.4065019999999)"
2013,272,Excluded,NA,NA,NA,NA,"c(48.205659, -13.357744)"
2013,273,Excluded,NA,NA,NA,NA,"c(48.444825, -13.673799)"
2013,274,Treatment,5026,2015,IV,5.060838630567133,"c(48.526624, -13.967412)"
2013,275,Excluded,NA,NA,NA,NA,"c(50.267837, -14.9054599999999)"
2013,276,Control,NA,NA,NA,NA,"c(50.186675, -14.8656159999999)"
2013,277,Excluded,NA,NA,NA,NA,"c(50.140817, -14.279263)"
2013,278,Control,NA,NA,NA,NA,"c(50.0182140000001, -14.368621)"
2013,279,Excluded,NA,NA,NA,NA,"c(49.6845510000001, -14.2178519999999)"
2013,280,Excluded,NA,NA,NA,NA,"c(49.6284130000001, -14.651695)"
2013,281,Excluded,NA,NA,NA,NA,"c(49.57536, -14.778115)"
2013,282,Excluded,NA,NA,NA,NA,"c(50.0166580000001, -13.3611759999999)"
2013,283,Treatment,555697908,2015,V,1.2024162930509157,"c(49.8312550000001, -13.2596)"
2013,284,Control,NA,NA,NA,NA,"c(49.7393430000001, -13.9179819999999)"
2016,1,Control,NA,NA,NA,NA,"c(47.5679848290001, -18.969950012)"
2016,2,Excluded,NA,NA,NA,NA,"c(47.571587273, -18.8335094469999)"
2016,3,Control,NA,NA,NA,NA,"c(47.630718088, -18.842986728)"
2016,4,Control,NA,NA,NA,NA,"c(47.411923449, -18.833024069)"
2016,5,Excluded,NA,NA,NA,NA,"c(47.4478315920001, -18.824121646)"
2016,6,Control,NA,NA,NA,NA,"c(47.558352981, -18.75685398)"
2016,7,Control,NA,NA,NA,NA,"c(47.0728333540001, -18.317022709)"
2016,8,Control,NA,NA,NA,NA,"c(46.981669132, -18.0137104419999)"
2016,9,Control,NA,NA,NA,NA,"c(47.659779649, -18.922670817)"
2016,10,Control,NA,NA,NA,NA,"c(47.8041023380001, -18.487542822)"
2016,11,Control,NA,NA,NA,NA,"c(47.6267969190001, -18.223747201)"
2016,12,Excluded,NA,NA,NA,NA,"c(47.47958505, -18.9359351799999)"
2016,13,Excluded,NA,NA,NA,NA,"c(47.475494547, -18.907819377)"
2016,14,Excluded,NA,NA,NA,NA,"c(47.4738494150001, -18.9090945099999)"
2016,15,Control,NA,NA,NA,NA,"c(47.532086889, -18.963668565)"
2016,16,Control,NA,NA,NA,NA,"c(47.489230757, -18.98731972)"
2016,17,Control,NA,NA,NA,NA,"c(46.85681212, -19.8321866799999)"
2016,18,Control,NA,NA,NA,NA,"c(46.7343350030001, -19.786983548)"
2016,19,Control,NA,NA,NA,NA,"c(46.6174659550001, -19.746467617)"
2016,20,Control,NA,NA,NA,NA,"c(46.7391351470001, -19.602798804)"
2016,21,Control,NA,NA,NA,NA,"c(46.6502388170001, -19.65974654)"
2016,23,Control,NA,NA,NA,NA,"c(47.4509864120001, -19.241844858)"
2016,24,Control,NA,NA,NA,NA,"c(46.975346222, -19.2674582949999)"
2016,25,Control,NA,NA,NA,NA,"c(46.7051996070001, -19.4573259209999)"
2016,26,Control,NA,NA,NA,NA,"c(47.03110237, -19.96428808)"
2016,27,Treatment,555697897,2008,V,3.4842458525379127,"c(47.0854150000001, -20.125303)"
2016,28,Control,NA,NA,NA,NA,"c(46.286960192, -19.5811547389999)"
2016,29,Control,NA,NA,NA,NA,"c(46.2590903170001, -19.504454503)"
2016,30,Control,NA,NA,NA,NA,"c(46.5239538800001, -19.6739492899999)"
2016,31,Control,NA,NA,NA,NA,"c(46.529928629, -19.458040814)"
2016,32,Control,NA,NA,NA,NA,"c(46.2475650740001, -19.660555927)"
2016,33,Excluded,NA,NA,NA,NA,"c(47.1982959810001, -18.997475906)"
2016,34,Control,NA,NA,NA,NA,"c(47.199791868, -18.9206674)"
2016,35,Control,NA,NA,NA,NA,"c(47.3348608540001, -18.97137357)"
2016,36,Control,NA,NA,NA,NA,"c(47.30184339, -18.9168632729999)"
2016,37,Control,NA,NA,NA,NA,"c(47.4268144430001, -19.053891251)"
2016,38,Control,NA,NA,NA,NA,"c(47.3603136200001, -19.1383609)"
2016,39,Excluded,NA,NA,NA,NA,"c(46.886559816, -18.9593028099999)"
2016,40,Control,NA,NA,NA,NA,"c(46.8198758600001, -18.7403208449999)"
2016,41,Control,NA,NA,NA,NA,"c(46.937277264, -19.115228611)"
2016,42,Control,NA,NA,NA,NA,"c(46.735236103, -18.9851482139999)"
2016,43,Control,NA,NA,NA,NA,"c(46.732202634, -18.8811657319999)"
2016,44,Control,NA,NA,NA,NA,"c(47.076191882, -18.782485508)"
2016,45,Control,NA,NA,NA,NA,"c(46.683061996, -19.096991997)"
2016,46,Control,NA,NA,NA,NA,"c(46.7544795200001, -19.04495838)"
2016,47,Control,NA,NA,NA,NA,"c(46.63281068, -19.04369135)"
2016,48,Control,NA,NA,NA,NA,"c(46.4298575880001, -19.131376664)"
2016,49,Excluded,NA,NA,NA,NA,"c(46.0434868140001, -18.7733942689999)"
2016,50,Excluded,NA,NA,NA,NA,"c(46.0569315270001, -18.7948145409999)"
2016,51,Control,NA,NA,NA,NA,"c(46.095997272, -18.827572392)"
2016,52,Control,NA,NA,NA,NA,"c(46.3253810830001, -18.67556007)"
2016,53,Control,NA,NA,NA,NA,"c(46.4591715070001, -18.9992598119999)"
2016,54,Control,NA,NA,NA,NA,"c(45.8718760350001, -18.883622594)"
2016,55,Control,NA,NA,NA,NA,"c(46.2974585050001, -18.525575153)"
2016,56,Control,NA,NA,NA,NA,"c(45.711028834, -18.91789855)"
2016,57,Control,NA,NA,NA,NA,"c(46.53051965, -18.7717797999999)"
2016,58,Control,NA,NA,NA,NA,"c(46.343531737, -19.1370167269999)"
2016,59,Control,NA,NA,NA,NA,"c(45.976280376, -19.1375779649999)"
2016,60,Control,NA,NA,NA,NA,"c(46.1481952610001, -19.271489399)"
2016,61,Control,NA,NA,NA,NA,"c(46.9139234300001, -18.507688877)"
2016,62,Control,NA,NA,NA,NA,"c(46.8921673130001, -18.644403854)"
2016,63,Control,NA,NA,NA,NA,"c(46.0600052660001, -18.287535227)"
2016,64,Control,NA,NA,NA,NA,"c(46.4517963220001, -17.9944291099999)"
2016,65,Excluded,NA,NA,NA,NA,"c(46.9340048390001, -21.833613402)"
2016,66,Control,NA,NA,NA,NA,"c(46.844211741, -21.826379873)"
2016,67,Control,NA,NA,NA,NA,"c(46.7955361200001, -21.850188596)"
2016,68,Control,NA,NA,NA,NA,"c(46.446491639, -21.99559704)"
2016,69,Excluded,NA,NA,NA,NA,"c(47.2078066230001, -21.1073252379999)"
2016,70,Control,NA,NA,NA,NA,"c(47.248659952, -21.1759760749999)"
2016,71,Excluded,NA,NA,NA,NA,"c(47.253766494, -21.0051151559999)"
2016,72,Control,NA,NA,NA,NA,"c(47.0892010490001, -21.2572852769999)"
2016,73,Control,NA,NA,NA,NA,"c(46.8193607850001, -21.3704268829999)"
2016,74,Excluded,NA,NA,NA,NA,"c(47.21198954, -21.40716287)"
2016,75,Control,NA,NA,NA,NA,"c(47.1802521930001, -21.2497689059999)"
2016,76,Control,NA,NA,NA,NA,"c(47.13487653, -21.41119421)"
2016,77,Control,NA,NA,NA,NA,"c(47.0253987730001, -21.566785957)"
2016,78,Control,NA,NA,NA,NA,"c(46.954443, -21.649578097)"
2016,79,Control,NA,NA,NA,NA,"c(46.9733820490001, -21.317956744)"
2016,80,Control,NA,NA,NA,NA,"c(46.9184169490001, -21.387994992)"
2016,81,Control,NA,NA,NA,NA,"c(46.7490475700001, -20.3342036019999)"
2016,82,Control,NA,NA,NA,NA,"c(46.858507677, -20.866218649)"
2016,83,Control,NA,NA,NA,NA,"c(46.9064801970001, -20.364194235)"
2016,84,Control,NA,NA,NA,NA,"c(45.999200188, -20.607044054)"
2016,85,Excluded,NA,NA,NA,NA,"c(47.2448603170001, -20.5295637159999)"
2016,86,Excluded,NA,NA,NA,NA,"c(47.240847022, -20.5431630479999)"
2016,87,Control,NA,NA,NA,NA,"c(47.1359998880001, -20.5126499899999)"
2016,88,Control,NA,NA,NA,NA,"c(47.173521727, -20.460350943)"
2016,89,Excluded,NA,NA,NA,NA,"c(47.3915772, -20.61615784)"
2016,90,Excluded,NA,NA,NA,NA,"c(47.408445816, -20.804103163)"
2016,91,Control,NA,NA,NA,NA,"c(47.333633267, -20.268053955)"
2016,92,Control,NA,NA,NA,NA,"c(47.3576416990001, -20.1152273939999)"
2016,93,Control,NA,NA,NA,NA,"c(47.30101245, -20.3477814689999)"
2016,94,Control,NA,NA,NA,NA,"c(47.4557177130001, -20.2376645699999)"
2016,95,Control,NA,NA,NA,NA,"c(47.042453075, -20.766936873)"
2016,96,Control,NA,NA,NA,NA,"c(46.9870865720001, -20.864698243)"
2016,97,Control,NA,NA,NA,NA,"c(47.749263887, -21.53942187)"
2016,98,Control,NA,NA,NA,NA,"c(48.353611205, -20.439871867)"
2016,99,Control,NA,NA,NA,NA,"c(48.2015860170001, -20.512063154)"
2016,100,Excluded,NA,NA,NA,NA,"c(48.3516954930001, -21.221086559)"
2016,101,Control,NA,NA,NA,NA,"c(48.160520761, -21.12521035)"
2016,102,Control,NA,NA,NA,NA,"c(48.1514282690001, -20.929966077)"
2016,103,Excluded,NA,NA,NA,NA,"c(48.01529859, -22.13735881)"
2016,104,Control,NA,NA,NA,NA,"c(47.905099728, -21.906399794)"
2016,105,Control,NA,NA,NA,NA,"c(47.7343841250001, -22.069968677)"
2016,106,Control,NA,NA,NA,NA,"c(47.8328123160001, -21.680769459)"
2016,107,Excluded,NA,NA,NA,NA,"c(47.4284146090001, -21.513560406)"
2016,108,Control,NA,NA,NA,NA,"c(47.8405194590001, -22.352715799)"
2016,109,Control,NA,NA,NA,NA,"c(47.840244768, -22.458042795)"
2016,110,Control,NA,NA,NA,NA,"c(47.7620469440001, -22.320509073)"
2016,111,Control,NA,NA,NA,NA,"c(47.8118785790001, -22.314321514)"
2016,112,Control,NA,NA,NA,NA,"c(47.7170808600001, -22.29860995)"
2016,113,Control,NA,NA,NA,NA,"c(47.598107886, -22.3555183999999)"
2016,114,Control,NA,NA,NA,NA,"c(47.5089489320001, -22.272852772)"
2016,115,Excluded,NA,NA,NA,NA,"c(46.129784994, -22.404820311)"
2016,116,Excluded,NA,NA,NA,NA,"c(46.125322087, -22.4003329179999)"
2016,117,Control,NA,NA,NA,NA,"c(46.2719665070001, -22.3816650099999)"
2016,118,Control,NA,NA,NA,NA,"c(46.086800236, -22.211149759)"
2016,119,Control,NA,NA,NA,NA,"c(45.893217362, -22.638985846)"
2016,120,Control,NA,NA,NA,NA,"c(46.5489362050001, -22.361623536)"
2016,121,Control,NA,NA,NA,NA,"c(45.502132714, -22.396358823)"
2016,122,Excluded,NA,NA,NA,NA,"c(45.400212735, -22.5969375519999)"
2016,123,Excluded,NA,NA,NA,NA,"c(45.2306233900001, -22.6716834759999)"
2016,124,Control,NA,NA,NA,NA,"c(45.045994621, -22.8556431279999)"
2016,125,Excluded,NA,NA,NA,NA,"c(46.91327927, -22.4861914479999)"
2016,129,Control,NA,NA,NA,NA,"c(46.615772727, -22.792922007)"
2016,131,Excluded,NA,NA,NA,NA,"c(47.823652085, -22.827093062)"
2016,132,Excluded,NA,NA,NA,NA,"c(47.8315879580001, -22.8280091779999)"
2016,133,Control,NA,NA,NA,NA,"c(47.8061082890001, -22.7468785679999)"
2016,134,Excluded,NA,NA,NA,NA,"c(47.6637939650001, -22.903284427)"
2016,135,Control,NA,NA,NA,NA,"c(47.492431165, -22.792035042)"
2016,136,Treatment,555697892,2015,VI,9.364601104117853,"c(47.599176001, -23.164367935)"
2016,137,Control,NA,NA,NA,NA,"c(47.5721191430001, -23.0050631029999)"
2016,138,Excluded,NA,NA,NA,NA,"c(47.6055023750001, -23.3466733459999)"
2016,139,Control,NA,NA,NA,NA,"c(47.6242518220001, -23.3025978169999)"
2016,140,Control,NA,NA,NA,NA,"c(47.4478067110001, -23.3398119289999)"
2016,141,Excluded,NA,NA,NA,NA,"c(47.2991938320001, -23.429997843)"
2016,142,Control,NA,NA,NA,NA,"c(47.5334139030001, -23.811976441)"
2016,144,Excluded,NA,NA,NA,NA,"c(47.3161786970001, -22.829910528)"
2016,145,Control,NA,NA,NA,NA,"c(47.4139590600001, -22.6658936969999)"
2016,146,Control,NA,NA,NA,NA,"c(47.3883661890001, -22.3325800879999)"
2016,148,Excluded,NA,NA,NA,NA,"c(49.411575585, -18.1545987879999)"
2016,149,Excluded,NA,NA,NA,NA,"c(49.3900254820001, -18.1662539779999)"
2016,150,Excluded,NA,NA,NA,NA,"c(49.391365938, -18.139055522)"
2016,151,Control,NA,NA,NA,NA,"c(49.066674871, -18.8639884199999)"
2016,152,Control,NA,NA,NA,NA,"c(48.9614303490001, -18.6441291479999)"
2016,153,Control,NA,NA,NA,NA,"c(49.1134519400001, -18.4601843189999)"
2016,154,Excluded,NA,NA,NA,NA,"c(48.990704857, -18.3272102949999)"
2016,155,Control,NA,NA,NA,NA,"c(48.8528449710001, -19.5643725749999)"
2016,156,Control,NA,NA,NA,NA,"c(48.6879081760001, -19.9462210419999)"
2016,157,Control,NA,NA,NA,NA,"c(48.506900364, -20.202148532)"
2016,158,Control,NA,NA,NA,NA,"c(48.3077650450001, -20.250652572)"
2016,159,Treatment,555542728,2010,V,0,"c(47.875265261, -20.0979138499999)"
2016,160,Control,NA,NA,NA,NA,"c(49.26780575, -18.2528245509999)"
2016,161,Excluded,NA,NA,NA,NA,"c(49.4748038480001, -17.6944084309999)"
2016,162,Control,NA,NA,NA,NA,"c(49.2861916570001, -17.6000197449999)"
2016,163,Excluded,NA,NA,NA,NA,"c(49.0708448940001, -17.772909156)"
2016,165,Control,NA,NA,NA,NA,"c(48.517589656, -19.5730967989999)"
2016,166,Excluded,NA,NA,NA,NA,"c(49.8312989830001, -17.0324168189999)"
2016,167,Excluded,NA,NA,NA,NA,"c(49.750118533, -15.4393197859999)"
2016,168,Excluded,NA,NA,NA,NA,"c(49.8125070130001, -15.319405789)"
2016,169,Excluded,NA,NA,NA,NA,"c(49.6355968550001, -15.4851928849999)"
2016,170,Control,NA,NA,NA,NA,"c(49.698980706, -16.1525275929999)"
2016,171,Excluded,NA,NA,NA,NA,"c(49.7996364200001, -16.3721928599999)"
2016,172,Excluded,NA,NA,NA,NA,"c(49.4046871200001, -17.380662754)"
2016,173,Excluded,NA,NA,NA,NA,"c(49.4093065160001, -17.3920817859999)"
2016,174,Control,NA,NA,NA,NA,"c(49.3376394150001, -17.3636439979999)"
2016,175,Excluded,NA,NA,NA,NA,"c(49.380360862, -17.1894878749999)"
2016,176,Control,NA,NA,NA,NA,"c(48.8668577230001, -17.020847015)"
2016,177,Control,NA,NA,NA,NA,"c(49.183160753, -17.168030326)"
2016,178,Control,NA,NA,NA,NA,"c(49.1911906890001, -17.4649708009999)"
2016,179,Control,NA,NA,NA,NA,"c(49.2245075380001, -17.518682009)"
2016,180,Control,NA,NA,NA,NA,"c(49.2739356260001, -17.5564157219999)"
2016,181,Control,NA,NA,NA,NA,"c(49.3413468190001, -17.37814617)"
2016,182,Control,NA,NA,NA,NA,"c(49.094443434, -17.311983084)"
2016,183,Control,NA,NA,NA,NA,"c(49.0858609310001, -17.344920476)"
2016,184,Control,NA,NA,NA,NA,"c(49.1597312970001, -17.647591856)"
2016,185,Control,NA,NA,NA,NA,"c(49.005073424, -17.3948782009999)"
2016,186,Control,NA,NA,NA,NA,"c(49.5748279210001, -16.9411152929999)"
2016,187,Control,NA,NA,NA,NA,"c(49.5238162910001, -16.9085504719999)"
2016,188,Treatment,555697898,2015,IV,9.34724295795216,"c(49.5988753500001, -16.8529576559999)"
2016,189,Excluded,NA,NA,NA,NA,"c(49.3032413070001, -16.949126634)"
2016,190,Control,NA,NA,NA,NA,"c(49.5282341810001, -16.7607434019999)"
2016,191,Treatment,555697898,2015,IV,5.892739226458778,"c(49.6877793240001, -16.7006657659999)"
2016,193,Excluded,NA,NA,NA,NA,"c(48.2138537000001, -17.5918316459999)"
2016,194,Excluded,NA,NA,NA,NA,"c(48.3227901540001, -17.423154004)"
2016,195,Excluded,NA,NA,NA,NA,"c(48.1450221640001, -17.870538757)"
2016,196,Excluded,NA,NA,NA,NA,"c(48.5103135260001, -17.267024931)"
2016,197,Excluded,NA,NA,NA,NA,"c(48.4061383060001, -17.8209638189999)"
2016,198,Excluded,NA,NA,NA,NA,"c(48.42017974, -17.8419107249999)"
2016,199,Excluded,NA,NA,NA,NA,"c(48.315393521, -17.7636901829999)"
2016,200,Excluded,NA,NA,NA,NA,"c(48.2800774660001, -17.860388121)"
2016,201,Excluded,NA,NA,NA,NA,"c(48.44740384, -17.992303743)"
2016,202,Excluded,NA,NA,NA,NA,"c(48.0737313660001, -17.9945775149999)"
2016,203,Excluded,NA,NA,NA,NA,"c(48.222176265, -18.9321204459999)"
2016,204,Treatment,555697885,2015,VI,9.578549046486675,"c(48.024248743, -19.024278093)"
2016,205,Excluded,NA,NA,NA,NA,"c(48.366075057, -19.0669695129999)"
2016,206,Treatment,555697885,2015,VI,3.1211685678696526,"c(48.082095968, -19.0443904329999)"
2016,207,Control,NA,NA,NA,NA,"c(48.492908318, -16.914759244)"
2016,208,Control,NA,NA,NA,NA,"c(48.3117613530001, -19.3915751879999)"
2016,209,Excluded,NA,NA,NA,NA,"c(46.315251195, -15.7073220739999)"
2016,210,Excluded,NA,NA,NA,NA,"c(46.3200704590001, -15.7038390889999)"
2016,211,Excluded,NA,NA,NA,NA,"c(46.3356557610001, -15.6714947039999)"
2016,212,Excluded,NA,NA,NA,NA,"c(46.318073831, -15.718926263)"
2016,213,Excluded,NA,NA,NA,NA,"c(46.3565921800001, -15.72589089)"
2016,215,Control,NA,NA,NA,NA,"c(46.868301611, -16.472955081)"
2016,216,Control,NA,NA,NA,NA,"c(46.486144337, -16.4828172699999)"
2016,218,Control,NA,NA,NA,NA,"c(46.113921174, -16.6268840939999)"
2016,219,Excluded,NA,NA,NA,NA,"c(46.6451871880001, -16.0948549029999)"
2016,220,Excluded,NA,NA,NA,NA,"c(46.7729685040001, -16.172249703)"
2016,221,Control,NA,NA,NA,NA,"c(46.513247623, -16.1616083829999)"
2016,222,Excluded,NA,NA,NA,NA,"c(45.6986335560001, -16.1356059679999)"
2016,223,Control,NA,NA,NA,NA,"c(46.432555096, -15.5975998559999)"
2016,224,Control,NA,NA,NA,NA,"c(46.8698732130001, -15.7046890149999)"
2016,225,Excluded,NA,NA,NA,NA,"c(47.602973417, -15.8210096619999)"
2016,226,Control,NA,NA,NA,NA,"c(47.1977681010001, -15.6595897729999)"
2016,227,Excluded,NA,NA,NA,NA,"c(48.8240447140001, -15.858818941)"
2016,228,Control,NA,NA,NA,NA,"c(48.7968235770001, -15.7973780899999)"
2016,229,Control,NA,NA,NA,NA,"c(48.467739146, -15.753097247)"
2016,230,Treatment,5035,2015,IV,2.070698538603815,"c(48.791531595, -16.407915553)"
2016,231,Control,NA,NA,NA,NA,"c(48.0476676870001, -14.516520789)"
2016,232,Control,NA,NA,NA,NA,"c(48.1600438570001, -14.0808488019999)"
2016,233,Control,NA,NA,NA,NA,"c(48.3867115890001, -15.086253782)"
2016,234,Control,NA,NA,NA,NA,"c(48.7651148960001, -15.247264861)"
2016,235,Excluded,NA,NA,NA,NA,"c(49.2818241040001, -15.084605516)"
2016,236,Excluded,NA,NA,NA,NA,"c(48.0062563600001, -14.8702544729999)"
2016,237,Control,NA,NA,NA,NA,"c(48.2862628980001, -14.651732932)"
2016,238,Treatment,555624846,2017,Not Reported,7.502192823532877,"c(48.9202914630001, -14.618647704)"
2016,239,Treatment,555624846,2017,Not Reported,6.358848052626449,"c(48.941024579, -14.6448282879999)"
2016,240,Excluded,NA,NA,NA,NA,"c(47.290523093, -16.242849626)"
2016,241,Excluded,NA,NA,NA,NA,"c(46.823025817, -16.957025764)"
2016,242,Excluded,NA,NA,NA,NA,"c(46.84655996, -16.949773927)"
2016,243,Control,NA,NA,NA,NA,"c(46.781114905, -17.09977142)"
2016,244,Control,NA,NA,NA,NA,"c(46.511921392, -17.1660713649999)"
2016,245,Control,NA,NA,NA,NA,"c(46.8317839060001, -17.217344269)"
2016,246,Control,NA,NA,NA,NA,"c(46.90858898, -16.822693009)"
2016,247,Control,NA,NA,NA,NA,"c(46.437331703, -17.264795846)"
2016,248,Control,NA,NA,NA,NA,"c(47.0292002460001, -17.747875)"
2016,249,Control,NA,NA,NA,NA,"c(46.840502701, -16.842078092)"
2016,250,Control,NA,NA,NA,NA,"c(47.5241668890001, -16.728118648)"
2016,251,Control,NA,NA,NA,NA,"c(47.584672346, -16.9412531899999)"
2016,252,Control,NA,NA,NA,NA,"c(47.3545634590001, -16.439674254)"
2016,253,Control,NA,NA,NA,NA,"c(47.4972564780001, -17.4608092829999)"
2016,254,Excluded,NA,NA,NA,NA,"c(47.90425327, -17.84594298)"
2016,255,Control,NA,NA,NA,NA,"c(47.4305492510001, -17.711856858)"
2016,257,Control,NA,NA,NA,NA,"c(44.828615971, -16.7442735999999)"
2016,258,Control,NA,NA,NA,NA,"c(44.625866924, -16.620026136)"
2016,259,Control,NA,NA,NA,NA,"c(44.887239246, -16.3482454099999)"
2016,261,Control,NA,NA,NA,NA,"c(45.6791107180001, -17.74655311)"
2016,262,Treatment,303702,2011,II,7.517475948171038,"c(44.624863207, -18.6758212839999)"
2016,265,Excluded,NA,NA,NA,NA,"c(44.033916473, -18.0416166119999)"
2016,266,Excluded,NA,NA,NA,NA,"c(44.0266472960001, -18.058708031)"
2016,267,Control,NA,NA,NA,NA,"c(44.2099039190001, -18.1243606749999)"
2016,268,Control,NA,NA,NA,NA,"c(44.216510111, -18.2887447599999)"
2016,269,Treatment,555547960,2012,Not Reported,4.152657022645714,"c(43.96164185, -17.489970786)"
2016,270,Control,NA,NA,NA,NA,"c(44.30174248, -17.4869360009999)"
2016,271,Control,NA,NA,NA,NA,"c(44.1397620980001, -17.341442061)"
2016,272,Control,NA,NA,NA,NA,"c(45.3019627890001, -17.9197371239999)"
2016,273,Excluded,NA,NA,NA,NA,"c(43.681549703, -23.3631341829999)"
2016,274,Excluded,NA,NA,NA,NA,"c(43.6675738320001, -23.3368259979999)"
2016,275,Control,NA,NA,NA,NA,"c(45.127097759, -21.712004302)"
2016,276,Control,NA,NA,NA,NA,"c(44.325222093, -22.471905373)"
2016,277,Control,NA,NA,NA,NA,"c(44.607612933, -23.970339893)"
2016,278,Excluded,NA,NA,NA,NA,"c(44.32347194, -23.5490342799999)"
2016,279,Control,NA,NA,NA,NA,"c(44.6930671920001, -23.511360988)"
2016,280,Control,NA,NA,NA,NA,"c(44.1778436000001, -23.973804448)"
2016,281,Control,NA,NA,NA,NA,"c(44.7974081670001, -24.6652420369999)"
2016,282,Control,NA,NA,NA,NA,"c(44.8534832890001, -24.411351477)"
2016,283,Control,NA,NA,NA,NA,"c(44.4668737260001, -24.4056464249999)"
2016,284,Control,NA,NA,NA,NA,"c(44.826491698, -24.186385558)"
2016,285,Treatment,555785986,2008,II,9.620130424229096,"c(44.458152354, -25.1863296609999)"
2016,286,Control,NA,NA,NA,NA,"c(44.9164553690001, -24.045501998)"
2016,287,Excluded,NA,NA,NA,NA,"c(43.988138957, -24.731761892)"
2016,288,Control,NA,NA,NA,NA,"c(44.4384884940001, -22.866962009)"
2016,289,Excluded,NA,NA,NA,NA,"c(43.6490282770001, -23.656363034)"
2016,290,Treatment,555549460,2008,Not Reported,2.509023539700399,"c(43.66093441, -22.793271423)"
2016,291,Control,NA,NA,NA,NA,"c(44.938521999, -25.124816266)"
2016,292,Control,NA,NA,NA,NA,"c(45.2023247270001, -25.282737755)"
2016,293,Control,NA,NA,NA,NA,"c(45.387361313, -25.1372528869999)"
2016,294,Control,NA,NA,NA,NA,"c(45.541982434, -25.4761671639999)"
2016,295,Control,NA,NA,NA,NA,"c(45.7343961610001, -25.3093689789999)"
2016,296,Excluded,NA,NA,NA,NA,"c(46.0671432280001, -25.061377745)"
2016,297,Excluded,NA,NA,NA,NA,"c(46.089178503, -25.1873639029999)"
2016,298,Excluded,NA,NA,NA,NA,"c(46.0993113980001, -25.177351777)"
2016,299,Excluded,NA,NA,NA,NA,"c(46.085681531, -25.234345833)"
2016,300,Control,NA,NA,NA,NA,"c(45.9423142260001, -25.202867834)"
2016,301,Treatment,555549452,2015,Not Reported,7.016572480896423,"c(46.205852642, -25.162183297)"
2016,302,Control,NA,NA,NA,NA,"c(45.845062861, -25.1716036249999)"
2016,303,Treatment,555549450,2018,Not Reported,2.440904620028251,"c(45.6899539830001, -24.874118697)"
2016,304,Treatment,555549450,2018,Not Reported,9.700697092432847,"c(45.6100501330001, -24.8582304629999)"
2016,305,Excluded,NA,NA,NA,NA,"c(45.3188250420001, -24.221768094)"
2016,306,Excluded,NA,NA,NA,NA,"c(45.150545591, -24.3423374819999)"
2016,307,Control,NA,NA,NA,NA,"c(45.1994567830001, -24.3438998729999)"
2016,308,Control,NA,NA,NA,NA,"c(45.343288859, -24.4922751669999)"
2016,309,Control,NA,NA,NA,NA,"c(45.2962987450001, -24.5609557769999)"
2016,310,Control,NA,NA,NA,NA,"c(45.38107259, -24.632064793)"
2016,311,Excluded,NA,NA,NA,NA,"c(46.985156579, -25.02981799)"
2016,312,Excluded,NA,NA,NA,NA,"c(46.9968242200001, -25.028938132)"
2016,313,Excluded,NA,NA,NA,NA,"c(46.960275913, -25.0355258989999)"
2016,314,Treatment,555697878,2008,VI,0.9545837350313089,"c(46.8773582480001, -24.9484831349999)"
2016,315,Excluded,NA,NA,NA,NA,"c(46.67077478, -25.0111522299999)"
2016,316,Treatment,555697878,2008,VI,5.299966449793678,"c(46.9066522030001, -24.625249665)"
2016,317,Treatment,555697878,2008,VI,0,"c(46.99488196, -24.70925735)"
2016,318,Excluded,NA,NA,NA,NA,"c(46.0934280920001, -23.2718616569999)"
2016,319,Control,NA,NA,NA,NA,"c(45.7775347350001, -23.2888366679999)"
2016,320,Control,NA,NA,NA,NA,"c(45.9488265480001, -23.081891753)"
2016,321,Control,NA,NA,NA,NA,"c(45.717970784, -23.641519398)"
2016,322,Excluded,NA,NA,NA,NA,"c(46.3809095880001, -25.047621458)"
2016,323,Excluded,NA,NA,NA,NA,"c(46.383203849, -25.1112755999999)"
2016,324,Excluded,NA,NA,NA,NA,"c(46.114870954, -24.885095247)"
2016,325,Control,NA,NA,NA,NA,"c(46.5264273350001, -24.333390842)"
2016,326,Control,NA,NA,NA,NA,"c(45.988632841, -24.168902287)"
2016,327,Control,NA,NA,NA,NA,"c(45.9986461130001, -24.600016115)"
2016,328,Control,NA,NA,NA,NA,"c(44.3196904650001, -21.4368048429999)"
2016,329,Treatment,555697877,2008,V,3.057587741596147,"c(43.8673841080001, -21.6956633999999)"
2016,330,Excluded,NA,NA,NA,NA,"c(44.2836181860001, -20.2834345589999)"
2016,331,Excluded,NA,NA,NA,NA,"c(44.3095290050001, -20.295301863)"
2016,332,Excluded,NA,NA,NA,NA,"c(44.3436609560001, -20.301932896)"
2016,333,Control,NA,NA,NA,NA,"c(44.350483367, -20.588434266)"
2016,334,Excluded,NA,NA,NA,NA,"c(44.6543841370001, -20.391955842)"
2016,335,Control,NA,NA,NA,NA,"c(44.6767138220001, -20.364362775)"
2016,336,Control,NA,NA,NA,NA,"c(45.069010647, -20.3864254019999)"
2016,337,Control,NA,NA,NA,NA,"c(45.5961563500001, -20.351786359)"
2016,338,Excluded,NA,NA,NA,NA,"c(44.5470805520001, -19.6967910509999)"
2016,339,Excluded,NA,NA,NA,NA,"c(44.6253442440001, -19.9428157849999)"
2016,341,Control,NA,NA,NA,NA,"c(45.4542426400001, -19.654625605)"
2016,342,Treatment,555697916,2015,Not Reported,7.327718657376456,"c(45.4672035130001, -19.9128127)"
2016,343,Control,NA,NA,NA,NA,"c(45.328504502, -18.722343011)"
2016,344,Control,NA,NA,NA,NA,"c(49.3741873170001, -12.5193686979999)"
2016,345,Excluded,NA,NA,NA,NA,"c(49.232450908, -12.7493869799999)"
2016,346,Excluded,NA,NA,NA,NA,"c(49.3029598790001, -12.283026907)"
2016,347,Excluded,NA,NA,NA,NA,"c(49.3011830510001, -12.2755396119999)"
2016,348,Excluded,NA,NA,NA,NA,"c(49.2703102500001, -12.3083037009999)"
2016,349,Excluded,NA,NA,NA,NA,"c(49.0513799600001, -13.187679837)"
2016,350,Control,NA,NA,NA,NA,"c(48.95457164, -13.1384923099999)"
2016,351,Treatment,5024,2015,IV,8.400284279520509,"c(48.985706889, -13.0762973069999)"
2016,352,Control,NA,NA,NA,NA,"c(48.900401032, -13.376095467)"
2016,353,Treatment,555697895,2015,V,1.9386490709490123,"c(48.7952730540001, -13.60490873)"
2016,354,Excluded,NA,NA,NA,NA,"c(48.27769464, -13.4059655199999)"
2016,355,Excluded,NA,NA,NA,NA,"c(48.325079701, -13.279059952)"
2016,356,Excluded,NA,NA,NA,NA,"c(48.443753717, -13.669716915)"
2016,357,Treatment,555697895,2015,V,3.1229460073771036,"c(48.4681960950001, -13.5924731549999)"
2016,358,Treatment,555697895,2015,V,0,"c(48.6192588930001, -13.513690551)"
2016,359,Treatment,555697894,2015,V,0,"c(47.8964721290001, -13.7826028809999)"
2016,360,Excluded,NA,NA,NA,NA,"c(50.2510714800001, -14.880216871)"
2016,361,Control,NA,NA,NA,NA,"c(50.229914783, -14.9828627959999)"
2016,362,Excluded,NA,NA,NA,NA,"c(50.3132542710001, -15.2244643019999)"
2016,363,Control,NA,NA,NA,NA,"c(50.133543289, -14.591424708)"
2016,364,Excluded,NA,NA,NA,NA,"c(50.1426554820001, -14.249786152)"
2016,365,Control,NA,NA,NA,NA,"c(50.0940157250001, -14.3199988289999)"
2016,366,Control,NA,NA,NA,NA,"c(50.0682420250001, -14.488389078)"
2016,367,Excluded,NA,NA,NA,NA,"c(49.9109662820001, -14.487397275)"
2016,369,Excluded,NA,NA,NA,NA,"c(49.633250258, -14.6594605129999)"
2016,370,Excluded,NA,NA,NA,NA,"c(49.5392947550001, -14.658294804)"
2016,371,Excluded,NA,NA,NA,NA,"c(49.738813097, -14.5470860579999)"
2016,372,Control,NA,NA,NA,NA,"c(49.9589026040001, -13.6978833379999)"
2016,373,Control,NA,NA,NA,NA,"c(49.943289023, -13.728606444)"
2016,374,Control,NA,NA,NA,NA,"c(49.8108457060001, -13.8825694179999)"
2016,375,Control,NA,NA,NA,NA,"c(49.9100263490001, -13.914705592)"
2018,1,Excluded,NA,NA,NA,NA,"c(47.505181, -18.902272)"
2018,2,Excluded,NA,NA,NA,NA,"c(47.531545, -18.90052)"
2018,3,Excluded,NA,NA,NA,NA,"c(47.514084, -18.892006)"
2018,4,Excluded,NA,NA,NA,NA,"c(47.520735, -18.912031)"
2018,5,Excluded,NA,NA,NA,NA,"c(47.53605, -18.917758)"
2018,6,Excluded,NA,NA,NA,NA,"c(47.562782, -18.914726)"
2018,7,Excluded,NA,NA,NA,NA,"c(47.531906, -18.930833)"
2018,8,Excluded,NA,NA,NA,NA,"c(47.527048, -18.944659)"
2018,9,Excluded,NA,NA,NA,NA,"c(47.511639, -18.895108)"
2018,10,Excluded,NA,NA,NA,NA,"c(47.516835, -18.908852)"
2018,11,Excluded,NA,NA,NA,NA,"c(47.538322, -18.90161)"
2018,12,Excluded,NA,NA,NA,NA,"c(47.497297, -18.926454)"
2018,13,Excluded,NA,NA,NA,NA,"c(47.520032, -18.915654)"
2018,14,Excluded,NA,NA,NA,NA,"c(47.530765, -18.93665)"
2018,15,Excluded,NA,NA,NA,NA,"c(47.505448, -18.934998)"
2018,16,Excluded,NA,NA,NA,NA,"c(47.512266, -18.854503)"
2018,17,Excluded,NA,NA,NA,NA,"c(47.518583, -18.876322)"
2018,18,Excluded,NA,NA,NA,NA,"c(47.536346, -18.89089)"
2018,19,Excluded,NA,NA,NA,NA,"c(47.52035, -18.890659)"
2018,20,Excluded,NA,NA,NA,NA,"c(47.542392, -18.89552)"
2018,21,Excluded,NA,NA,NA,NA,"c(47.54847, -18.894338)"
2018,22,Excluded,NA,NA,NA,NA,"c(47.542064, -18.917867)"
2018,23,Excluded,NA,NA,NA,NA,"c(47.485941, -18.863667)"
2018,24,Excluded,NA,NA,NA,NA,"c(47.4896, -18.872905)"
2018,25,Excluded,NA,NA,NA,NA,"c(46.975235, -18.305165)"
2018,26,Excluded,NA,NA,NA,NA,"c(47.862671, -18.465665)"
2018,27,Excluded,NA,NA,NA,NA,"c(47.792357, -18.9187)"
2018,28,Excluded,NA,NA,NA,NA,"c(47.542246, -18.842526)"
2018,29,Excluded,NA,NA,NA,NA,"c(47.479529, -18.908573)"
2018,30,Excluded,NA,NA,NA,NA,"c(47.609813, -19.19495)"
2018,31,Control,NA,NA,NA,NA,"c(46.936573, -18.353771)"
2018,32,Control,NA,NA,NA,NA,"c(47.207259, -18.707042)"
2018,33,Excluded,NA,NA,NA,NA,"c(47.924828, -18.184228)"
2018,34,Control,NA,NA,NA,NA,"c(47.625269, -18.451)"
2018,35,Excluded,NA,NA,NA,NA,"c(47.422003, -18.858739)"
2018,36,Control,NA,NA,NA,NA,"c(47.362447, -18.727986)"
2018,37,Excluded,NA,NA,NA,NA,"c(47.504047, -18.819282)"
2018,38,Control,NA,NA,NA,NA,"c(47.688829, -18.643555)"
2018,39,Control,NA,NA,NA,NA,"c(47.679949, -18.844287)"
2018,40,Control,NA,NA,NA,NA,"c(47.619306, -18.777914)"
2018,41,Excluded,NA,NA,NA,NA,"c(47.538403, -18.8653)"
2018,42,Excluded,NA,NA,NA,NA,"c(47.577841, -18.902191)"
2018,43,Control,NA,NA,NA,NA,"c(47.658977, -18.929974)"
2018,44,Excluded,NA,NA,NA,NA,"c(47.463702, -18.919298)"
2018,45,Control,NA,NA,NA,NA,"c(47.451803, -18.992782)"
2018,46,Control,NA,NA,NA,NA,"c(47.532387, -18.982094)"
2018,47,Control,NA,NA,NA,NA,"c(47.564131, -19.074188)"
2018,48,Control,NA,NA,NA,NA,"c(47.635374, -19.181009)"
2018,49,Excluded,NA,NA,NA,NA,"c(47.039333, -19.842758)"
2018,50,Excluded,NA,NA,NA,NA,"c(47.032285, -19.860805)"
2018,51,Excluded,NA,NA,NA,NA,"c(46.994488, -19.872955)"
2018,52,Excluded,NA,NA,NA,NA,"c(47.039947, -19.871039)"
2018,53,Excluded,NA,NA,NA,NA,"c(47.021831, -19.873374)"
2018,54,Excluded,NA,NA,NA,NA,"c(46.997568, -19.893828)"
2018,55,Excluded,NA,NA,NA,NA,"c(47.025971, -19.880176)"
2018,56,Excluded,NA,NA,NA,NA,"c(47.055741, -19.914785)"
2018,57,Excluded,NA,NA,NA,NA,"c(47.43049, -19.380383)"
2018,58,Excluded,NA,NA,NA,NA,"c(46.867941, -19.386343)"
2018,59,Excluded,NA,NA,NA,NA,"c(46.948464, -19.417361)"
2018,60,Excluded,NA,NA,NA,NA,"c(46.310944, -19.649399)"
2018,61,Excluded,NA,NA,NA,NA,"c(47.322925, -19.661518)"
2018,62,Excluded,NA,NA,NA,NA,"c(47.295017, -19.735386)"
2018,63,Excluded,NA,NA,NA,NA,"c(46.832206, -19.871922)"
2018,64,Excluded,NA,NA,NA,NA,"c(47.145659, -19.811009)"
2018,65,Treatment,555697911,2013,VI,4.471929829315623,"c(47.401124, -19.31835)"
2018,66,Treatment,555697911,2013,VI,0,"c(47.326767, -19.338036)"
2018,67,Control,NA,NA,NA,NA,"c(47.594855, -19.405131)"
2018,68,Control,NA,NA,NA,NA,"c(47.653339, -19.498639)"
2018,69,Treatment,555790168,2020,Not Reported,9.202010891572334,"c(47.708317, -19.581587)"
2018,70,Control,NA,NA,NA,NA,"c(47.097055, -19.33544)"
2018,71,Control,NA,NA,NA,NA,"c(46.984365, -19.498631)"
2018,73,Control,NA,NA,NA,NA,"c(46.920772, -19.622782)"
2018,74,Control,NA,NA,NA,NA,"c(46.205338, -19.613243)"
2018,75,Control,NA,NA,NA,NA,"c(46.482483, -19.491934)"
2018,76,Control,NA,NA,NA,NA,"c(46.494865, -19.596863)"
2018,77,Control,NA,NA,NA,NA,"c(47.348956, -19.504836)"
2018,78,Control,NA,NA,NA,NA,"c(47.388143, -19.524154)"
2018,79,Control,NA,NA,NA,NA,"c(47.526802, -19.55904)"
2018,80,Control,NA,NA,NA,NA,"c(47.235941, -19.598539)"
2018,81,Control,NA,NA,NA,NA,"c(47.571706, -19.730116)"
2018,82,Control,NA,NA,NA,NA,"c(47.522383, -19.719754)"
2018,83,Control,NA,NA,NA,NA,"c(46.924432, -19.777637)"
2018,84,Control,NA,NA,NA,NA,"c(46.771218, -19.741486)"
2018,85,Control,NA,NA,NA,NA,"c(46.631175, -19.682491)"
2018,86,Control,NA,NA,NA,NA,"c(46.704067, -19.878663)"
2018,87,Control,NA,NA,NA,NA,"c(46.849738, -20.201394)"
2018,89,Control,NA,NA,NA,NA,"c(47.115656, -19.618064)"
2018,90,Control,NA,NA,NA,NA,"c(46.99622, -19.692187)"
2018,91,Control,NA,NA,NA,NA,"c(47.02898, -19.640921)"
2018,92,Control,NA,NA,NA,NA,"c(46.96196, -19.943822)"
2018,93,Control,NA,NA,NA,NA,"c(47.110787, -19.900756)"
2018,94,Control,NA,NA,NA,NA,"c(47.240401, -19.876825)"
2018,95,Control,NA,NA,NA,NA,"c(47.380206, -19.958474)"
2018,96,Treatment,555697897,2008,V,5.425135597725388,"c(47.10092, -20.111463)"
2018,97,Excluded,NA,NA,NA,NA,"c(46.90739, -18.957933)"
2018,98,Excluded,NA,NA,NA,NA,"c(47.187573, -19.001287)"
2018,99,Excluded,NA,NA,NA,NA,"c(47.209297, -19.02014)"
2018,100,Excluded,NA,NA,NA,NA,"c(47.350892, -18.965764)"
2018,101,Excluded,NA,NA,NA,NA,"c(47.271421, -19.06312)"
2018,102,Excluded,NA,NA,NA,NA,"c(47.333092, -19.022187)"
2018,103,Excluded,NA,NA,NA,NA,"c(46.740161, -19.104928)"
2018,104,Excluded,NA,NA,NA,NA,"c(46.749682, -19.153797)"
2018,105,Control,NA,NA,NA,NA,"c(46.925471, -18.92648)"
2018,106,Control,NA,NA,NA,NA,"c(46.838266, -18.877029)"
2018,107,Control,NA,NA,NA,NA,"c(46.942813, -19.041375)"
2018,108,Control,NA,NA,NA,NA,"c(46.614456, -18.86604)"
2018,109,Control,NA,NA,NA,NA,"c(46.719097, -18.973179)"
2018,110,Control,NA,NA,NA,NA,"c(46.588035, -18.91502)"
2018,111,Control,NA,NA,NA,NA,"c(47.013072, -19.136664)"
2018,112,Control,NA,NA,NA,NA,"c(46.80908, -18.808052)"
2018,113,Control,NA,NA,NA,NA,"c(47.055232, -18.807855)"
2018,114,Control,NA,NA,NA,NA,"c(47.19564, -18.768333)"
2018,115,Control,NA,NA,NA,NA,"c(47.309195, -18.907769)"
2018,116,Control,NA,NA,NA,NA,"c(47.387935, -18.928828)"
2018,117,Control,NA,NA,NA,NA,"c(47.264046, -19.023521)"
2018,118,Control,NA,NA,NA,NA,"c(47.370537, -19.056168)"
2018,119,Control,NA,NA,NA,NA,"c(47.131252, -19.105393)"
2018,120,Control,NA,NA,NA,NA,"c(47.329427, -19.170258)"
2018,121,Treatment,555697911,2013,VI,8.509960562364135,"c(47.38041, -19.253533)"
2018,122,Treatment,555697911,2013,VI,3.652747298589148,"c(47.206214, -19.300918)"
2018,123,Control,NA,NA,NA,NA,"c(46.745792, -19.105217)"
2018,124,Control,NA,NA,NA,NA,"c(46.562103, -19.173565)"
2018,125,Control,NA,NA,NA,NA,"c(46.870918, -19.19825)"
2018,126,Control,NA,NA,NA,NA,"c(46.51089, -19.145346)"
2018,127,Control,NA,NA,NA,NA,"c(46.36985, -19.200026)"
2018,128,Control,NA,NA,NA,NA,"c(46.54771, -19.278582)"
2018,129,Excluded,NA,NA,NA,NA,"c(46.03466, -18.769864)"
2018,130,Excluded,NA,NA,NA,NA,"c(46.047714, -18.760416)"
2018,131,Excluded,NA,NA,NA,NA,"c(46.052181, -18.781203)"
2018,132,Excluded,NA,NA,NA,NA,"c(46.66396, -18.406287)"
2018,133,Excluded,NA,NA,NA,NA,"c(46.651204, -18.473058)"
2018,135,Control,NA,NA,NA,NA,"c(46.189843, -18.447569)"
2018,136,Control,NA,NA,NA,NA,"c(46.186401, -18.607359)"
2018,137,Control,NA,NA,NA,NA,"c(46.175866, -18.754749)"
2018,138,Control,NA,NA,NA,NA,"c(46.482784, -18.703132)"
2018,139,Control,NA,NA,NA,NA,"c(46.442474, -18.875942)"
2018,140,Control,NA,NA,NA,NA,"c(45.975638, -18.656884)"
2018,141,Control,NA,NA,NA,NA,"c(46.10766, -18.789873)"
2018,142,Control,NA,NA,NA,NA,"c(46.070338, -18.946379)"
2018,143,Control,NA,NA,NA,NA,"c(46.373744, -18.972777)"
2018,144,Control,NA,NA,NA,NA,"c(46.432164, -18.93514)"
2018,145,Control,NA,NA,NA,NA,"c(46.449912, -19.032232)"
2018,146,Control,NA,NA,NA,NA,"c(46.227431, -19.090444)"
2018,147,Control,NA,NA,NA,NA,"c(46.36774, -19.047535)"
2018,148,Control,NA,NA,NA,NA,"c(46.165344, -19.348178)"
2018,149,Control,NA,NA,NA,NA,"c(46.118112, -19.032137)"
2018,150,Control,NA,NA,NA,NA,"c(45.996987, -19.007489)"
2018,151,Control,NA,NA,NA,NA,"c(45.936389, -19.221656)"
2018,152,Control,NA,NA,NA,NA,"c(46.011815, -19.043332)"
2018,153,Control,NA,NA,NA,NA,"c(45.797667, -19.022596)"
2018,154,Control,NA,NA,NA,NA,"c(46.876092, -18.603048)"
2018,155,Control,NA,NA,NA,NA,"c(46.934845, -18.581032)"
2018,156,Control,NA,NA,NA,NA,"c(46.130786, -18.269779)"
2018,157,Control,NA,NA,NA,NA,"c(46.358817, -17.879077)"
2018,158,Control,NA,NA,NA,NA,"c(46.415989, -18.035018)"
2018,159,Control,NA,NA,NA,NA,"c(45.85771, -18.344876)"
2018,160,Control,NA,NA,NA,NA,"c(46.407073, -18.519175)"
2018,161,Excluded,NA,NA,NA,NA,"c(47.085836, -21.459859)"
2018,162,Excluded,NA,NA,NA,NA,"c(47.100416, -21.459605)"
2018,163,Excluded,NA,NA,NA,NA,"c(47.101886, -21.432497)"
2018,164,Excluded,NA,NA,NA,NA,"c(47.088762, -21.450143)"
2018,165,Excluded,NA,NA,NA,NA,"c(47.103332, -21.451157)"
2018,166,Excluded,NA,NA,NA,NA,"c(47.070572, -21.435664)"
2018,167,Excluded,NA,NA,NA,NA,"c(47.068925, -21.481075)"
2018,168,Excluded,NA,NA,NA,NA,"c(46.49852, -21.094218)"
2018,169,Excluded,NA,NA,NA,NA,"c(46.629531, -21.212279)"
2018,170,Excluded,NA,NA,NA,NA,"c(47.190488, -21.368809)"
2018,171,Excluded,NA,NA,NA,NA,"c(47.137911, -21.683432)"
2018,172,Excluded,NA,NA,NA,NA,"c(46.907154, -21.847866)"
2018,173,Excluded,NA,NA,NA,NA,"c(47.039222, -22.062724)"
2018,174,Control,NA,NA,NA,NA,"c(47.20056, -21.143964)"
2018,175,Control,NA,NA,NA,NA,"c(47.036354, -21.097199)"
2018,176,Control,NA,NA,NA,NA,"c(47.237581, -20.962519)"
2018,177,Control,NA,NA,NA,NA,"c(47.034946, -21.143875)"
2018,178,Control,NA,NA,NA,NA,"c(47.08037, -20.963481)"
2018,179,Control,NA,NA,NA,NA,"c(47.215478, -20.863459)"
2018,180,Control,NA,NA,NA,NA,"c(46.298753, -20.985695)"
2018,182,Control,NA,NA,NA,NA,"c(46.86819, -21.095018)"
2018,183,Control,NA,NA,NA,NA,"c(46.940984, -21.349211)"
2018,185,Control,NA,NA,NA,NA,"c(46.955932, -21.165884)"
2018,186,Excluded,NA,NA,NA,NA,"c(47.268407, -21.329129)"
2018,187,Excluded,NA,NA,NA,NA,"c(47.252877, -21.428374)"
2018,188,Excluded,NA,NA,NA,NA,"c(47.369558, -21.471091)"
2018,189,Control,NA,NA,NA,NA,"c(47.099717, -21.393026)"
2018,190,Excluded,NA,NA,NA,NA,"c(47.307875, -21.756593)"
2018,191,Control,NA,NA,NA,NA,"c(46.808224, -21.583721)"
2018,192,Control,NA,NA,NA,NA,"c(47.014388, -21.619074)"
2018,193,Control,NA,NA,NA,NA,"c(47.146924, -21.753919)"
2018,194,Excluded,NA,NA,NA,NA,"c(47.163199, -21.899104)"
2018,195,Control,NA,NA,NA,NA,"c(47.081038, -21.862237)"
2018,196,Control,NA,NA,NA,NA,"c(46.955931, -21.878001)"
2018,197,Control,NA,NA,NA,NA,"c(46.843027, -21.839123)"
2018,198,Control,NA,NA,NA,NA,"c(46.668664, -21.971618)"
2018,199,Control,NA,NA,NA,NA,"c(46.50984, -21.873208)"
2018,200,Control,NA,NA,NA,NA,"c(46.2962, -21.759664)"
2018,201,Excluded,NA,NA,NA,NA,"c(47.247389, -20.522514)"
2018,202,Excluded,NA,NA,NA,NA,"c(47.263384, -20.537947)"
2018,203,Excluded,NA,NA,NA,NA,"c(47.361615, -20.203719)"
2018,204,Excluded,NA,NA,NA,NA,"c(47.378235, -20.230391)"
2018,205,Excluded,NA,NA,NA,NA,"c(46.802815, -20.552155)"
2018,207,Excluded,NA,NA,NA,NA,"c(47.066518, -20.775741)"
2018,208,Control,NA,NA,NA,NA,"c(47.078407, -20.322483)"
2018,209,Control,NA,NA,NA,NA,"c(47.245242, -20.480477)"
2018,210,Control,NA,NA,NA,NA,"c(47.31017, -20.493515)"
2018,211,Control,NA,NA,NA,NA,"c(47.35574, -20.52311)"
2018,212,Excluded,NA,NA,NA,NA,"c(47.36989, -20.603425)"
2018,213,Excluded,NA,NA,NA,NA,"c(47.548867, -20.656018)"
2018,214,Control,NA,NA,NA,NA,"c(47.219448, -20.646927)"
2018,215,Excluded,NA,NA,NA,NA,"c(47.290136, -20.708237)"
2018,216,Control,NA,NA,NA,NA,"c(47.259118, -20.082508)"
2018,217,Control,NA,NA,NA,NA,"c(47.493547, -20.058573)"
2018,218,Control,NA,NA,NA,NA,"c(47.508661, -20.181825)"
2018,219,Control,NA,NA,NA,NA,"c(47.314072, -20.360394)"
2018,220,Control,NA,NA,NA,NA,"c(47.491073, -20.333772)"
2018,221,Control,NA,NA,NA,NA,"c(47.449063, -20.424651)"
2018,222,Control,NA,NA,NA,NA,"c(47.324056, -20.494335)"
2018,226,Control,NA,NA,NA,NA,"c(46.880427, -20.294164)"
2018,227,Control,NA,NA,NA,NA,"c(46.963899, -20.334217)"
2018,228,Control,NA,NA,NA,NA,"c(46.950265, -20.569604)"
2018,229,Control,NA,NA,NA,NA,"c(46.811325, -20.976329)"
2018,230,Control,NA,NA,NA,NA,"c(47.123944, -20.631339)"
2018,231,Control,NA,NA,NA,NA,"c(47.099796, -20.866629)"
2018,232,Control,NA,NA,NA,NA,"c(46.979076, -20.941098)"
2018,233,Excluded,NA,NA,NA,NA,"c(48.023446, -22.120909)"
2018,234,Excluded,NA,NA,NA,NA,"c(47.991854, -22.154193)"
2018,235,Excluded,NA,NA,NA,NA,"c(48.351958, -21.207695)"
2018,236,Excluded,NA,NA,NA,NA,"c(48.327709, -21.232479)"
2018,237,Excluded,NA,NA,NA,NA,"c(47.768767, -21.158904)"
2018,238,Excluded,NA,NA,NA,NA,"c(47.514411, -21.928785)"
2018,239,Excluded,NA,NA,NA,NA,"c(47.835683, -22.337745)"
2018,240,Control,NA,NA,NA,NA,"c(48.013361, -21.906096)"
2018,241,Control,NA,NA,NA,NA,"c(47.886983, -21.906914)"
2018,242,Control,NA,NA,NA,NA,"c(47.982383, -21.886566)"
2018,243,Control,NA,NA,NA,NA,"c(47.76373, -22.108889)"
2018,244,Control,NA,NA,NA,NA,"c(47.842454, -22.19703)"
2018,245,Control,NA,NA,NA,NA,"c(47.716698, -21.70404)"
2018,246,Control,NA,NA,NA,NA,"c(47.728205, -22.031921)"
2018,247,Control,NA,NA,NA,NA,"c(47.936734, -21.77496)"
2018,248,Control,NA,NA,NA,NA,"c(48.098972, -21.737979)"
2018,249,Control,NA,NA,NA,NA,"c(47.748996, -21.722417)"
2018,250,Control,NA,NA,NA,NA,"c(47.734332, -21.920691)"
2018,251,Control,NA,NA,NA,NA,"c(47.832525, -22.063205)"
2018,252,Control,NA,NA,NA,NA,"c(48.319689, -20.414979)"
2018,253,Control,NA,NA,NA,NA,"c(48.415361, -20.489102)"
2018,254,Control,NA,NA,NA,NA,"c(48.125774, -20.556999)"
2018,255,Control,NA,NA,NA,NA,"c(48.058023, -20.69161)"
2018,256,Control,NA,NA,NA,NA,"c(48.318397, -20.598074)"
2018,257,Control,NA,NA,NA,NA,"c(48.39964, -20.711669)"
2018,258,Control,NA,NA,NA,NA,"c(48.258226, -20.783302)"
2018,259,Control,NA,NA,NA,NA,"c(48.127072, -20.785266)"
2018,260,Control,NA,NA,NA,NA,"c(48.15014, -20.886245)"
2018,261,Control,NA,NA,NA,NA,"c(48.029188, -21.058411)"
2018,262,Control,NA,NA,NA,NA,"c(47.838871, -21.110675)"
2018,263,Control,NA,NA,NA,NA,"c(48.30605, -21.104846)"
2018,264,Control,NA,NA,NA,NA,"c(47.957536, -21.198575)"
2018,265,Control,NA,NA,NA,NA,"c(48.007377, -21.365827)"
2018,266,Control,NA,NA,NA,NA,"c(48.179772, -21.623005)"
2018,267,Control,NA,NA,NA,NA,"c(47.940689, -21.641289)"
2018,268,Control,NA,NA,NA,NA,"c(47.84241, -20.740056)"
2018,269,Control,NA,NA,NA,NA,"c(47.707381, -20.947671)"
2018,270,Excluded,NA,NA,NA,NA,"c(47.541729, -21.309268)"
2018,271,Excluded,NA,NA,NA,NA,"c(47.760321, -21.342847)"
2018,272,Excluded,NA,NA,NA,NA,"c(47.518068, -21.654953)"
2018,273,Excluded,NA,NA,NA,NA,"c(47.404573, -21.946944)"
2018,274,Control,NA,NA,NA,NA,"c(47.588676, -22.264898)"
2018,275,Excluded,NA,NA,NA,NA,"c(47.359977, -22.301617)"
2018,276,Control,NA,NA,NA,NA,"c(47.750239, -22.303952)"
2018,277,Control,NA,NA,NA,NA,"c(47.456424, -22.306581)"
2018,278,Control,NA,NA,NA,NA,"c(47.639687, -22.380249)"
2018,279,Control,NA,NA,NA,NA,"c(47.827815, -22.407712)"
2018,280,Control,NA,NA,NA,NA,"c(47.92034, -22.39993)"
2018,281,Excluded,NA,NA,NA,NA,"c(46.134368, -22.3895)"
2018,282,Excluded,NA,NA,NA,NA,"c(46.134205, -22.390227)"
2018,283,Excluded,NA,NA,NA,NA,"c(46.116704, -22.39951)"
2018,284,Excluded,NA,NA,NA,NA,"c(46.883533, -22.493444)"
2018,285,Excluded,NA,NA,NA,NA,"c(46.795024, -22.573791)"
2018,286,Excluded,NA,NA,NA,NA,"c(46.661601, -22.991702)"
2018,288,Control,NA,NA,NA,NA,"c(46.263861, -22.270884)"
2018,289,Control,NA,NA,NA,NA,"c(46.40503, -22.43625)"
2018,290,Control,NA,NA,NA,NA,"c(46.292282, -22.348199)"
2018,291,Control,NA,NA,NA,NA,"c(46.431732, -22.55972)"
2018,292,Control,NA,NA,NA,NA,"c(46.275778, -22.817669)"
2018,293,Control,NA,NA,NA,NA,"c(46.150991, -22.333284)"
2018,294,Control,NA,NA,NA,NA,"c(46.036711, -22.139874)"
2018,295,Control,NA,NA,NA,NA,"c(46.074404, -22.248943)"
2018,296,Control,NA,NA,NA,NA,"c(45.759411, -22.514422)"
2018,297,Control,NA,NA,NA,NA,"c(45.706225, -22.123134)"
2018,298,Control,NA,NA,NA,NA,"c(45.547867, -22.668742)"
2018,299,Control,NA,NA,NA,NA,"c(45.485217, -22.53903)"
2018,300,Control,NA,NA,NA,NA,"c(45.414531, -21.936586)"
2018,301,Control,NA,NA,NA,NA,"c(45.135981, -22.878645)"
2018,302,Control,NA,NA,NA,NA,"c(45.066677, -22.710285)"
2018,303,Excluded,NA,NA,NA,NA,"c(45.21141, -22.713649)"
2018,304,Control,NA,NA,NA,NA,"c(46.234968, -21.991304)"
2018,305,Control,NA,NA,NA,NA,"c(46.055472, -22.661235)"
2018,306,Control,NA,NA,NA,NA,"c(46.700624, -22.206045)"
2018,307,Control,NA,NA,NA,NA,"c(46.911375, -22.789141)"
2018,308,Excluded,NA,NA,NA,NA,"c(46.957387, -22.620495)"
2018,309,Control,NA,NA,NA,NA,"c(46.701866, -22.851859)"
2018,310,Control,NA,NA,NA,NA,"c(46.523109, -22.693856)"
2018,311,Control,NA,NA,NA,NA,"c(46.870508, -22.901101)"
2018,313,Excluded,NA,NA,NA,NA,"c(47.823764, -22.819631)"
2018,314,Excluded,NA,NA,NA,NA,"c(47.345533, -22.823565)"
2018,315,Excluded,NA,NA,NA,NA,"c(47.612113, -23.349202)"
2018,316,Excluded,NA,NA,NA,NA,"c(47.086226, -23.509495)"
2018,317,Excluded,NA,NA,NA,NA,"c(46.882683, -23.843947)"
2018,318,Control,NA,NA,NA,NA,"c(47.727685, -22.611549)"
2018,319,Control,NA,NA,NA,NA,"c(47.587588, -22.557994)"
2018,320,Control,NA,NA,NA,NA,"c(47.712243, -22.573418)"
2018,321,Control,NA,NA,NA,NA,"c(47.741127, -22.701975)"
2018,322,Control,NA,NA,NA,NA,"c(47.814532, -22.768475)"
2018,323,Control,NA,NA,NA,NA,"c(47.685487, -22.689624)"
2018,324,Control,NA,NA,NA,NA,"c(47.52207, -22.635497)"
2018,325,Control,NA,NA,NA,NA,"c(47.531289, -22.771098)"
2018,326,Control,NA,NA,NA,NA,"c(47.753058, -22.737637)"
2018,327,Control,NA,NA,NA,NA,"c(47.78126, -22.892792)"
2018,328,Control,NA,NA,NA,NA,"c(47.631402, -22.877754)"
2018,329,Control,NA,NA,NA,NA,"c(47.595541, -22.880124)"
2018,330,Control,NA,NA,NA,NA,"c(47.543196, -22.996487)"
2018,331,Excluded,NA,NA,NA,NA,"c(47.764273, -23.107846)"
2018,332,Control,NA,NA,NA,NA,"c(47.559498, -23.080626)"
2018,333,Control,NA,NA,NA,NA,"c(47.425914, -22.360616)"
2018,334,Control,NA,NA,NA,NA,"c(47.383121, -22.566501)"
2018,335,Control,NA,NA,NA,NA,"c(47.552123, -22.487719)"
2018,336,Excluded,NA,NA,NA,NA,"c(47.341425, -22.786131)"
2018,337,Excluded,NA,NA,NA,NA,"c(47.272206, -23.03478)"
2018,338,Control,NA,NA,NA,NA,"c(47.431783, -23.077223)"
2018,339,Control,NA,NA,NA,NA,"c(47.364184, -23.169675)"
2018,340,Control,NA,NA,NA,NA,"c(47.503581, -23.243642)"
2018,341,Treatment,555697892,2015,VI,8.225336755831146,"c(47.632941, -23.259025)"
2018,342,Treatment,555697892,2015,VI,7.929313827580799,"c(47.674482, -23.28513)"
2018,343,Control,NA,NA,NA,NA,"c(47.582566, -23.356655)"
2018,344,Excluded,NA,NA,NA,NA,"c(47.267012, -23.406135)"
2018,345,Treatment,555697900,2015,VI,2.6954608606074806,"c(47.532253, -23.413031)"
2018,346,Treatment,555697901,2015,VI,2.407711905512487,"c(47.527795, -23.524623)"
2018,347,Treatment,555697901,2015,VI,4.867360864577444,"c(47.491299, -23.578836)"
2018,348,Control,NA,NA,NA,NA,"c(47.504717, -23.656011)"
2018,349,Control,NA,NA,NA,NA,"c(47.467293, -23.931903)"
2018,350,Excluded,NA,NA,NA,NA,"c(46.924509, -23.377261)"
2018,351,Excluded,NA,NA,NA,NA,"c(46.856233, -23.885823)"
2018,352,Excluded,NA,NA,NA,NA,"c(46.807182, -23.948656)"
2018,353,Excluded,NA,NA,NA,NA,"c(49.401243, -18.117066)"
2018,354,Excluded,NA,NA,NA,NA,"c(49.40844, -18.148622)"
2018,355,Excluded,NA,NA,NA,NA,"c(49.400323, -18.128782)"
2018,356,Excluded,NA,NA,NA,NA,"c(49.370034, -18.152078)"
2018,357,Excluded,NA,NA,NA,NA,"c(49.396222, -18.155548)"
2018,358,Excluded,NA,NA,NA,NA,"c(49.392886, -18.153178)"
2018,359,Excluded,NA,NA,NA,NA,"c(49.391381, -18.150084)"
2018,360,Excluded,NA,NA,NA,NA,"c(49.394169, -18.159141)"
2018,361,Excluded,NA,NA,NA,NA,"c(49.40417, -18.165242)"
2018,362,Excluded,NA,NA,NA,NA,"c(49.40078, -18.155818)"
2018,363,Excluded,NA,NA,NA,NA,"c(49.380757, -18.11152)"
2018,364,Excluded,NA,NA,NA,NA,"c(49.374055, -18.183988)"
2018,365,Excluded,NA,NA,NA,NA,"c(49.052994, -18.819455)"
2018,366,Excluded,NA,NA,NA,NA,"c(48.552812, -19.411073)"
2018,367,Excluded,NA,NA,NA,NA,"c(48.747518, -19.876614)"
2018,368,Excluded,NA,NA,NA,NA,"c(48.726449, -19.957387)"
2018,369,Excluded,NA,NA,NA,NA,"c(49.365568, -17.685004)"
2018,370,Control,NA,NA,NA,NA,"c(49.369778, -17.788091)"
2018,372,Control,NA,NA,NA,NA,"c(49.407543, -18.070135)"
2018,373,Control,NA,NA,NA,NA,"c(49.29952, -18.232143)"
2018,374,Excluded,NA,NA,NA,NA,"c(48.964438, -18.435153)"
2018,375,Control,NA,NA,NA,NA,"c(49.118957, -18.598572)"
2018,376,Control,NA,NA,NA,NA,"c(49.088335, -18.68892)"
2018,377,Control,NA,NA,NA,NA,"c(48.687013, -18.983864)"
2018,378,Control,NA,NA,NA,NA,"c(49.074152, -18.986565)"
2018,379,Control,NA,NA,NA,NA,"c(48.83238, -19.226125)"
2018,380,Control,NA,NA,NA,NA,"c(48.699282, -19.384088)"
2018,381,Control,NA,NA,NA,NA,"c(48.877031, -19.559088)"
2018,382,Control,NA,NA,NA,NA,"c(48.808952, -19.642171)"
2018,383,Treatment,555542728,2010,V,9.313779172275066,"c(48.32383, -19.814809)"
2018,384,Control,NA,NA,NA,NA,"c(48.646248, -19.884119)"
2018,385,Treatment,555542728,2010,V,3.5449643079941158,"c(48.45246, -20.01568)"
2018,386,Control,NA,NA,NA,NA,"c(48.727083, -20.02903)"
2018,387,Treatment,555542728,2010,V,7.293841510480043,"c(48.364096, -20.107518)"
2018,388,Control,NA,NA,NA,NA,"c(48.559549, -20.238798)"
2018,389,Control,NA,NA,NA,NA,"c(48.252196, -20.293175)"
2018,390,Treatment,555542728,2010,V,0,"c(48.121668, -20.297455)"
2018,391,Treatment,555542728,2010,V,0,"c(47.760382, -20.08791)"
2018,392,Treatment,555542728,2010,V,0,"c(47.793168, -20.373776)"
2018,393,Excluded,NA,NA,NA,NA,"c(49.400581, -17.401047)"
2018,394,Excluded,NA,NA,NA,NA,"c(49.733418, -15.434037)"
2018,395,Excluded,NA,NA,NA,NA,"c(49.74202, -15.434731)"
2018,396,Excluded,NA,NA,NA,NA,"c(49.773986, -16.18907)"
2018,397,Excluded,NA,NA,NA,NA,"c(49.521085, -17.026488)"
2018,398,Excluded,NA,NA,NA,NA,"c(49.91783, -16.881933)"
2018,399,Excluded,NA,NA,NA,NA,"c(49.151568, -17.470739)"
2018,400,Excluded,NA,NA,NA,NA,"c(49.221172, -17.523033)"
2018,401,Control,NA,NA,NA,NA,"c(49.464386, -17.121593)"
2018,402,Control,NA,NA,NA,NA,"c(49.297634, -17.149383)"
2018,403,Excluded,NA,NA,NA,NA,"c(49.370517, -17.266532)"
2018,404,Control,NA,NA,NA,NA,"c(49.169245, -17.284934)"
2018,406,Excluded,NA,NA,NA,NA,"c(49.355036, -17.368185)"
2018,407,Control,NA,NA,NA,NA,"c(49.372806, -17.521278)"
2018,408,Control,NA,NA,NA,NA,"c(49.709752, -15.314215)"
2018,409,Excluded,NA,NA,NA,NA,"c(49.533502, -15.021218)"
2018,410,Excluded,NA,NA,NA,NA,"c(49.847243, -15.428419)"
2018,411,Excluded,NA,NA,NA,NA,"c(49.547231, -15.586742)"
2018,412,Excluded,NA,NA,NA,NA,"c(49.567115, -15.752329)"
2018,413,Control,NA,NA,NA,NA,"c(49.244752, -15.982159)"
2018,414,Control,NA,NA,NA,NA,"c(49.446206, -16.180834)"
2018,415,Excluded,NA,NA,NA,NA,"c(49.848802, -16.200341)"
2018,416,Excluded,NA,NA,NA,NA,"c(49.608419, -16.348323)"
2018,417,Excluded,NA,NA,NA,NA,"c(49.815922, -16.379361)"
2018,418,Control,NA,NA,NA,NA,"c(49.449444, -16.907732)"
2018,419,Excluded,NA,NA,NA,NA,"c(49.123597, -16.872431)"
2018,420,Excluded,NA,NA,NA,NA,"c(49.415337, -16.76538)"
2018,421,Control,NA,NA,NA,NA,"c(49.103484, -17.580689)"
2018,422,Control,NA,NA,NA,NA,"c(49.254042, -17.395709)"
2018,423,Control,NA,NA,NA,NA,"c(49.120031, -17.431486)"
2018,425,Excluded,NA,NA,NA,NA,"c(48.409108, -17.801031)"
2018,426,Excluded,NA,NA,NA,NA,"c(48.433135, -17.824795)"
2018,427,Excluded,NA,NA,NA,NA,"c(48.562829, -17.034217)"
2018,428,Excluded,NA,NA,NA,NA,"c(48.16043, -17.486496)"
2018,429,Excluded,NA,NA,NA,NA,"c(48.244769, -18.923257)"
2018,430,Excluded,NA,NA,NA,NA,"c(48.226963, -18.92835)"
2018,431,Excluded,NA,NA,NA,NA,"c(48.164326, -19.286138)"
2018,432,Excluded,NA,NA,NA,NA,"c(48.415003, -17.775409)"
2018,433,Excluded,NA,NA,NA,NA,"c(48.40886, -17.910327)"
2018,434,Excluded,NA,NA,NA,NA,"c(48.180069, -17.903385)"
2018,435,Excluded,NA,NA,NA,NA,"c(48.509328, -17.921782)"
2018,436,Excluded,NA,NA,NA,NA,"c(48.444792, -18.181964)"
2018,437,Excluded,NA,NA,NA,NA,"c(48.624794, -17.475832)"
2018,438,Excluded,NA,NA,NA,NA,"c(47.998925, -17.995315)"
2018,439,Control,NA,NA,NA,NA,"c(48.234183, -16.437693)"
2018,440,Control,NA,NA,NA,NA,"c(48.339423, -16.812569)"
2018,441,Excluded,NA,NA,NA,NA,"c(48.798243, -17.369582)"
2018,442,Excluded,NA,NA,NA,NA,"c(48.450433, -17.311046)"
2018,443,Excluded,NA,NA,NA,NA,"c(48.506614, -17.46213)"
2018,444,Excluded,NA,NA,NA,NA,"c(48.303011, -17.4697)"
2018,445,Excluded,NA,NA,NA,NA,"c(48.249036, -17.631655)"
2018,446,Excluded,NA,NA,NA,NA,"c(48.195313, -17.747439)"
2018,447,Excluded,NA,NA,NA,NA,"c(48.188695, -17.77785)"
2018,448,Control,NA,NA,NA,NA,"c(48.257985, -18.480808)"
2018,449,Excluded,NA,NA,NA,NA,"c(48.038133, -18.604748)"
2018,450,Excluded,NA,NA,NA,NA,"c(47.984831, -18.763787)"
2018,451,Control,NA,NA,NA,NA,"c(48.080768, -18.801719)"
2018,452,Treatment,555697885,2015,VI,7.36171127227591,"c(48.038476, -19.06604)"
2018,453,Excluded,NA,NA,NA,NA,"c(48.34428, -18.981178)"
2018,454,Excluded,NA,NA,NA,NA,"c(48.512085, -19.235404)"
2018,455,Control,NA,NA,NA,NA,"c(48.098135, -19.532836)"
2018,456,Control,NA,NA,NA,NA,"c(48.207772, -19.695722)"
2018,457,Excluded,NA,NA,NA,NA,"c(46.315362, -15.701921)"
2018,458,Excluded,NA,NA,NA,NA,"c(46.328188, -15.705739)"
2018,459,Excluded,NA,NA,NA,NA,"c(46.30417, -15.710378)"
2018,460,Excluded,NA,NA,NA,NA,"c(46.336283, -15.716052)"
2018,461,Excluded,NA,NA,NA,NA,"c(46.321508, -15.704566)"
2018,462,Excluded,NA,NA,NA,NA,"c(46.358413, -15.703481)"
2018,463,Excluded,NA,NA,NA,NA,"c(46.329267, -15.714283)"
2018,464,Excluded,NA,NA,NA,NA,"c(46.369249, -15.708956)"
2018,465,Excluded,NA,NA,NA,NA,"c(46.465629, -15.640469)"
2018,466,Excluded,NA,NA,NA,NA,"c(46.020224, -16.131668)"
2018,467,Excluded,NA,NA,NA,NA,"c(46.65772, -16.088446)"
2018,468,Excluded,NA,NA,NA,NA,"c(46.658015, -16.118221)"
2018,469,Excluded,NA,NA,NA,NA,"c(45.431057, -16.254879)"
2018,470,Excluded,NA,NA,NA,NA,"c(46.72131, -16.459646)"
2018,471,Control,NA,NA,NA,NA,"c(46.832625, -15.468165)"
2018,472,Control,NA,NA,NA,NA,"c(47.113155, -15.752379)"
2018,473,Control,NA,NA,NA,NA,"c(47.034599, -15.755898)"
2018,474,Excluded,NA,NA,NA,NA,"c(45.83841, -15.94157)"
2018,475,Excluded,NA,NA,NA,NA,"c(45.915088, -16.428473)"
2018,476,Excluded,NA,NA,NA,NA,"c(47.098904, -16.144193)"
2018,477,Excluded,NA,NA,NA,NA,"c(46.722888, -16.133631)"
2018,478,Excluded,NA,NA,NA,NA,"c(46.675705, -16.169729)"
2018,479,Treatment,555697914,2015,Not Reported,5.967299576996708,"c(46.541739, -16.106543)"
2018,480,Control,NA,NA,NA,NA,"c(46.302388, -16.325276)"
2018,481,Control,NA,NA,NA,NA,"c(45.657076, -16.797227)"
2018,482,Excluded,NA,NA,NA,NA,"c(47.161706, -16.323809)"
2018,483,Control,NA,NA,NA,NA,"c(47.173643, -16.577475)"
2018,484,Excluded,NA,NA,NA,NA,"c(46.956401, -16.422574)"
2018,485,Excluded,NA,NA,NA,NA,"c(46.887286, -16.373948)"
2018,486,Control,NA,NA,NA,NA,"c(46.855165, -16.50734)"
2018,487,Excluded,NA,NA,NA,NA,"c(46.551009, -16.368803)"
2018,488,Control,NA,NA,NA,NA,"c(46.553106, -16.50594)"
2018,489,Excluded,NA,NA,NA,NA,"c(47.978915, -14.876684)"
2018,490,Excluded,NA,NA,NA,NA,"c(47.968223, -14.894052)"
2018,491,Excluded,NA,NA,NA,NA,"c(48.754287, -14.542302)"
2018,492,Excluded,NA,NA,NA,NA,"c(48.548791, -15.258806)"
2018,493,Excluded,NA,NA,NA,NA,"c(48.830414, -15.838697)"
2018,494,Excluded,NA,NA,NA,NA,"c(47.671528, -16.07719)"
2018,495,Control,NA,NA,NA,NA,"c(48.445927, -14.794841)"
2018,496,Control,NA,NA,NA,NA,"c(47.999313, -14.923979)"
2018,497,Control,NA,NA,NA,NA,"c(47.839493, -15.019611)"
2018,498,Control,NA,NA,NA,NA,"c(47.967623, -15.376206)"
2018,499,Control,NA,NA,NA,NA,"c(48.108006, -14.472759)"
2018,500,Treatment,5026,2015,IV,0,"c(48.279609, -14.06874)"
2018,501,Control,NA,NA,NA,NA,"c(47.680027, -15.390992)"
2018,502,Control,NA,NA,NA,NA,"c(48.343583, -14.260763)"
2018,503,Treatment,555697905,2015,VI,3.8831025872018676,"c(48.675768, -14.49602)"
2018,504,Control,NA,NA,NA,NA,"c(48.90593, -14.43694)"
2018,505,Treatment,555697905,2015,VI,0,"c(48.814303, -14.313721)"
2018,506,Control,NA,NA,NA,NA,"c(48.920814, -14.864654)"
2018,507,Control,NA,NA,NA,NA,"c(48.44242, -14.908609)"
2018,508,Control,NA,NA,NA,NA,"c(48.481567, -15.449219)"
2018,509,Control,NA,NA,NA,NA,"c(48.277685, -15.540815)"
2018,510,Control,NA,NA,NA,NA,"c(48.877831, -15.264281)"
2018,512,Control,NA,NA,NA,NA,"c(49.268056, -14.858733)"
2018,513,Excluded,NA,NA,NA,NA,"c(47.616403, -15.755828)"
2018,514,Control,NA,NA,NA,NA,"c(48.243766, -15.792993)"
2018,515,Control,NA,NA,NA,NA,"c(47.740934, -15.859232)"
2018,516,Control,NA,NA,NA,NA,"c(47.840293, -15.63066)"
2018,517,Control,NA,NA,NA,NA,"c(47.270004, -15.805352)"
2018,518,Control,NA,NA,NA,NA,"c(48.792626, -15.525067)"
2018,519,Control,NA,NA,NA,NA,"c(48.581577, -15.741993)"
2018,520,Control,NA,NA,NA,NA,"c(48.989133, -15.803502)"
2018,521,Control,NA,NA,NA,NA,"c(48.624035, -15.958408)"
2018,522,Control,NA,NA,NA,NA,"c(48.939921, -15.983164)"
2018,523,Treatment,5035,2015,IV,2.5282617465203026,"c(48.842504, -16.26323)"
2018,524,Control,NA,NA,NA,NA,"c(47.641143, -15.84235)"
2018,525,Control,NA,NA,NA,NA,"c(47.756671, -15.921638)"
2018,527,Excluded,NA,NA,NA,NA,"c(47.471565, -16.094678)"
2018,528,Control,NA,NA,NA,NA,"c(47.474072, -16.296316)"
2018,529,Excluded,NA,NA,NA,NA,"c(46.832912, -16.939188)"
2018,530,Excluded,NA,NA,NA,NA,"c(46.840614, -16.973065)"
2018,531,Excluded,NA,NA,NA,NA,"c(47.828877, -16.740677)"
2018,532,Excluded,NA,NA,NA,NA,"c(47.647289, -16.808696)"
2018,533,Excluded,NA,NA,NA,NA,"c(47.58422, -16.867778)"
2018,534,Excluded,NA,NA,NA,NA,"c(46.160478, -17.480964)"
2018,535,Control,NA,NA,NA,NA,"c(46.766912, -16.725483)"
2018,536,Control,NA,NA,NA,NA,"c(46.975529, -16.789468)"
2018,537,Control,NA,NA,NA,NA,"c(46.884883, -16.827495)"
2018,538,Control,NA,NA,NA,NA,"c(46.967026, -16.772525)"
2018,539,Control,NA,NA,NA,NA,"c(46.896787, -16.824936)"
2018,540,Control,NA,NA,NA,NA,"c(46.834054, -16.894935)"
2018,541,Control,NA,NA,NA,NA,"c(46.850084, -17.023062)"
2018,542,Control,NA,NA,NA,NA,"c(46.591702, -17.005505)"
2018,543,Control,NA,NA,NA,NA,"c(46.564096, -17.180295)"
2018,544,Control,NA,NA,NA,NA,"c(46.468718, -17.244971)"
2018,545,Control,NA,NA,NA,NA,"c(46.886243, -17.177461)"
2018,546,Control,NA,NA,NA,NA,"c(46.929401, -17.324853)"
2018,547,Control,NA,NA,NA,NA,"c(46.953681, -17.52596)"
2018,548,Control,NA,NA,NA,NA,"c(46.929083, -17.634147)"
2018,549,Control,NA,NA,NA,NA,"c(46.924197, -17.722864)"
2018,550,Control,NA,NA,NA,NA,"c(47.308625, -17.735672)"
2018,551,Control,NA,NA,NA,NA,"c(47.495224, -16.485493)"
2018,552,Control,NA,NA,NA,NA,"c(47.680468, -16.666475)"
2018,553,Control,NA,NA,NA,NA,"c(47.55646, -16.758877)"
2018,554,Control,NA,NA,NA,NA,"c(47.561942, -17.11856)"
2018,556,Control,NA,NA,NA,NA,"c(47.860823, -17.414066)"
2018,557,Excluded,NA,NA,NA,NA,"c(47.923066, -17.823652)"
2018,558,Control,NA,NA,NA,NA,"c(47.193907, -17.142902)"
2018,559,Control,NA,NA,NA,NA,"c(45.976126, -17.406038)"
2018,561,Excluded,NA,NA,NA,NA,"c(44.05989, -18.077528)"
2018,562,Excluded,NA,NA,NA,NA,"c(44.034203, -18.069155)"
2018,563,Excluded,NA,NA,NA,NA,"c(44.479427, -16.758618)"
2018,564,Excluded,NA,NA,NA,NA,"c(45.461844, -17.570711)"
2018,565,Excluded,NA,NA,NA,NA,"c(45.661983, -17.698781)"
2018,566,Excluded,NA,NA,NA,NA,"c(45.679452, -17.672537)"
2018,567,Excluded,NA,NA,NA,NA,"c(45.133937, -17.729731)"
2018,568,Excluded,NA,NA,NA,NA,"c(44.933342, -17.823852)"
2018,569,Excluded,NA,NA,NA,NA,"c(44.544114, -18.501567)"
2018,570,Excluded,NA,NA,NA,NA,"c(44.592993, -18.670852)"
2018,571,Excluded,NA,NA,NA,NA,"c(44.493332, -18.816662)"
2018,572,Excluded,NA,NA,NA,NA,"c(44.342268, -16.995017)"
2018,573,Treatment,555547960,2012,Not Reported,8.140316736948808,"c(44.105498, -17.419027)"
2018,574,Treatment,555547960,2012,Not Reported,5.473225107775758,"c(44.127671, -17.452392)"
2018,575,Treatment,555547960,2012,Not Reported,3.5357711839549455,"c(44.089004, -17.642779)"
2018,576,Control,NA,NA,NA,NA,"c(44.257848, -17.726901)"
2018,577,Treatment,555697879,2015,V,4.323330401894903,"c(44.458733, -18.046603)"
2018,578,Control,NA,NA,NA,NA,"c(44.102431, -18.129321)"
2018,579,Control,NA,NA,NA,NA,"c(44.152484, -18.270922)"
2018,580,Control,NA,NA,NA,NA,"c(44.67775, -17.017636)"
2018,583,Control,NA,NA,NA,NA,"c(44.876796, -16.345763)"
2018,585,Control,NA,NA,NA,NA,"c(45.845915, -17.529614)"
2018,586,Control,NA,NA,NA,NA,"c(45.615759, -17.757471)"
2018,587,Control,NA,NA,NA,NA,"c(45.566865, -17.964981)"
2018,588,Control,NA,NA,NA,NA,"c(44.677251, -18.021599)"
2018,589,Control,NA,NA,NA,NA,"c(45.282724, -18.095743)"
2018,591,Treatment,166880,2008,V,1.9975311190787866,"c(44.406385, -18.830785)"
2018,593,Excluded,NA,NA,NA,NA,"c(43.681446, -23.338813)"
2018,594,Excluded,NA,NA,NA,NA,"c(43.67694, -23.343864)"
2018,595,Excluded,NA,NA,NA,NA,"c(43.676322, -23.338232)"
2018,596,Excluded,NA,NA,NA,NA,"c(43.658928, -23.354321)"
2018,597,Excluded,NA,NA,NA,NA,"c(45.327843, -21.434324)"
2018,598,Excluded,NA,NA,NA,NA,"c(43.361618, -21.747001)"
2018,599,Excluded,NA,NA,NA,NA,"c(44.501526, -22.292179)"
2018,600,Excluded,NA,NA,NA,NA,"c(44.515538, -22.88067)"
2018,601,Excluded,NA,NA,NA,NA,"c(44.770437, -23.003096)"
2018,602,Excluded,NA,NA,NA,NA,"c(44.299149, -23.756574)"
2018,603,Excluded,NA,NA,NA,NA,"c(44.615592, -23.831195)"
2018,604,Excluded,NA,NA,NA,NA,"c(44.339208, -24.747289)"
2018,605,Control,NA,NA,NA,NA,"c(44.795003, -21.43982)"
2018,606,Treatment,555697877,2008,V,6.240097634371736,"c(43.724787, -22.175353)"
2018,607,Treatment,555697877,2008,V,0,"c(43.629012, -21.5577)"
2018,608,Treatment,555697877,2008,V,2.3901240842087,"c(43.724141, -21.653732)"
2018,609,Treatment,555697877,2008,V,3.910601961865346,"c(43.805961, -22.050704)"
2018,610,Control,NA,NA,NA,NA,"c(43.713413, -22.379736)"
2018,611,Control,NA,NA,NA,NA,"c(44.57274, -22.506959)"
2018,612,Control,NA,NA,NA,NA,"c(44.364098, -22.830444)"
2018,613,Control,NA,NA,NA,NA,"c(44.205254, -22.925806)"
2018,614,Control,NA,NA,NA,NA,"c(44.888322, -22.932007)"
2018,615,Control,NA,NA,NA,NA,"c(43.60392, -22.532435)"
2018,616,Excluded,NA,NA,NA,NA,"c(43.607212, -22.831291)"
2018,617,Treatment,555549460,2008,Not Reported,0.5783442678494173,"c(43.616376, -22.894412)"
2018,618,Treatment,555549460,2008,Not Reported,0,"c(43.754277, -23.205422)"
2018,619,Treatment,555549460,2008,Not Reported,0.633304984365471,"c(43.730099, -23.280031)"
2018,620,Excluded,NA,NA,NA,NA,"c(43.897943, -23.459534)"
2018,621,Excluded,NA,NA,NA,NA,"c(44.046762, -23.546902)"
2018,622,Control,NA,NA,NA,NA,"c(44.856559, -23.517893)"
2018,623,Control,NA,NA,NA,NA,"c(44.552507, -23.298165)"
2018,624,Control,NA,NA,NA,NA,"c(44.384515, -23.377104)"
2018,625,Excluded,NA,NA,NA,NA,"c(44.314675, -23.559)"
2018,626,Control,NA,NA,NA,NA,"c(44.766267, -23.563263)"
2018,627,Excluded,NA,NA,NA,NA,"c(44.492917, -23.586007)"
2018,628,Control,NA,NA,NA,NA,"c(44.028059, -23.829853)"
2018,629,Control,NA,NA,NA,NA,"c(44.412213, -23.978736)"
2018,630,Control,NA,NA,NA,NA,"c(44.92328, -23.881117)"
2018,631,Control,NA,NA,NA,NA,"c(44.854467, -23.971475)"
2018,632,Control,NA,NA,NA,NA,"c(45.026227, -24.107724)"
2018,633,Control,NA,NA,NA,NA,"c(44.311201, -24.073652)"
2018,634,Control,NA,NA,NA,NA,"c(44.678934, -24.445031)"
2018,635,Control,NA,NA,NA,NA,"c(44.483021, -24.371887)"
2018,636,Control,NA,NA,NA,NA,"c(45.041624, -24.399165)"
2018,637,Excluded,NA,NA,NA,NA,"c(43.715491, -24.266664)"
2018,638,Excluded,NA,NA,NA,NA,"c(44.141135, -24.950064)"
2018,639,Control,NA,NA,NA,NA,"c(44.889212, -24.692315)"
2018,640,Control,NA,NA,NA,NA,"c(44.374165, -25.115996)"
2018,641,Excluded,NA,NA,NA,NA,"c(46.057185, -25.173965)"
2018,642,Excluded,NA,NA,NA,NA,"c(46.070628, -25.186805)"
2018,643,Excluded,NA,NA,NA,NA,"c(46.049803, -25.252339)"
2018,644,Excluded,NA,NA,NA,NA,"c(45.291036, -24.236663)"
2018,645,Excluded,NA,NA,NA,NA,"c(44.899969, -25.135175)"
2018,646,Excluded,NA,NA,NA,NA,"c(45.437725, -25.186814)"
2018,647,Excluded,NA,NA,NA,NA,"c(45.425321, -25.29244)"
2018,648,Treatment,555549452,2015,Not Reported,0,"c(46.190623, -25.085316)"
2018,649,Treatment,555549452,2015,Not Reported,9.918470854657727,"c(46.182236, -25.202935)"
2018,650,Control,NA,NA,NA,NA,"c(45.611147, -24.601062)"
2018,651,Control,NA,NA,NA,NA,"c(45.53973, -24.707221)"
2018,652,Control,NA,NA,NA,NA,"c(45.56815, -24.956233)"
2018,653,Control,NA,NA,NA,NA,"c(45.728942, -24.6135)"
2018,654,Control,NA,NA,NA,NA,"c(45.937309, -25.154584)"
2018,655,Control,NA,NA,NA,NA,"c(45.85579, -25.375141)"
2018,656,Control,NA,NA,NA,NA,"c(45.784819, -25.261414)"
2018,657,Control,NA,NA,NA,NA,"c(45.262471, -23.849707)"
2018,658,Control,NA,NA,NA,NA,"c(45.373377, -24.055595)"
2018,659,Control,NA,NA,NA,NA,"c(45.70658, -24.182112)"
2018,660,Control,NA,NA,NA,NA,"c(45.441219, -24.370765)"
2018,661,Control,NA,NA,NA,NA,"c(45.073741, -24.292618)"
2018,662,Control,NA,NA,NA,NA,"c(45.681315, -24.367053)"
2018,663,Control,NA,NA,NA,NA,"c(45.347238, -24.468666)"
2018,664,Control,NA,NA,NA,NA,"c(45.299344, -24.70676)"
2018,665,Control,NA,NA,NA,NA,"c(45.371626, -24.618148)"
2018,666,Control,NA,NA,NA,NA,"c(45.329899, -24.788758)"
2018,667,Control,NA,NA,NA,NA,"c(45.164662, -25.231413)"
2018,668,Control,NA,NA,NA,NA,"c(44.853375, -25.145917)"
2018,669,Excluded,NA,NA,NA,NA,"c(45.042544, -25.486779)"
2018,670,Control,NA,NA,NA,NA,"c(45.389536, -25.372841)"
2018,671,Control,NA,NA,NA,NA,"c(45.586465, -25.527677)"
2018,672,Excluded,NA,NA,NA,NA,"c(45.239518, -25.519621)"
2018,673,Excluded,NA,NA,NA,NA,"c(46.987669, -25.021331)"
2018,674,Excluded,NA,NA,NA,NA,"c(46.981331, -25.020353)"
2018,675,Excluded,NA,NA,NA,NA,"c(46.981279, -25.033635)"
2018,676,Excluded,NA,NA,NA,NA,"c(46.09656, -23.3055)"
2018,677,Excluded,NA,NA,NA,NA,"c(46.477705, -25.038381)"
2018,678,Excluded,NA,NA,NA,NA,"c(46.433441, -25.092779)"
2018,679,Control,NA,NA,NA,NA,"c(47.207763, -24.090586)"
2018,680,Control,NA,NA,NA,NA,"c(47.259428, -24.294134)"
2018,681,Treatment,555697878,2008,VI,6.39555366762616,"c(46.954763, -24.561717)"
2018,682,Treatment,555697878,2008,VI,0,"c(47.076175, -24.628928)"
2018,683,Treatment,555697878,2008,VI,0,"c(46.921932, -24.738425)"
2018,684,Treatment,555697878,2008,VI,0.1980683231761105,"c(46.94983, -24.848578)"
2018,685,Excluded,NA,NA,NA,NA,"c(46.932435, -24.982187)"
2018,686,Treatment,2303,2015,II,2.166204490362016,"c(46.659426, -24.985305)"
2018,687,Excluded,NA,NA,NA,NA,"c(46.821371, -25.015561)"
2018,688,Control,NA,NA,NA,NA,"c(45.849454, -22.70279)"
2018,689,Control,NA,NA,NA,NA,"c(45.709485, -22.939792)"
2018,690,Control,NA,NA,NA,NA,"c(45.850241, -23.112075)"
2018,691,Control,NA,NA,NA,NA,"c(45.552736, -23.299492)"
2018,692,Control,NA,NA,NA,NA,"c(45.769966, -23.30243)"
2018,693,Control,NA,NA,NA,NA,"c(45.858666, -23.496257)"
2018,694,Control,NA,NA,NA,NA,"c(45.607294, -23.535195)"
2018,695,Control,NA,NA,NA,NA,"c(46.183268, -23.695479)"
2018,696,Control,NA,NA,NA,NA,"c(45.59738, -23.807855)"
2018,697,Control,NA,NA,NA,NA,"c(45.752181, -23.826772)"
2018,698,Control,NA,NA,NA,NA,"c(46.103148, -24.070084)"
2018,699,Control,NA,NA,NA,NA,"c(46.684327, -24.085703)"
2018,700,Treatment,2303,2015,II,4.846881405424798,"c(46.780147, -24.493363)"
2018,701,Control,NA,NA,NA,NA,"c(46.293688, -24.446729)"
2018,702,Treatment,555549451,2017,Not Reported,3.341260359064549,"c(46.531432, -24.615789)"
2018,703,Control,NA,NA,NA,NA,"c(46.204386, -24.550351)"
2018,704,Excluded,NA,NA,NA,NA,"c(46.508313, -25.066691)"
2018,705,Excluded,NA,NA,NA,NA,"c(44.291007, -20.299261)"
2018,706,Excluded,NA,NA,NA,NA,"c(44.295364, -20.294239)"
2018,707,Excluded,NA,NA,NA,NA,"c(45.468116, -19.441068)"
2018,708,Excluded,NA,NA,NA,NA,"c(44.564248, -19.545839)"
2018,709,Excluded,NA,NA,NA,NA,"c(44.557732, -19.69213)"
2018,710,Excluded,NA,NA,NA,NA,"c(44.689061, -20.373221)"
2018,711,Excluded,NA,NA,NA,NA,"c(44.319807, -21.436216)"
2018,712,Excluded,NA,NA,NA,NA,"c(44.440757, -20.147841)"
2018,713,Excluded,NA,NA,NA,NA,"c(44.326447, -20.313662)"
2018,714,Excluded,NA,NA,NA,NA,"c(44.425364, -20.308532)"
2018,715,Control,NA,NA,NA,NA,"c(44.485997, -20.556963)"
2018,716,Control,NA,NA,NA,NA,"c(44.111649, -20.517403)"
2018,717,Control,NA,NA,NA,NA,"c(45.300064, -18.772668)"
2018,718,Control,NA,NA,NA,NA,"c(45.423306, -19.632037)"
2018,719,Control,NA,NA,NA,NA,"c(45.306153, -19.704059)"
2018,720,Treatment,555697916,2015,Not Reported,6.007213784560181,"c(45.458867, -19.924465)"
2018,721,Control,NA,NA,NA,NA,"c(45.632773, -20.121892)"
2018,722,Control,NA,NA,NA,NA,"c(44.942397, -19.646732)"
2018,723,Excluded,NA,NA,NA,NA,"c(44.616804, -19.632693)"
2018,724,Excluded,NA,NA,NA,NA,"c(44.857913, -19.752686)"
2018,726,Control,NA,NA,NA,NA,"c(44.846882, -20.295855)"
2018,727,Control,NA,NA,NA,NA,"c(44.631573, -20.323494)"
2018,728,Control,NA,NA,NA,NA,"c(44.795746, -20.438444)"
2018,729,Control,NA,NA,NA,NA,"c(45.294065, -20.325197)"
2018,730,Control,NA,NA,NA,NA,"c(45.59626, -20.319663)"
2018,731,Control,NA,NA,NA,NA,"c(44.819663, -21.082797)"
2018,732,Control,NA,NA,NA,NA,"c(44.336342, -21.582789)"
2018,733,Control,NA,NA,NA,NA,"c(44.40531, -21.434808)"
2018,734,Treatment,555697877,2008,V,3.2796355756114157,"c(43.876596, -21.65437)"
2018,735,Excluded,NA,NA,NA,NA,"c(43.831518, -21.303342)"
2018,736,Control,NA,NA,NA,NA,"c(44.567559, -21.525397)"
2018,737,Excluded,NA,NA,NA,NA,"c(49.298642, -12.281192)"
2018,738,Excluded,NA,NA,NA,NA,"c(49.285683, -12.291016)"
2018,739,Excluded,NA,NA,NA,NA,"c(49.277252, -12.311287)"
2018,740,Excluded,NA,NA,NA,NA,"c(49.298652, -12.312683)"
2018,741,Excluded,NA,NA,NA,NA,"c(49.280338, -12.303505)"
2018,742,Excluded,NA,NA,NA,NA,"c(49.013132, -13.162061)"
2018,743,Excluded,NA,NA,NA,NA,"c(49.053853, -13.182715)"
2018,744,Excluded,NA,NA,NA,NA,"c(49.023554, -13.211448)"
2018,745,Excluded,NA,NA,NA,NA,"c(48.261253, -13.381389)"
2018,746,Excluded,NA,NA,NA,NA,"c(48.269033, -13.397357)"
2018,747,Excluded,NA,NA,NA,NA,"c(48.207609, -13.282516)"
2018,748,Excluded,NA,NA,NA,NA,"c(48.210834, -13.396097)"
2018,749,Excluded,NA,NA,NA,NA,"c(48.415527, -13.605388)"
2018,750,Excluded,NA,NA,NA,NA,"c(48.446535, -13.668759)"
2018,751,Excluded,NA,NA,NA,NA,"c(48.448128, -13.68297)"
2018,752,Excluded,NA,NA,NA,NA,"c(48.459758, -13.701768)"
2018,753,Excluded,NA,NA,NA,NA,"c(49.333252, -12.381935)"
2018,754,Excluded,NA,NA,NA,NA,"c(49.442243, -12.450622)"
2018,755,Treatment,5022,2015,II,7.08032164356328,"c(49.343683, -12.678463)"
2018,756,Excluded,NA,NA,NA,NA,"c(49.238683, -12.770923)"
2018,757,Control,NA,NA,NA,NA,"c(48.887623, -13.010405)"
2018,758,Treatment,555697910,2015,V,2.9789985236544503,"c(49.101463, -13.189393)"
2018,759,Control,NA,NA,NA,NA,"c(49.376337, -13.262438)"
2018,760,Control,NA,NA,NA,NA,"c(48.888503, -13.193353)"
2018,761,Control,NA,NA,NA,NA,"c(48.837309, -13.257136)"
2018,762,Treatment,555697895,2015,V,0.1260420608649087,"c(48.816045, -13.518277)"
2018,763,Control,NA,NA,NA,NA,"c(48.932943, -13.077277)"
2018,764,Treatment,555697895,2015,V,9.0331144799948,"c(48.541176, -13.807035)"
2018,765,Control,NA,NA,NA,NA,"c(48.238337, -13.83559)"
2018,766,Control,NA,NA,NA,NA,"c(48.330766, -13.757256)"
2018,767,Treatment,555697894,2015,V,0,"c(48.03439, -13.753526)"
2018,768,Treatment,5026,2015,IV,2.068181796263447,"c(48.524698, -14.076505)"
2018,769,Excluded,NA,NA,NA,NA,"c(50.099966, -14.284286)"
2018,770,Excluded,NA,NA,NA,NA,"c(50.148805, -14.255625)"
2018,771,Excluded,NA,NA,NA,NA,"c(50.188566, -14.301422)"
2018,772,Excluded,NA,NA,NA,NA,"c(49.645298, -14.654327)"
2018,773,Excluded,NA,NA,NA,NA,"c(50.240814, -14.834841)"
2018,774,Excluded,NA,NA,NA,NA,"c(50.278954, -14.898752)"
2018,775,Excluded,NA,NA,NA,NA,"c(50.274962, -14.901786)"
2018,776,Treatment,555697893,2015,VI,9.284471319249217,"c(50.126683, -14.05361)"
2018,777,Treatment,555697893,2015,VI,2.4544894105073154,"c(49.981611, -14.182406)"
2018,778,Control,NA,NA,NA,NA,"c(49.715986, -14.018073)"
2018,779,Control,NA,NA,NA,NA,"c(49.690714, -14.065785)"
2018,780,Control,NA,NA,NA,NA,"c(49.762484, -14.199494)"
2018,781,Control,NA,NA,NA,NA,"c(49.988994, -14.275838)"
2018,782,Excluded,NA,NA,NA,NA,"c(49.864669, -14.375924)"
2018,783,Control,NA,NA,NA,NA,"c(50.087862, -14.464487)"
2018,784,Treatment,555697908,2015,V,0,"c(49.806044, -13.03587)"
2018,785,Treatment,555697908,2015,V,1.0003818626872005,"c(49.760146, -13.285607)"
2018,786,Treatment,555697907,2015,VI,3.376657158624677,"c(49.629249, -13.654843)"
2018,787,Control,NA,NA,NA,NA,"c(50.054338, -13.759919)"
2018,789,Control,NA,NA,NA,NA,"c(49.993601, -13.906096)"
2018,790,Control,NA,NA,NA,NA,"c(49.970789, -13.979914)"
2018,791,Excluded,NA,NA,NA,NA,"c(49.61947, -14.346198)"
2018,792,Excluded,NA,NA,NA,NA,"c(49.653237, -14.586671)"
2018,793,Excluded,NA,NA,NA,NA,"c(49.481698, -14.612091)"
2018,794,Excluded,NA,NA,NA,NA,"c(49.798649, -14.684483)"
2018,795,Control,NA,NA,NA,NA,"c(50.0687, -14.592228)"
2018,796,Control,NA,NA,NA,NA,"c(50.159281, -14.80984)"
2018,797,Excluded,NA,NA,NA,NA,"c(49.883233, -15.009902)"
2018,798,Control,NA,NA,NA,NA,"c(50.267346, -15.000644)"
2018,800,Excluded,NA,NA,NA,NA,"c(50.227707, -15.47821)"
2021,1,Excluded,NA,NA,NA,NA,"c(47.5165475838388, -18.9004993611503)"
2021,2,Excluded,NA,NA,NA,NA,"c(47.5025193860699, -18.9036975997821)"
2021,3,Excluded,NA,NA,NA,NA,"c(47.5184478878444, -18.9085504346015)"
2021,4,Excluded,NA,NA,NA,NA,"c(47.510011937366, -18.8941182268474)"
2021,5,Excluded,NA,NA,NA,NA,"c(47.5074900522334, -18.9174277733888)"
2021,6,Excluded,NA,NA,NA,NA,"c(47.5004179567593, -18.8991940524796)"
2021,7,Excluded,NA,NA,NA,NA,"c(47.5152624529311, -18.9139647957912)"
2021,8,Excluded,NA,NA,NA,NA,"c(47.4996336548222, -18.9320188560913)"
2021,9,Excluded,NA,NA,NA,NA,"c(47.5490445733118, -18.9087628230671)"
2021,10,Excluded,NA,NA,NA,NA,"c(47.5565735138504, -18.9249228230517)"
2021,11,Excluded,NA,NA,NA,NA,"c(47.536664790993, -18.9224359931417)"
2021,12,Excluded,NA,NA,NA,NA,"c(47.5635332435727, -18.9222048410813)"
2021,13,Excluded,NA,NA,NA,NA,"c(47.5391676051265, -18.9282885337587)"
2021,14,Excluded,NA,NA,NA,NA,"c(47.5606464494968, -18.915260897297)"
2021,15,Excluded,NA,NA,NA,NA,"c(47.5458492386183, -18.9379541049864)"
2021,16,Excluded,NA,NA,NA,NA,"c(47.5300581279678, -18.9464321301074)"
2021,17,Excluded,NA,NA,NA,NA,"c(47.5149944027688, -18.9071281456704)"
2021,18,Excluded,NA,NA,NA,NA,"c(47.5203959235095, -18.8991685937787)"
2021,19,Excluded,NA,NA,NA,NA,"c(47.5354664786371, -18.9059601332587)"
2021,20,Excluded,NA,NA,NA,NA,"c(47.5304213854021, -18.907965326212)"
2021,21,Excluded,NA,NA,NA,NA,"c(47.4992109561275, -18.9013456334702)"
2021,22,Excluded,NA,NA,NA,NA,"c(47.4995253732765, -18.9279292657098)"
2021,23,Excluded,NA,NA,NA,NA,"c(47.5156186553658, -18.9340135448575)"
2021,24,Excluded,NA,NA,NA,NA,"c(47.5237256313418, -18.9253266765393)"
2021,25,Excluded,NA,NA,NA,NA,"c(47.5313521294917, -18.9198231747925)"
2021,26,Excluded,NA,NA,NA,NA,"c(47.5350574412335, -18.9268928156373)"
2021,27,Excluded,NA,NA,NA,NA,"c(47.5119756143021, -18.9419676521837)"
2021,28,Excluded,NA,NA,NA,NA,"c(47.5083489155719, -18.9360289113642)"
2021,29,Excluded,NA,NA,NA,NA,"c(47.5102809999945, -18.9400732625264)"
2021,30,Excluded,NA,NA,NA,NA,"c(47.5089316278063, -18.9400473102452)"
2021,31,Excluded,NA,NA,NA,NA,"c(47.5231776446202, -18.9397166928526)"
2021,32,Excluded,NA,NA,NA,NA,"c(47.5102269566882, -18.8548114191124)"
2021,33,Excluded,NA,NA,NA,NA,"c(47.5254676184055, -18.8737118088452)"
2021,34,Excluded,NA,NA,NA,NA,"c(47.5362683442204, -18.8591259664429)"
2021,35,Excluded,NA,NA,NA,NA,"c(47.5525758889426, -18.8761479133937)"
2021,36,Excluded,NA,NA,NA,NA,"c(47.5368797437749, -18.8829143663117)"
2021,37,Excluded,NA,NA,NA,NA,"c(47.53441126014, -18.8985463519254)"
2021,38,Excluded,NA,NA,NA,NA,"c(47.5484728620265, -18.8837418990759)"
2021,39,Excluded,NA,NA,NA,NA,"c(47.5466729869171, -18.9057952607547)"
2021,40,Excluded,NA,NA,NA,NA,"c(47.5520204427589, -18.9049908325068)"
2021,41,Excluded,NA,NA,NA,NA,"c(47.5515615949017, -18.9014316751761)"
2021,42,Excluded,NA,NA,NA,NA,"c(47.5602145458607, -18.9014312524314)"
2021,43,Excluded,NA,NA,NA,NA,"c(47.4768858397323, -18.8575823927989)"
2021,44,Excluded,NA,NA,NA,NA,"c(47.481260171809, -18.8720059337606)"
2021,45,Excluded,NA,NA,NA,NA,"c(47.4819367308654, -18.8677714154598)"
2021,46,Excluded,NA,NA,NA,NA,"c(47.5057636194737, -18.8715903218593)"
2021,47,Excluded,NA,NA,NA,NA,"c(47.5076827061988, -18.8810850026752)"
2021,48,Control,NA,NA,NA,NA,"c(47.1435057513109, -18.5839752042316)"
2021,49,Excluded,NA,NA,NA,NA,"c(47.8224867853467, -18.4357009349917)"
2021,50,Control,NA,NA,NA,NA,"c(47.7949292554964, -17.9725838121198)"
2021,51,Control,NA,NA,NA,NA,"c(47.5964191483551, -18.2962395924022)"
2021,52,Excluded,NA,NA,NA,NA,"c(47.9365960004082, -18.6151965747188)"
2021,53,Excluded,NA,NA,NA,NA,"c(47.4727792190683, -18.8245322763601)"
2021,54,Control,NA,NA,NA,NA,"c(47.4564361792827, -18.7485911855736)"
2021,55,Control,NA,NA,NA,NA,"c(47.2389526086372, -18.7443613113184)"
2021,56,Excluded,NA,NA,NA,NA,"c(47.4747960225633, -18.8091864814805)"
2021,57,Excluded,NA,NA,NA,NA,"c(47.4756901073445, -18.8411589438803)"
2021,58,Excluded,NA,NA,NA,NA,"c(47.8690861040756, -18.9632727286566)"
2021,59,Excluded,NA,NA,NA,NA,"c(47.8377557599944, -18.7536835053761)"
2021,60,Control,NA,NA,NA,NA,"c(47.867396996704, -19.0214014845089)"
2021,61,Control,NA,NA,NA,NA,"c(47.5782977802608, -18.7098381138273)"
2021,62,Excluded,NA,NA,NA,NA,"c(47.5556381361616, -18.8370522089201)"
2021,63,Excluded,NA,NA,NA,NA,"c(47.5531313557754, -18.8703268018476)"
2021,64,Excluded,NA,NA,NA,NA,"c(47.6008387088164, -18.9174000386199)"
2021,65,Excluded,NA,NA,NA,NA,"c(47.5827144776089, -18.9332690834631)"
2021,66,Excluded,NA,NA,NA,NA,"c(47.4839676867017, -18.9144298509134)"
2021,67,Excluded,NA,NA,NA,NA,"c(47.475473473228, -18.9255433871232)"
2021,68,Excluded,NA,NA,NA,NA,"c(47.4792715966937, -18.9297712354266)"
2021,69,Excluded,NA,NA,NA,NA,"c(47.4918968406859, -18.92036259676)"
2021,70,Control,NA,NA,NA,NA,"c(47.5317680679576, -18.960848854718)"
2021,71,Control,NA,NA,NA,NA,"c(47.5014986343882, -18.9848869992523)"
2021,72,Control,NA,NA,NA,NA,"c(47.4692623849808, -19.0276082809261)"
2021,73,Control,NA,NA,NA,NA,"c(47.6035180732676, -19.0389510762453)"
2021,74,Control,NA,NA,NA,NA,"c(47.6800373775252, -19.2872572709834)"
2021,75,Control,NA,NA,NA,NA,"c(47.7230196361634, -19.2082948233517)"
2021,76,Excluded,NA,NA,NA,NA,"c(47.0389649063425, -19.8417224551518)"
2021,77,Excluded,NA,NA,NA,NA,"c(47.0361444837534, -19.8679711543111)"
2021,78,Excluded,NA,NA,NA,NA,"c(47.0344849854577, -19.8636278977865)"
2021,79,Excluded,NA,NA,NA,NA,"c(46.9753144895697, -19.8640640171871)"
2021,80,Excluded,NA,NA,NA,NA,"c(47.0352413857903, -19.8851195932073)"
2021,81,Excluded,NA,NA,NA,NA,"c(47.4165945824257, -19.3969179986259)"
2021,82,Treatment,555697911,2013,VI,5.52692923485182,"c(47.3815898088205, -19.3870147117122)"
2021,83,Control,NA,NA,NA,NA,"c(47.6124162534698, -19.5080197052432)"
2021,84,Control,NA,NA,NA,NA,"c(47.6786588136979, -19.5776821514561)"
2021,85,Control,NA,NA,NA,NA,"c(47.0366162508272, -19.241159123287)"
2021,86,Control,NA,NA,NA,NA,"c(46.7624854568659, -19.3291698294144)"
2021,87,Control,NA,NA,NA,NA,"c(46.9742315901335, -19.543078979443)"
2021,88,Control,NA,NA,NA,NA,"c(46.2917747512784, -19.5605457839855)"
2021,89,Control,NA,NA,NA,NA,"c(46.5754420523191, -19.4777260331488)"
2021,90,Control,NA,NA,NA,NA,"c(47.3655738565427, -19.6106877971075)"
2021,91,Control,NA,NA,NA,NA,"c(47.247956854307, -19.5442577881725)"
2021,92,Control,NA,NA,NA,NA,"c(47.4378712985395, -19.5053889999277)"
2021,93,Control,NA,NA,NA,NA,"c(47.2442768439859, -19.6504370741586)"
2021,94,Treatment,555542728,2010,V,8.369500379315905,"c(47.6984060721466, -19.7664265461918)"
2021,95,Control,NA,NA,NA,NA,"c(46.7083239085749, -19.6637934805984)"
2021,96,Control,NA,NA,NA,NA,"c(46.6502624048604, -19.7659617306549)"
2021,97,Control,NA,NA,NA,NA,"c(46.8215308797141, -19.9409268735656)"
2021,98,Control,NA,NA,NA,NA,"c(46.6092431405213, -20.1586185194773)"
2021,99,Control,NA,NA,NA,NA,"c(47.0965193224665, -19.5331100185091)"
2021,100,Control,NA,NA,NA,NA,"c(47.0438130124675, -19.7360527271456)"
2021,101,Control,NA,NA,NA,NA,"c(46.948174962238, -19.8639529088637)"
2021,102,Control,NA,NA,NA,NA,"c(47.1369972247368, -19.9127520136008)"
2021,103,Control,NA,NA,NA,NA,"c(47.3567438109535, -19.9298647609599)"
2021,104,Treatment,555697897,2008,V,6.272196961950611,"c(46.9546813709528, -20.0353795189894)"
2021,105,Excluded,NA,NA,NA,NA,"c(46.9034413876457, -18.9548776279013)"
2021,106,Control,NA,NA,NA,NA,"c(46.8621294034249, -18.882076623207)"
2021,107,Control,NA,NA,NA,NA,"c(46.843669564173, -19.0621044906052)"
2021,108,Control,NA,NA,NA,NA,"c(46.7069372257496, -18.9109428401451)"
2021,109,Control,NA,NA,NA,NA,"c(46.7159135574999, -18.9891069690843)"
2021,110,Control,NA,NA,NA,NA,"c(46.499051603142, -18.9703399351947)"
2021,111,Control,NA,NA,NA,NA,"c(46.7622368404217, -18.8772745981682)"
2021,112,Control,NA,NA,NA,NA,"c(46.9939007534012, -18.9038054098902)"
2021,113,Control,NA,NA,NA,NA,"c(46.6660024024499, -18.7907036240305)"
2021,114,Excluded,NA,NA,NA,NA,"c(47.17302801406, -19.0053317619499)"
2021,115,Control,NA,NA,NA,NA,"c(47.3134012836386, -18.8231793610864)"
2021,116,Control,NA,NA,NA,NA,"c(47.2196934255979, -18.9541625248214)"
2021,117,Excluded,NA,NA,NA,NA,"c(47.2947229748326, -18.9528708737774)"
2021,118,Excluded,NA,NA,NA,NA,"c(47.2588766556704, -18.9995149964074)"
2021,119,Excluded,NA,NA,NA,NA,"c(47.3409377617653, -18.9961299121613)"
2021,120,Control,NA,NA,NA,NA,"c(47.2186685026955, -18.9861963136445)"
2021,121,Control,NA,NA,NA,NA,"c(47.4424994735008, -19.076806611884)"
2021,122,Control,NA,NA,NA,NA,"c(47.3600123596527, -19.158087143557)"
2021,123,Control,NA,NA,NA,NA,"c(47.3431871179573, -19.2094518467729)"
2021,124,Treatment,555697911,2013,VI,9.470544364338895,"c(47.1631626794681, -19.265781873269)"
2021,125,Excluded,NA,NA,NA,NA,"c(46.7336580995124, -19.1665855609737)"
2021,126,Control,NA,NA,NA,NA,"c(46.6151571244005, -19.0505292504091)"
2021,127,Control,NA,NA,NA,NA,"c(46.7233925015063, -19.0604262193736)"
2021,128,Control,NA,NA,NA,NA,"c(46.8285841843126, -19.1125490441173)"
2021,129,Control,NA,NA,NA,NA,"c(46.6926191679111, -19.2728999269508)"
2021,130,Control,NA,NA,NA,NA,"c(46.4626477944717, -19.135601828828)"
2021,131,Control,NA,NA,NA,NA,"c(46.5257055562101, -19.254333267187)"
2021,132,Control,NA,NA,NA,NA,"c(46.7432625840364, -19.2866230636854)"
2021,133,Excluded,NA,NA,NA,NA,"c(46.0592859504424, -18.7590327842857)"
2021,134,Excluded,NA,NA,NA,NA,"c(46.0444813547354, -18.7522834757053)"
2021,135,Excluded,NA,NA,NA,NA,"c(46.0460917322289, -18.7893648030909)"
2021,136,Control,NA,NA,NA,NA,"c(45.8451606269131, -18.4352513444839)"
2021,137,Control,NA,NA,NA,NA,"c(46.1331140003657, -18.5290623187212)"
2021,138,Control,NA,NA,NA,NA,"c(46.3004689994726, -18.6618787564688)"
2021,139,Control,NA,NA,NA,NA,"c(46.3950888329205, -18.7581653977415)"
2021,140,Control,NA,NA,NA,NA,"c(46.4564248659312, -18.7322179334987)"
2021,141,Control,NA,NA,NA,NA,"c(45.9971955285605, -18.6309926700677)"
2021,142,Control,NA,NA,NA,NA,"c(46.1824187201274, -18.7533907710239)"
2021,143,Control,NA,NA,NA,NA,"c(46.2248872562085, -18.9306781347758)"
2021,144,Control,NA,NA,NA,NA,"c(46.3098538616815, -18.9443754532238)"
2021,145,Control,NA,NA,NA,NA,"c(46.449627524686, -18.9727489592659)"
2021,146,Control,NA,NA,NA,NA,"c(46.5251356217846, -19.0281347233506)"
2021,147,Control,NA,NA,NA,NA,"c(46.2705188234771, -19.124425340043)"
2021,148,Control,NA,NA,NA,NA,"c(46.3397385314923, -19.0169551941023)"
2021,149,Control,NA,NA,NA,NA,"c(46.1007720139382, -19.373404980067)"
2021,150,Control,NA,NA,NA,NA,"c(46.1468528285802, -19.0904513797303)"
2021,151,Control,NA,NA,NA,NA,"c(46.0579692865678, -19.0918850074116)"
2021,152,Control,NA,NA,NA,NA,"c(45.9777676846654, -18.8998241460847)"
2021,153,Control,NA,NA,NA,NA,"c(45.6895687966183, -18.9965217480564)"
2021,154,Control,NA,NA,NA,NA,"c(46.5068927087852, -18.3364869284441)"
2021,155,Control,NA,NA,NA,NA,"c(46.8111575126735, -18.5326365326169)"
2021,156,Control,NA,NA,NA,NA,"c(46.9559892596223, -18.6485939225389)"
2021,157,Control,NA,NA,NA,NA,"c(46.0679391817588, -18.3261140805662)"
2021,158,Control,NA,NA,NA,NA,"c(46.4059309947006, -17.9312298999945)"
2021,159,Control,NA,NA,NA,NA,"c(45.8926948814164, -18.1786022393552)"
2021,160,Control,NA,NA,NA,NA,"c(45.9292743774061, -18.0619542352984)"
2021,161,Excluded,NA,NA,NA,NA,"c(47.089477742517, -21.4493557933063)"
2021,162,Excluded,NA,NA,NA,NA,"c(47.1027461243525, -21.4342583125727)"
2021,163,Excluded,NA,NA,NA,NA,"c(47.0966098106549, -21.4610316009452)"
2021,164,Excluded,NA,NA,NA,NA,"c(47.1050401389358, -21.4648622872909)"
2021,165,Excluded,NA,NA,NA,NA,"c(47.2806750290765, -21.1800572277773)"
2021,166,Control,NA,NA,NA,NA,"c(47.1746485410438, -20.991511127536)"
2021,167,Control,NA,NA,NA,NA,"c(47.0530173810603, -21.0383308936416)"
2021,168,Control,NA,NA,NA,NA,"c(47.2349693097478, -20.820569936087)"
2021,169,Control,NA,NA,NA,NA,"c(46.5520589351809, -21.0517052024873)"
2021,170,Control,NA,NA,NA,NA,"c(46.8406233172317, -21.2606311384599)"
2021,171,Control,NA,NA,NA,NA,"c(46.9691028548718, -21.2818613275379)"
2021,172,Control,NA,NA,NA,NA,"c(46.9417045780466, -21.4653819023838)"
2021,173,Control,NA,NA,NA,NA,"c(47.1795170395838, -21.3778648378471)"
2021,174,Control,NA,NA,NA,NA,"c(47.1676458654676, -21.4720670929539)"
2021,175,Excluded,NA,NA,NA,NA,"c(47.3252275905093, -21.3497127880833)"
2021,176,Control,NA,NA,NA,NA,"c(47.1457022713208, -21.6385485210085)"
2021,177,Control,NA,NA,NA,NA,"c(47.016302807423, -21.5701827351207)"
2021,178,Control,NA,NA,NA,NA,"c(47.1940258287375, -21.6817703965324)"
2021,179,Control,NA,NA,NA,NA,"c(47.0341585490316, -21.5075366871839)"
2021,180,Excluded,NA,NA,NA,NA,"c(46.9350695967128, -21.8095581383253)"
2021,181,Excluded,NA,NA,NA,NA,"c(47.1580754764439, -22.0550053111935)"
2021,182,Control,NA,NA,NA,NA,"c(46.9593983408139, -21.9440320237318)"
2021,183,Control,NA,NA,NA,NA,"c(46.8446785875389, -21.8982749716504)"
2021,184,Excluded,NA,NA,NA,NA,"c(46.7715210394211, -22.1421554463702)"
2021,185,Control,NA,NA,NA,NA,"c(47.0505596193081, -21.8008662262625)"
2021,186,Excluded,NA,NA,NA,NA,"c(47.2463908975862, -20.5289075020752)"
2021,187,Excluded,NA,NA,NA,NA,"c(47.2440514659879, -20.5408752512806)"
2021,188,Excluded,NA,NA,NA,NA,"c(47.2337627940229, -20.5665536230241)"
2021,189,Treatment,555697897,2008,V,7.703015925106864,"c(47.109629485669, -20.2098190228416)"
2021,190,Control,NA,NA,NA,NA,"c(47.0237863870165, -20.4040458788892)"
2021,191,Control,NA,NA,NA,NA,"c(47.0509426868337, -20.4743277815376)"
2021,192,Control,NA,NA,NA,NA,"c(47.2838260487844, -20.5441174880921)"
2021,193,Control,NA,NA,NA,NA,"c(47.3114447777821, -20.5774332736247)"
2021,194,Excluded,NA,NA,NA,NA,"c(47.4516178115007, -20.6473164149581)"
2021,195,Excluded,NA,NA,NA,NA,"c(47.4346099105165, -20.7413554636868)"
2021,196,Treatment,555697917,2015,II,2.53249296559045,"c(47.5984513161361, -20.5329916233672)"
2021,197,Excluded,NA,NA,NA,NA,"c(47.4375621082167, -20.9064319157156)"
2021,198,Excluded,NA,NA,NA,NA,"c(47.3796168949415, -20.2372482104081)"
2021,199,Control,NA,NA,NA,NA,"c(47.472092593341, -20.126878285372)"
2021,200,Treatment,555542728,2010,V,9.431296906829246,"c(47.582815927075, -20.2642019781841)"
2021,201,Control,NA,NA,NA,NA,"c(47.2683173344673, -20.4198085900703)"
2021,202,Control,NA,NA,NA,NA,"c(47.4095218937084, -20.3525285683392)"
2021,203,Control,NA,NA,NA,NA,"c(47.3604369127904, -20.3441809308879)"
2021,204,Excluded,NA,NA,NA,NA,"c(46.7936308923513, -20.532543850211)"
2021,205,Control,NA,NA,NA,NA,"c(46.1823396451685, -20.1710504227739)"
2021,206,Control,NA,NA,NA,NA,"c(46.154692075272, -20.5922464787228)"
2021,207,Excluded,NA,NA,NA,NA,"c(46.6889168553735, -20.6258337937287)"
2021,208,Control,NA,NA,NA,NA,"c(46.8671153847847, -20.3477344560957)"
2021,209,Control,NA,NA,NA,NA,"c(46.9710138210451, -20.4209094254815)"
2021,210,Control,NA,NA,NA,NA,"c(46.8417469405925, -20.8155002137476)"
2021,211,Control,NA,NA,NA,NA,"c(47.0730357547736, -20.8007089934779)"
2021,212,Control,NA,NA,NA,NA,"c(47.0949445371443, -20.6497056776482)"
2021,213,Control,NA,NA,NA,NA,"c(46.9989010905712, -20.7807546768526)"
2021,214,Excluded,NA,NA,NA,NA,"c(48.0220061188047, -22.1381123660849)"
2021,215,Control,NA,NA,NA,NA,"c(47.9589686878008, -22.0153593391918)"
2021,216,Control,NA,NA,NA,NA,"c(47.8435509663422, -21.8253952107496)"
2021,217,Control,NA,NA,NA,NA,"c(47.7266138097355, -22.2139338488688)"
2021,218,Control,NA,NA,NA,NA,"c(47.678161110825, -22.0743234089554)"
2021,219,Control,NA,NA,NA,NA,"c(48.1564202401054, -21.7860425182664)"
2021,220,Control,NA,NA,NA,NA,"c(47.883660666059, -21.6720645221503)"
2021,221,Control,NA,NA,NA,NA,"c(48.5143306641314, -20.6169413918561)"
2021,222,Control,NA,NA,NA,NA,"c(48.4216300060253, -20.4664156571959)"
2021,223,Treatment,555542728,2010,V,5.425067791309719,"c(47.9748081103904, -20.4692041531261)"
2021,224,Control,NA,NA,NA,NA,"c(48.2397557060553, -20.5358162070663)"
2021,225,Control,NA,NA,NA,NA,"c(48.3002381933817, -20.7486560757192)"
2021,226,Excluded,NA,NA,NA,NA,"c(48.3416579175209, -21.2172107450328)"
2021,227,Control,NA,NA,NA,NA,"c(48.4055173864233, -21.0212471288646)"
2021,228,Control,NA,NA,NA,NA,"c(47.8409121713212, -20.8943410912827)"
2021,229,Control,NA,NA,NA,NA,"c(48.1968969493653, -21.2194473811711)"
2021,230,Control,NA,NA,NA,NA,"c(48.0117193990165, -21.2986593262361)"
2021,231,Excluded,NA,NA,NA,NA,"c(47.8646186337854, -21.420198512729)"
2021,232,Excluded,NA,NA,NA,NA,"c(47.6377888067552, -21.3020881277305)"
2021,233,Control,NA,NA,NA,NA,"c(47.8038649313635, -20.761794585617)"
2021,234,Excluded,NA,NA,NA,NA,"c(47.6085620819568, -21.0867181502905)"
2021,235,Control,NA,NA,NA,NA,"c(47.6391750542039, -21.4696207667467)"
2021,236,Excluded,NA,NA,NA,NA,"c(47.3892139551117, -21.9301661743423)"
2021,237,Excluded,NA,NA,NA,NA,"c(47.5860232872214, -21.6434566519712)"
2021,238,Excluded,NA,NA,NA,NA,"c(47.4088203231586, -22.0207057959009)"
2021,239,Excluded,NA,NA,NA,NA,"c(47.3778497716556, -22.1083689475522)"
2021,240,Control,NA,NA,NA,NA,"c(47.6405602852665, -22.285533606145)"
2021,241,Control,NA,NA,NA,NA,"c(47.895073488276, -22.364194622622)"
2021,242,Excluded,NA,NA,NA,NA,"c(46.1277318974898, -22.3900309431595)"
2021,243,Excluded,NA,NA,NA,NA,"c(46.1277091466155, -22.4045011152736)"
2021,244,Excluded,NA,NA,NA,NA,"c(46.1218345144734, -22.414550198295)"
2021,245,Control,NA,NA,NA,NA,"c(46.3493326426024, -21.9427033788796)"
2021,246,Control,NA,NA,NA,NA,"c(46.1790521138695, -22.3531884480926)"
2021,247,Control,NA,NA,NA,NA,"c(46.4562733109624, -22.3323208529909)"
2021,248,Control,NA,NA,NA,NA,"c(46.2871416261564, -22.509074724758)"
2021,249,Control,NA,NA,NA,NA,"c(46.6015684405839, -22.553012921934)"
2021,250,Control,NA,NA,NA,NA,"c(46.2032773405531, -22.5693838213113)"
2021,251,Control,NA,NA,NA,NA,"c(45.9483890701918, -21.9379614752895)"
2021,252,Control,NA,NA,NA,NA,"c(46.1359788735734, -22.2271879762721)"
2021,253,Control,NA,NA,NA,NA,"c(45.7603283178483, -22.4660073264794)"
2021,254,Control,NA,NA,NA,NA,"c(45.6544072362967, -22.1494545045751)"
2021,255,Control,NA,NA,NA,NA,"c(45.5993930667922, -22.4962278010094)"
2021,256,Excluded,NA,NA,NA,NA,"c(45.4037625013339, -22.5572469483016)"
2021,257,Excluded,NA,NA,NA,NA,"c(45.3184370792492, -22.7386601385645)"
2021,258,Control,NA,NA,NA,NA,"c(45.1749223794412, -22.9153293209212)"
2021,259,Control,NA,NA,NA,NA,"c(45.1127248602494, -22.7871300707222)"
2021,260,Excluded,NA,NA,NA,NA,"c(45.1741411553678, -22.6926266978473)"
2021,261,Control,NA,NA,NA,NA,"c(45.9910659269035, -22.6831762231544)"
2021,262,Excluded,NA,NA,NA,NA,"c(46.8721421643711, -22.4829727612236)"
2021,263,Excluded,NA,NA,NA,NA,"c(46.8194865165365, -22.2757116461709)"
2021,264,Control,NA,NA,NA,NA,"c(46.9073954122292, -22.7140620955871)"
2021,265,Treatment,555790169,2020,V,7.67397246990045,"c(46.8228301620642, -22.626975856435)"
2021,266,Control,NA,NA,NA,NA,"c(46.5861008888233, -23.0398317650612)"
2021,267,Control,NA,NA,NA,NA,"c(46.5725983112493, -22.7776625904827)"
2021,268,Control,NA,NA,NA,NA,"c(46.8127064853897, -22.7633867228252)"
2021,269,Excluded,NA,NA,NA,NA,"c(47.8337381524812, -22.817252820265)"
2021,270,Excluded,NA,NA,NA,NA,"c(47.7990355347856, -22.8295055774153)"
2021,271,Control,NA,NA,NA,NA,"c(47.8013686982693, -22.6017116614713)"
2021,272,Control,NA,NA,NA,NA,"c(47.5617865873021, -22.5987330128565)"
2021,273,Control,NA,NA,NA,NA,"c(47.8202656226401, -22.7179827169039)"
2021,274,Control,NA,NA,NA,NA,"c(47.6492437125572, -22.6890352739503)"
2021,275,Control,NA,NA,NA,NA,"c(47.605974181646, -22.7505678158753)"
2021,276,Excluded,NA,NA,NA,NA,"c(47.6649000269981, -22.8917901656824)"
2021,277,Control,NA,NA,NA,NA,"c(47.5037334012479, -22.8994898787597)"
2021,278,Excluded,NA,NA,NA,NA,"c(47.740856715644, -23.1264912071756)"
2021,279,Excluded,NA,NA,NA,NA,"c(47.3262333977116, -22.7912713112151)"
2021,280,Control,NA,NA,NA,NA,"c(47.3713421495178, -22.4739556605714)"
2021,281,Excluded,NA,NA,NA,NA,"c(47.328945428184, -22.6500969442978)"
2021,282,Control,NA,NA,NA,NA,"c(47.4323995189535, -22.8168556755432)"
2021,283,Excluded,NA,NA,NA,NA,"c(47.2310176216545, -22.2475060075557)"
2021,284,Excluded,NA,NA,NA,NA,"c(47.5909131903606, -23.3587109211526)"
2021,285,Control,NA,NA,NA,NA,"c(47.4807156017589, -23.1943405936527)"
2021,286,Treatment,555697892,2015,VI,6.268059177357293,"c(47.6259122917056, -23.1940836417507)"
2021,287,Control,NA,NA,NA,NA,"c(47.5969820423144, -23.3547791758402)"
2021,288,Control,NA,NA,NA,NA,"c(47.3659096903108, -23.5371973938927)"
2021,289,Treatment,555697901,2015,VI,2.156579434092496,"c(47.5244638751173, -23.5306860196688)"
2021,290,Excluded,NA,NA,NA,NA,"c(47.2099854873795, -23.6335277547276)"
2021,291,Control,NA,NA,NA,NA,"c(47.5391077381199, -23.8073719431904)"
2021,292,Excluded,NA,NA,NA,NA,"c(46.994203739342, -23.2648437370218)"
2021,293,Control,NA,NA,NA,NA,"c(46.5651621167642, -23.755534925543)"
2021,294,Excluded,NA,NA,NA,NA,"c(49.3775780314607, -18.1367401473922)"
2021,295,Excluded,NA,NA,NA,NA,"c(49.3979029436545, -18.1274847853922)"
2021,296,Excluded,NA,NA,NA,NA,"c(49.3804777917709, -18.1422391570445)"
2021,297,Excluded,NA,NA,NA,NA,"c(49.3671032736353, -18.147314929831)"
2021,298,Excluded,NA,NA,NA,NA,"c(49.3976472866323, -18.1544909908115)"
2021,299,Excluded,NA,NA,NA,NA,"c(49.4158010366147, -18.1562042367948)"
2021,300,Control,NA,NA,NA,NA,"c(49.3908153173637, -17.5938748480098)"
2021,301,Excluded,NA,NA,NA,NA,"c(49.4097551048778, -17.782968928601)"
2021,302,Excluded,NA,NA,NA,NA,"c(49.0475572189164, -17.9547078449255)"
2021,303,Excluded,NA,NA,NA,NA,"c(49.0088307376254, -18.2484753705873)"
2021,304,Excluded,NA,NA,NA,NA,"c(49.0229913985008, -18.8069238589649)"
2021,305,Excluded,NA,NA,NA,NA,"c(48.9749964384142, -18.3316861471351)"
2021,306,Control,NA,NA,NA,NA,"c(48.9359600784632, -18.6753369421625)"
2021,307,Control,NA,NA,NA,NA,"c(48.6284754472554, -18.8365127569333)"
2021,308,Control,NA,NA,NA,NA,"c(48.9882777910608, -18.9325045752586)"
2021,309,Control,NA,NA,NA,NA,"c(48.8136875989948, -19.2538261641821)"
2021,310,Control,NA,NA,NA,NA,"c(48.8026830031965, -19.5164041333724)"
2021,311,Control,NA,NA,NA,NA,"c(48.5342069245043, -19.388091737922)"
2021,312,Excluded,NA,NA,NA,NA,"c(48.7760080599535, -19.8636655893465)"
2021,313,Control,NA,NA,NA,NA,"c(48.7779388566888, -19.7828676260118)"
2021,314,Treatment,555542728,2010,V,7.186292755149498,"c(48.4370835223746, -20.0884131789549)"
2021,315,Treatment,555542728,2010,V,5.038312632344278,"c(48.2228726523924, -20.1799274241501)"
2021,316,Control,NA,NA,NA,NA,"c(48.3808645324836, -20.2493948568792)"
2021,317,Treatment,555542728,2010,V,0,"c(48.0709923248223, -20.0984733591368)"
2021,318,Treatment,555542728,2010,V,0,"c(47.9331126989977, -20.0675747173189)"
2021,319,Treatment,555542728,2010,V,6.198645082395024,"c(48.3118204670711, -19.8409421808334)"
2021,320,Excluded,NA,NA,NA,NA,"c(49.4029462082646, -17.3736724488543)"
2021,321,Excluded,NA,NA,NA,NA,"c(49.1806679615135, -16.9415996751181)"
2021,322,Control,NA,NA,NA,NA,"c(49.3816926699166, -17.105180969385)"
2021,323,Control,NA,NA,NA,NA,"c(49.4407477643074, -17.1553847664296)"
2021,324,Control,NA,NA,NA,NA,"c(49.2489054111611, -17.1717303493402)"
2021,325,Control,NA,NA,NA,NA,"c(49.2167709620202, -17.3730790649381)"
2021,326,Control,NA,NA,NA,NA,"c(49.4320359949827, -17.4385185119443)"
2021,327,Control,NA,NA,NA,NA,"c(49.411582380956, -17.5848766766281)"
2021,328,Excluded,NA,NA,NA,NA,"c(49.7305129250223, -15.4110835431417)"
2021,329,Excluded,NA,NA,NA,NA,"c(49.8373519326051, -15.3283125959556)"
2021,330,Excluded,NA,NA,NA,NA,"c(49.6104168439933, -15.3159268298388)"
2021,331,Excluded,NA,NA,NA,NA,"c(49.9132458071404, -15.3973276440061)"
2021,332,Control,NA,NA,NA,NA,"c(49.6315677932333, -15.6865671501967)"
2021,333,Excluded,NA,NA,NA,NA,"c(49.7567811067192, -16.1839873231204)"
2021,334,Control,NA,NA,NA,NA,"c(49.4345018681052, -16.0623642310974)"
2021,335,Control,NA,NA,NA,NA,"c(49.6461213799767, -16.0911707176912)"
2021,336,Control,NA,NA,NA,NA,"c(49.6983973070011, -16.1809724723779)"
2021,337,Excluded,NA,NA,NA,NA,"c(49.6164997965611, -16.3512013754964)"
2021,338,Excluded,NA,NA,NA,NA,"c(49.8238249788047, -16.4188063621938)"
2021,339,Control,NA,NA,NA,NA,"c(49.5888360676822, -16.9030914577595)"
2021,340,Treatment,555697898,2015,IV,5.826616423004565,"c(49.652350359534, -16.7058520995426)"
2021,341,Excluded,NA,NA,NA,NA,"c(49.4466324284016, -16.8057629589967)"
2021,342,Excluded,NA,NA,NA,NA,"c(49.8525048241987, -16.9914771383117)"
2021,343,Excluded,NA,NA,NA,NA,"c(49.1970689043126, -17.4625260593647)"
2021,344,Control,NA,NA,NA,NA,"c(49.0432236013646, -17.3367401044046)"
2021,345,Control,NA,NA,NA,NA,"c(49.2210285268875, -17.5133349662265)"
2021,346,Control,NA,NA,NA,NA,"c(49.052107016844, -17.4889046599205)"
2021,347,Excluded,NA,NA,NA,NA,"c(48.4238987946028, -17.8096131120417)"
2021,348,Excluded,NA,NA,NA,NA,"c(48.4204962363743, -17.8364726045478)"
2021,349,Excluded,NA,NA,NA,NA,"c(48.4578153475725, -17.8197538324199)"
2021,350,Excluded,NA,NA,NA,NA,"c(48.4760246353756, -17.7195405287631)"
2021,351,Excluded,NA,NA,NA,NA,"c(48.2627760914487, -17.8738250974064)"
2021,352,Excluded,NA,NA,NA,NA,"c(48.1686369795262, -17.9683315878533)"
2021,353,Excluded,NA,NA,NA,NA,"c(48.401021214354, -18.1580405633692)"
2021,354,Excluded,NA,NA,NA,NA,"c(48.768336402851, -17.4161624459525)"
2021,355,Excluded,NA,NA,NA,NA,"c(48.1643016945156, -18.1666349288446)"
2021,356,Excluded,NA,NA,NA,NA,"c(48.6686294399352, -17.0294241364069)"
2021,357,Control,NA,NA,NA,NA,"c(48.4252642937238, -16.4591127850672)"
2021,358,Excluded,NA,NA,NA,NA,"c(48.2074715130426, -17.577829354994)"
2021,359,Excluded,NA,NA,NA,NA,"c(48.7047037638023, -17.3061121970901)"
2021,360,Excluded,NA,NA,NA,NA,"c(48.5055546359493, -17.3127966862399)"
2021,361,Excluded,NA,NA,NA,NA,"c(48.4526189538905, -17.3561343562942)"
2021,362,Excluded,NA,NA,NA,NA,"c(48.3841783701726, -17.461849632601)"
2021,363,Excluded,NA,NA,NA,NA,"c(48.2402340170819, -17.6323921658633)"
2021,364,Excluded,NA,NA,NA,NA,"c(48.1972920240783, -17.7400882895413)"
2021,365,Excluded,NA,NA,NA,NA,"c(48.1377712321688, -17.8385351489129)"
2021,366,Excluded,NA,NA,NA,NA,"c(48.2356749624278, -18.9351369882492)"
2021,367,Excluded,NA,NA,NA,NA,"c(48.1149058985718, -18.4135040502544)"
2021,368,Treatment,555697915,2015,Not Reported,7.443188690354048,"c(48.2353547039353, -18.6622004937333)"
2021,369,Excluded,NA,NA,NA,NA,"c(48.2261498549182, -18.8747770208931)"
2021,370,Excluded,NA,NA,NA,NA,"c(47.9794185638938, -18.8857252683385)"
2021,371,Control,NA,NA,NA,NA,"c(47.9620174134511, -19.256796469855)"
2021,372,Excluded,NA,NA,NA,NA,"c(48.5846785218434, -19.079955968933)"
2021,373,Treatment,555697884,2015,V,9.094590275571004,"c(48.2244354909828, -19.4812822273423)"
2021,374,Treatment,555697886,2015,V,4.676670587008078,"c(48.0454084099906, -19.5981129127074)"
2021,375,Excluded,NA,NA,NA,NA,"c(46.3256902516676, -15.7143708551608)"
2021,376,Excluded,NA,NA,NA,NA,"c(46.3079029510738, -15.7180239471605)"
2021,377,Excluded,NA,NA,NA,NA,"c(46.3260627626281, -15.7250909115129)"
2021,378,Excluded,NA,NA,NA,NA,"c(46.3337378748882, -15.6931170426663)"
2021,379,Excluded,NA,NA,NA,NA,"c(46.3407848891943, -15.7150857755587)"
2021,380,Excluded,NA,NA,NA,NA,"c(46.3185997086058, -15.7075792504432)"
2021,381,Excluded,NA,NA,NA,NA,"c(46.3345197326733, -15.7167057721335)"
2021,383,Control,NA,NA,NA,NA,"c(47.068072145205, -15.6462724017748)"
2021,384,Control,NA,NA,NA,NA,"c(47.0045500513558, -15.7523075014753)"
2021,385,Excluded,NA,NA,NA,NA,"c(45.75994914257, -16.2912841349221)"
2021,386,Excluded,NA,NA,NA,NA,"c(45.6130906810324, -16.004077509021)"
2021,387,Excluded,NA,NA,NA,NA,"c(46.7254561271732, -16.0734120366899)"
2021,388,Excluded,NA,NA,NA,NA,"c(46.6509686489996, -16.1229741320743)"
2021,389,Treatment,555697914,2015,Not Reported,6.854672476487895,"c(46.6642985432326, -16.0092761763323)"
2021,390,Excluded,NA,NA,NA,NA,"c(46.8168137368999, -16.1272711684664)"
2021,391,Control,NA,NA,NA,NA,"c(46.46232351749, -16.1909950997255)"
2021,392,Control,NA,NA,NA,NA,"c(46.5036946111435, -16.2076639869349)"
2021,393,Treatment,555697914,2015,Not Reported,5.467050407727548,"c(46.2626974984983, -16.0826829747918)"
2021,395,Excluded,NA,NA,NA,NA,"c(46.701788560522, -16.469246783308)"
2021,396,Control,NA,NA,NA,NA,"c(47.1318289168386, -16.4160558956056)"
2021,397,Control,NA,NA,NA,NA,"c(47.0425308915048, -16.4559918181783)"
2021,398,Control,NA,NA,NA,NA,"c(46.9332497708716, -16.4670159839703)"
2021,399,Excluded,NA,NA,NA,NA,"c(46.7568606930397, -16.3986462458324)"
2021,400,Control,NA,NA,NA,NA,"c(46.4961071947201, -16.9237621138365)"
2021,401,Control,NA,NA,NA,NA,"c(46.3047407148119, -16.5793704098822)"
2021,402,Control,NA,NA,NA,NA,"c(48.1659370472423, -14.6478413491997)"
2021,403,Excluded,NA,NA,NA,NA,"c(48.2854729864847, -14.9497311566003)"
2021,404,Control,NA,NA,NA,NA,"c(47.8850500059837, -15.3594121229655)"
2021,405,Excluded,NA,NA,NA,NA,"c(47.7362760873758, -14.6661283335444)"
2021,406,Treatment,555697894,2015,V,8.386502272918003,"c(48.1782234476118, -13.9405043182428)"
2021,407,Control,NA,NA,NA,NA,"c(47.191860636168, -15.3699565980785)"
2021,408,Treatment,555697906,2015,V,8.042583924917402,"c(48.5513056096112, -14.5476815844036)"
2021,409,Treatment,555697871,2015,Not Reported,6.51838940925772,"c(48.9937679117592, -14.3890035139664)"
2021,410,Control,NA,NA,NA,NA,"c(48.9228956742949, -14.715547151279)"
2021,411,Excluded,NA,NA,NA,NA,"c(48.5398408236051, -15.2548737039215)"
2021,412,Control,NA,NA,NA,NA,"c(48.5862886823218, -15.3864606640426)"
2021,413,Control,NA,NA,NA,NA,"c(48.5632072199261, -15.4813166804978)"
2021,414,Control,NA,NA,NA,NA,"c(48.8261608797304, -15.2155470301102)"
2021,415,Excluded,NA,NA,NA,NA,"c(49.2529933930934, -15.1186043877861)"
2021,416,Excluded,NA,NA,NA,NA,"c(47.5348274199758, -15.8296860016109)"
2021,417,Control,NA,NA,NA,NA,"c(47.7374302154386, -15.6855528949373)"
2021,418,Control,NA,NA,NA,NA,"c(47.8511432708519, -15.580094069366)"
2021,419,Excluded,NA,NA,NA,NA,"c(47.3338002999233, -15.5024795954132)"
2021,420,Excluded,NA,NA,NA,NA,"c(48.823340383044, -15.8540782470697)"
2021,421,Excluded,NA,NA,NA,NA,"c(49.0430857910137, -15.5157565674539)"
2021,422,Control,NA,NA,NA,NA,"c(48.9877374287286, -15.8356528230924)"
2021,423,Control,NA,NA,NA,NA,"c(48.826631417261, -15.8847900801972)"
2021,425,Control,NA,NA,NA,NA,"c(48.3883174188885, -16.0441915274309)"
2021,426,Excluded,NA,NA,NA,NA,"c(47.6537614024229, -16.0866679551862)"
2021,427,Control,NA,NA,NA,NA,"c(47.6965579507104, -16.0162909861174)"
2021,428,Control,NA,NA,NA,NA,"c(47.5518250192495, -16.0571916962888)"
2021,429,Excluded,NA,NA,NA,NA,"c(46.835835937599, -16.945553897226)"
2021,430,Excluded,NA,NA,NA,NA,"c(46.8201090984643, -16.9390213707478)"
2021,431,Excluded,NA,NA,NA,NA,"c(46.8211000879702, -16.9518460495944)"
2021,432,Control,NA,NA,NA,NA,"c(46.8235584670916, -16.6990192186202)"
2021,433,Control,NA,NA,NA,NA,"c(47.0217096931928, -16.7723206921116)"
2021,434,Control,NA,NA,NA,NA,"c(46.9144666596926, -16.7184109371304)"
2021,435,Control,NA,NA,NA,NA,"c(46.9570833739502, -16.857207058015)"
2021,436,Control,NA,NA,NA,NA,"c(47.2710357587684, -16.8808243825764)"
2021,437,Control,NA,NA,NA,NA,"c(46.9612522261405, -16.9215385990426)"
2021,438,Control,NA,NA,NA,NA,"c(46.6629247357086, -17.1154128003043)"
2021,439,Control,NA,NA,NA,NA,"c(46.5561810091548, -17.1998054043758)"
2021,440,Control,NA,NA,NA,NA,"c(46.3821320291828, -17.3703601459486)"
2021,441,Control,NA,NA,NA,NA,"c(46.9421102153345, -17.195301977329)"
2021,442,Control,NA,NA,NA,NA,"c(46.4893445150878, -17.7516028956712)"
2021,443,Control,NA,NA,NA,NA,"c(47.0501101088187, -17.6717322714755)"
2021,444,Control,NA,NA,NA,NA,"c(47.1411000395433, -17.5658718641222)"
2021,445,Excluded,NA,NA,NA,NA,"c(47.6834546045996, -16.8138583220255)"
2021,446,Excluded,NA,NA,NA,NA,"c(47.66636959177, -16.7943072481717)"
2021,448,Control,NA,NA,NA,NA,"c(47.6238413007292, -16.6998500534546)"
2021,449,Control,NA,NA,NA,NA,"c(47.5658815442211, -16.8332411528404)"
2021,450,Control,NA,NA,NA,NA,"c(48.0318675473595, -17.2210262396664)"
2021,451,Control,NA,NA,NA,NA,"c(47.5481703094384, -17.4190014643568)"
2021,452,Control,NA,NA,NA,NA,"c(47.8931881303943, -17.5713644338837)"
2021,453,Excluded,NA,NA,NA,NA,"c(47.9229159948852, -17.7877953095245)"
2021,454,Control,NA,NA,NA,NA,"c(47.5607936517967, -17.6620448412883)"
2021,455,Control,NA,NA,NA,NA,"c(46.0607938251275, -17.5170110314963)"
2021,456,Control,NA,NA,NA,NA,"c(46.2374811056583, -17.5781326543832)"
2021,457,Excluded,NA,NA,NA,NA,"c(44.0307696636529, -18.0488274740579)"
2021,458,Excluded,NA,NA,NA,NA,"c(44.0386957872424, -18.049589746634)"
2021,459,Excluded,NA,NA,NA,NA,"c(44.0205834052561, -18.0637446280348)"
2021,460,Control,NA,NA,NA,NA,"c(44.3783361590636, -17.2526220235816)"
2021,461,Control,NA,NA,NA,NA,"c(44.114975224441, -17.2553594252561)"
2021,462,Control,NA,NA,NA,NA,"c(44.3239715088736, -17.5059420296086)"
2021,463,Treatment,555547960,2012,Not Reported,4.061912124943277,"c(43.9619953411618, -17.5114011733284)"
2021,464,Treatment,555547960,2012,Not Reported,0,"c(44.0673138916611, -17.5907371256792)"
2021,465,Control,NA,NA,NA,NA,"c(44.1012611192221, -17.9272311145368)"
2021,467,Treatment,555624855,2014,Not Reported,8.12463190706769,"c(44.1104525956486, -18.2264739233348)"
2021,468,Excluded,NA,NA,NA,NA,"c(44.4875364531664, -16.7450987005496)"
2021,469,Control,NA,NA,NA,NA,"c(44.8462642360394, -16.7494940915065)"
2021,470,Control,NA,NA,NA,NA,"c(44.5066791151492, -16.387211979441)"
2021,471,Control,NA,NA,NA,NA,"c(45.1539384677735, -16.9565544920525)"
2021,472,Control,NA,NA,NA,NA,"c(44.8411813014967, -16.3539174939611)"
2021,474,Control,NA,NA,NA,NA,"c(45.6424201444261, -17.6807485269621)"
2021,475,Control,NA,NA,NA,NA,"c(45.7083176393354, -17.5936412058446)"
2021,476,Control,NA,NA,NA,NA,"c(45.6116890618668, -17.738803524387)"
2021,477,Control,NA,NA,NA,NA,"c(44.9381578043461, -17.7768552433064)"
2021,478,Control,NA,NA,NA,NA,"c(44.5617736156057, -17.6975281926936)"
2021,479,Control,NA,NA,NA,NA,"c(45.3649883891361, -17.9636925137253)"
2021,480,Treatment,303702,2011,II,5.4113367653640685,"c(44.6253056325658, -18.623714161805)"
2021,481,Treatment,166880,2008,V,3.3310479110221785,"c(44.509532996659, -18.8195299048445)"
2021,482,Treatment,166880,2008,V,0.3517414293725656,"c(44.3636019408201, -19.0599695864228)"
2021,483,Treatment,555624845,2017,V,8.807035931515804,"c(44.6458929536576, -19.1293379447659)"
2021,484,Treatment,303702,2011,II,4.9641874748602985,"c(44.749838428147, -19.0950961228194)"
2021,485,Excluded,NA,NA,NA,NA,"c(43.6913110619153, -23.3554586023343)"
2021,486,Excluded,NA,NA,NA,NA,"c(43.6763449333665, -23.3651534248772)"
2021,487,Excluded,NA,NA,NA,NA,"c(43.7057790480964, -23.3557235866912)"
2021,488,Excluded,NA,NA,NA,NA,"c(43.7023966928148, -23.3566405696043)"
2021,489,Control,NA,NA,NA,NA,"c(45.3800280619451, -21.6185624682524)"
2021,490,Excluded,NA,NA,NA,NA,"c(43.6268134231236, -22.0635393202806)"
2021,491,Treatment,555697877,2008,V,0.25716001609240646,"c(43.6615105311883, -21.5912961789296)"
2021,492,Treatment,555697877,2008,V,8.793733151140103,"c(43.9058281435533, -22.0988477526319)"
2021,493,Control,NA,NA,NA,NA,"c(44.4511381363437, -22.3429887101762)"
2021,494,Excluded,NA,NA,NA,NA,"c(44.5224774867392, -22.9456129800019)"
2021,495,Control,NA,NA,NA,NA,"c(44.3410754480029, -22.8624586769105)"
2021,496,Control,NA,NA,NA,NA,"c(44.9564324172156, -22.8954970370425)"
2021,497,Control,NA,NA,NA,NA,"c(43.6292982062752, -22.6505030743264)"
2021,498,Excluded,NA,NA,NA,NA,"c(43.3745982614979, -22.826851802764)"
2021,499,Treatment,555549460,2008,Not Reported,0,"c(43.6299000373391, -23.2032650680349)"
2021,500,Excluded,NA,NA,NA,NA,"c(43.7543506733943, -23.3715069191003)"
2021,501,Excluded,NA,NA,NA,NA,"c(43.7659531140354, -23.4122981705661)"
2021,502,Control,NA,NA,NA,NA,"c(44.8379208571337, -23.5031414318339)"
2021,503,Control,NA,NA,NA,NA,"c(44.2390262067234, -23.350058394622)"
2021,504,Control,NA,NA,NA,NA,"c(44.7192766278835, -23.5540613926747)"
2021,505,Excluded,NA,NA,NA,NA,"c(44.6199504475986, -23.6132272922134)"
2021,506,Control,NA,NA,NA,NA,"c(44.8177258170758, -23.8658780413079)"
2021,507,Excluded,NA,NA,NA,NA,"c(44.7971808680858, -24.6892497984755)"
2021,508,Control,NA,NA,NA,NA,"c(44.8920951672394, -24.0711081180848)"
2021,509,Control,NA,NA,NA,NA,"c(44.4934523934292, -24.1387801940066)"
2021,510,Control,NA,NA,NA,NA,"c(44.524252656886, -24.3775179925306)"
2021,511,Control,NA,NA,NA,NA,"c(44.7058133126219, -24.5901019750953)"
2021,512,Control,NA,NA,NA,NA,"c(44.9684580405297, -24.6199825698322)"
2021,513,Excluded,NA,NA,NA,NA,"c(46.0751590342083, -25.1769008938988)"
2021,514,Excluded,NA,NA,NA,NA,"c(46.0825956493038, -25.1805330949807)"
2021,515,Excluded,NA,NA,NA,NA,"c(46.0121801966106, -25.2573211580724)"
2021,516,Treatment,555549452,2015,Not Reported,0,"c(46.1982933469835, -25.0751821654833)"
2021,517,Control,NA,NA,NA,NA,"c(46.1190411617647, -25.2160290561916)"
2021,518,Control,NA,NA,NA,NA,"c(45.6045391531521, -24.5569574029305)"
2021,519,Control,NA,NA,NA,NA,"c(45.3932395270871, -24.7788353802333)"
2021,520,Control,NA,NA,NA,NA,"c(45.9024670386072, -24.6458991118585)"
2021,521,Treatment,555549450,2018,Not Reported,6.257887868286746,"c(45.7562318067555, -24.6933216664872)"
2021,522,Control,NA,NA,NA,NA,"c(45.8476340894047, -25.2137478506608)"
2021,523,Treatment,555549450,2018,Not Reported,7.898230107683437,"c(45.8499054365632, -25.1152245045436)"
2021,524,Control,NA,NA,NA,NA,"c(46.0170492343557, -25.1885756576807)"
2021,525,Excluded,NA,NA,NA,NA,"c(45.3287659637049, -24.2352667112358)"
2021,526,Control,NA,NA,NA,NA,"c(45.2175953007579, -24.0978053176552)"
2021,527,Control,NA,NA,NA,NA,"c(45.7346521460931, -24.1780061048073)"
2021,528,Control,NA,NA,NA,NA,"c(45.3738697025133, -24.1512533679275)"
2021,529,Control,NA,NA,NA,NA,"c(45.2206662344863, -24.3365567006698)"
2021,530,Control,NA,NA,NA,NA,"c(45.3384166181505, -24.4634440274471)"
2021,531,Control,NA,NA,NA,NA,"c(45.4435603205383, -24.4165873111677)"
2021,532,Control,NA,NA,NA,NA,"c(44.9008592448674, -25.0899068579737)"
2021,533,Control,NA,NA,NA,NA,"c(45.0600224613047, -24.7834589317996)"
2021,534,Control,NA,NA,NA,NA,"c(45.2675133416377, -25.1072680132489)"
2021,535,Treatment,555549449,2015,Not Reported,1.509901178584514,"c(44.6262784785922, -25.1960368449047)"
2021,536,Control,NA,NA,NA,NA,"c(44.9944864396859, -25.4556489249175)"
2021,537,Control,NA,NA,NA,NA,"c(45.5937567399523, -25.3338772453409)"
2021,538,Control,NA,NA,NA,NA,"c(45.6950245301458, -25.3752876723664)"
2021,539,Control,NA,NA,NA,NA,"c(45.6555696827105, -25.4689116064198)"
2021,540,Control,NA,NA,NA,NA,"c(45.5402755378213, -25.5548038806032)"
2021,541,Excluded,NA,NA,NA,NA,"c(46.983449878353, -25.0164161398503)"
2021,542,Excluded,NA,NA,NA,NA,"c(46.9792231786393, -25.0147404209938)"
2021,543,Control,NA,NA,NA,NA,"c(47.2279102027239, -24.1797289958001)"
2021,544,Treatment,555697878,2008,VI,4.582097420511828,"c(47.0738956789941, -24.404137257118)"
2021,545,Treatment,555697878,2008,VI,0,"c(46.9347038080519, -24.6762169340201)"
2021,546,Excluded,NA,NA,NA,NA,"c(47.079684951073, -24.7461431228688)"
2021,547,Treatment,555697878,2008,VI,5.3353291677159715,"c(46.8579156456547, -24.8384413109646)"
2021,548,Treatment,555697878,2008,VI,1.6115674883763922,"c(46.8693561388692, -24.9636451271743)"
2021,549,Excluded,NA,NA,NA,NA,"c(46.758768219909, -25.0134311409539)"
2021,550,Excluded,NA,NA,NA,NA,"c(46.7726389625396, -25.0922836397913)"
2021,551,Excluded,NA,NA,NA,NA,"c(46.6677753144385, -25.1610827550984)"
2021,552,Excluded,NA,NA,NA,NA,"c(46.1055956388463, -23.2540701218698)"
2021,553,Control,NA,NA,NA,NA,"c(45.7086573314958, -22.894036709754)"
2021,554,Control,NA,NA,NA,NA,"c(45.6702937592855, -23.0291037299557)"
2021,555,Control,NA,NA,NA,NA,"c(45.8796364939977, -23.2747517652295)"
2021,556,Control,NA,NA,NA,NA,"c(45.9989382820309, -23.5118407935823)"
2021,557,Control,NA,NA,NA,NA,"c(45.544545334821, -23.544427285585)"
2021,558,Control,NA,NA,NA,NA,"c(45.4803495770101, -23.8202868200235)"
2021,559,Control,NA,NA,NA,NA,"c(45.8155461878284, -24.1371706871737)"
2021,560,Excluded,NA,NA,NA,NA,"c(46.4992219072283, -25.033800056618)"
2021,561,Excluded,NA,NA,NA,NA,"c(46.3228759327815, -25.086378669003)"
2021,562,Treatment,555697899,2015,VI,2.5077760465644405,"c(46.3315345081721, -24.2304805251803)"
2021,563,Control,NA,NA,NA,NA,"c(46.7188097871696, -24.3482771825242)"
2021,564,Control,NA,NA,NA,NA,"c(45.9568252188482, -24.2581817835626)"
2021,565,Treatment,2303,2015,II,1.2644992067172458,"c(46.6550344248744, -24.6370806905853)"
2021,566,Treatment,555549451,2017,Not Reported,7.380664946562657,"c(46.2818539238531, -24.6007045072115)"
2021,567,Excluded,NA,NA,NA,NA,"c(46.4267682751605, -25.1267786481924)"
2021,568,Excluded,NA,NA,NA,NA,"c(44.2786359051997, -20.3048911123994)"
2021,569,Excluded,NA,NA,NA,NA,"c(44.2741800659884, -20.2969461013319)"
2021,570,Excluded,NA,NA,NA,NA,"c(44.2684660563705, -20.3241909460548)"
2021,571,Excluded,NA,NA,NA,NA,"c(44.3205433412217, -20.2594731118014)"
2021,572,Control,NA,NA,NA,NA,"c(44.3514600886193, -20.4625311492156)"
2021,573,Control,NA,NA,NA,NA,"c(44.4343186856916, -20.487442182733)"
2021,574,Control,NA,NA,NA,NA,"c(45.0796646971558, -18.3576411443112)"
2021,576,Control,NA,NA,NA,NA,"c(45.4348941894186, -19.5757922323007)"
2021,577,Control,NA,NA,NA,NA,"c(45.4365152393165, -19.7375898823788)"
2021,578,Treatment,555697916,2015,Not Reported,4.981042422462812,"c(45.5264167229379, -20.0242412703792)"
2021,579,Excluded,NA,NA,NA,NA,"c(44.4575534489125, -19.5645382354403)"
2021,580,Treatment,555697875,2015,V,7.191970958922359,"c(44.4363663432474, -19.2675244047046)"
2021,581,Excluded,NA,NA,NA,NA,"c(44.7474690802819, -19.6431671654681)"
2021,582,Excluded,NA,NA,NA,NA,"c(44.7382519423302, -19.7230134368909)"
2021,583,Control,NA,NA,NA,NA,"c(45.1047460713706, -19.7973496032928)"
2021,584,Excluded,NA,NA,NA,NA,"c(44.6615298317176, -20.3706578493172)"
2021,585,Excluded,NA,NA,NA,NA,"c(44.7429219700166, -20.2403361520652)"
2021,586,Excluded,NA,NA,NA,NA,"c(44.6003037246184, -20.2738907870535)"
2021,587,Control,NA,NA,NA,NA,"c(44.8302062947464, -20.4061201486451)"
2021,588,Control,NA,NA,NA,NA,"c(45.374560858588, -20.6201864185038)"
2021,589,Control,NA,NA,NA,NA,"c(45.7017453197613, -20.3925896653156)"
2021,590,Control,NA,NA,NA,NA,"c(45.034611247934, -20.912619264716)"
2021,591,Excluded,NA,NA,NA,NA,"c(44.3862367565387, -21.4086902279285)"
2021,592,Excluded,NA,NA,NA,NA,"c(44.1373295262197, -21.0318473966671)"
2021,593,Treatment,555697877,2008,V,0,"c(43.9241809662112, -21.7078784204152)"
2021,594,Control,NA,NA,NA,NA,"c(44.0982912667906, -21.341545452181)"
2021,595,Excluded,NA,NA,NA,NA,"c(49.2790508776603, -12.3041367104745)"
2021,596,Excluded,NA,NA,NA,NA,"c(49.2857659886548, -12.2787250592364)"
2021,597,Excluded,NA,NA,NA,NA,"c(49.284122450451, -12.3001631170035)"
2021,598,Excluded,NA,NA,NA,NA,"c(49.2881067942452, -12.3029281099146)"
2021,599,Excluded,NA,NA,NA,NA,"c(49.2866795407069, -12.2977240231562)"
2021,600,Treatment,555697918,2011,II,2.2348515814630057,"c(49.2554760888723, -11.9910170229762)"
2021,601,Excluded,NA,NA,NA,NA,"c(49.212629081575, -12.4959829455794)"
2021,602,Excluded,NA,NA,NA,NA,"c(49.3161308712847, -12.5724331158499)"
2021,603,Treatment,5022,2015,II,10.00287448877146,"c(49.3060462511771, -12.6819399339245)"
2021,604,Treatment,555697910,2015,V,0,"c(49.3026772313705, -12.9096116182218)"
2021,605,Excluded,NA,NA,NA,NA,"c(49.0608462486659, -13.1791835218159)"
2021,606,Excluded,NA,NA,NA,NA,"c(49.0524091468862, -13.1933698955579)"
2021,607,Treatment,5024,2015,IV,9.471383926592452,"c(49.0091772079243, -13.0916693772676)"
2021,608,Treatment,555697910,2015,V,0,"c(49.3016438284287, -13.0930154338141)"
2021,609,Treatment,555697910,2015,V,6.794302238905839,"c(49.1889432546337, -13.2414267548759)"
2021,610,Control,NA,NA,NA,NA,"c(48.953439541463, -13.1694754534747)"
2021,611,Control,NA,NA,NA,NA,"c(48.8690985550564, -13.3137081870956)"
2021,612,Treatment,555697895,2015,V,4.475653423188357,"c(48.85696623925, -13.5030292040588)"
2021,613,Treatment,5024,2015,IV,9.917743730282446,"c(48.9873189774819, -13.0914091370666)"
2021,614,Excluded,NA,NA,NA,NA,"c(48.2636530597909, -13.3919232894154)"
2021,615,Excluded,NA,NA,NA,NA,"c(48.2755759848327, -13.4005797095742)"
2021,616,Excluded,NA,NA,NA,NA,"c(48.1932290851403, -13.3451635660048)"
2021,617,Excluded,NA,NA,NA,NA,"c(48.1995735864091, -13.3840475717119)"
2021,618,Excluded,NA,NA,NA,NA,"c(48.4502860466466, -13.6503183346879)"
2021,619,Excluded,NA,NA,NA,NA,"c(48.4567715666462, -13.6760533190109)"
2021,620,Treatment,555697894,2015,V,8.654092010384385,"c(48.1540696110619, -13.80154122411)"
2021,621,Control,NA,NA,NA,NA,"c(48.360932628041, -13.5986043492004)"
2021,622,Treatment,555697894,2015,V,0,"c(48.0624076839881, -13.9382647087541)"
2021,623,Treatment,555697894,2015,V,0,"c(48.0721732525725, -13.8439091828818)"
2021,624,Control,NA,NA,NA,NA,"c(48.3265498383166, -13.8016662897141)"
2021,625,Control,NA,NA,NA,NA,"c(48.6285767702577, -14.0356605676293)"
2021,626,Excluded,NA,NA,NA,NA,"c(50.1452123874668, -14.2758174303121)"
2021,627,Excluded,NA,NA,NA,NA,"c(50.1313050642656, -14.2504010982257)"
2021,628,Control,NA,NA,NA,NA,"c(50.1255900661376, -13.8970051840865)"
2021,629,Treatment,555697893,2015,VI,7.424758265380007,"c(50.1142363485974, -14.0658613394344)"
2021,630,Control,NA,NA,NA,NA,"c(49.8057915059356, -14.1300271556165)"
2021,631,Treatment,555697907,2015,VI,9.642440293302366,"c(49.5458450185665, -14.0734041775317)"
2021,632,Treatment,555697893,2015,VI,9.310954884744483,"c(49.8116057229556, -14.1390841165394)"
2021,633,Excluded,NA,NA,NA,NA,"c(49.957159197499, -14.3309854837615)"
2021,634,Control,NA,NA,NA,NA,"c(50.0143263173565, -14.3308079616678)"
2021,635,Excluded,NA,NA,NA,NA,"c(49.8648080108332, -14.5205395599756)"
2021,636,Control,NA,NA,NA,NA,"c(50.0515188112249, -14.4987567502384)"
2021,637,Excluded,NA,NA,NA,NA,"c(49.9999416908474, -13.3621630936563)"
2021,638,Treatment,555697908,2015,V,0,"c(49.587646334341, -12.8615954518889)"
2021,639,Treatment,555697871,2015,Not Reported,8.84042836541269,"c(49.6135603995717, -13.4788718073304)"
2021,640,Control,NA,NA,NA,NA,"c(50.0074245489563, -13.6967410964772)"
2021,641,Treatment,555697907,2015,VI,0,"c(49.5190221637086, -13.7535742608176)"
2021,642,Control,NA,NA,NA,NA,"c(49.9315934412016, -13.8298386466548)"
2021,643,Control,NA,NA,NA,NA,"c(49.9411454365103, -13.9265351669431)"
2021,644,Excluded,NA,NA,NA,NA,"c(49.6589101436118, -14.6484033029763)"
2021,645,Excluded,NA,NA,NA,NA,"c(49.5016076847202, -14.3644133765042)"
2021,646,Excluded,NA,NA,NA,NA,"c(49.6248380784248, -14.5773577360618)"
2021,647,Excluded,NA,NA,NA,NA,"c(49.5472103714861, -14.570323351245)"
2021,648,Excluded,NA,NA,NA,NA,"c(49.5535687095151, -14.6285989018676)"
2021,649,Excluded,NA,NA,NA,NA,"c(49.8118274953708, -14.8204683788673)"
2021,650,Excluded,NA,NA,NA,NA,"c(50.2239285062867, -14.8746661097082)"
2021,651,Excluded,NA,NA,NA,NA,"c(50.26582233539, -14.9187251888368)"
2021,652,Excluded,NA,NA,NA,NA,"c(50.3003825041167, -14.9693225364339)"
2021,653,Control,NA,NA,NA,NA,"c(50.125888603105, -14.5886543520876)"
2021,654,Control,NA,NA,NA,NA,"c(50.0316875879655, -14.8149947981943)"
2021,655,Control,NA,NA,NA,NA,"c(50.1744140402258, -14.9801237883736)"
2021,656,Excluded,NA,NA,NA,NA,"c(49.9600826341564, -15.1795136361204)"
2021,657,Excluded,NA,NA,NA,NA,"c(50.360668016083, -15.4181102081513)"
